WARNING: A terminally deprecated method in sun.misc.Unsafe has been called
WARNING: sun.misc.Unsafe::staticFieldBase has been called by com.google.inject.internal.aop.HiddenClassDefiner (file:/opt/homebrew/Cellar/maven/3.9.11/libexec/lib/guice-5.1.0-classes.jar)
WARNING: Please consider reporting this to the maintainers of class com.google.inject.internal.aop.HiddenClassDefiner
WARNING: sun.misc.Unsafe::staticFieldBase will be removed in a future release
[INFO] Scanning for projects...
[INFO] 
[INFO] --------------------< cl.duoc:pethome-user-service >--------------------
[INFO] Building pethome-user-service 0.0.1-SNAPSHOT
[INFO]   from pom.xml
[INFO] --------------------------------[ jar ]---------------------------------
[INFO] 
[INFO] >>> spring-boot:3.5.5:run (default-cli) > test-compile @ pethome-user-service >>>
[INFO] 
[INFO] --- resources:3.3.1:resources (default-resources) @ pethome-user-service ---
[INFO] Copying 1 resource from src/main/resources to target/classes
[INFO] Copying 1 resource from src/main/resources to target/classes
[INFO] 
[INFO] --- compiler:3.14.0:compile (default-compile) @ pethome-user-service ---
[INFO] Nothing to compile - all classes are up to date.
[INFO] 
[INFO] --- resources:3.3.1:testResources (default-testResources) @ pethome-user-service ---
[INFO] skip non existing resourceDirectory /Users/stywan1/Downloads/pethome-backend/pethome-user-service/src/test/resources
[INFO] 
[INFO] --- compiler:3.14.0:testCompile (default-testCompile) @ pethome-user-service ---
[INFO] Nothing to compile - all classes are up to date.
[INFO] 
[INFO] <<< spring-boot:3.5.5:run (default-cli) < test-compile @ pethome-user-service <<<
[INFO] 
[INFO] 
[INFO] --- spring-boot:3.5.5:run (default-cli) @ pethome-user-service ---
[INFO] Attaching agents: []

  .   ____          _            __ _ _
 /\\ / ___'_ __ _ _(_)_ __  __ _ \ \ \ \
( ( )\___ | '_ | '_| | '_ \/ _` | \ \ \ \
 \\/  ___)| |_)| | | | | || (_| |  ) ) ) )
  '  |____| .__|_| |_|_| |_\__, | / / / /
 =========|_|==============|___/=/_/_/_/

 :: Spring Boot ::                (v3.5.5)

2025-11-17 19:41:53 - Starting PethomeUserServiceApplication using Java 25.0.1 with PID 79893 (/Users/stywan1/Downloads/pethome-backend/pethome-user-service/target/classes started by stywan1 in /Users/stywan1/Downloads/pethome-backend/pethome-user-service)
2025-11-17 19:41:53 - Running with Spring Boot v3.5.5, Spring v6.2.10
2025-11-17 19:41:53 - The following 1 profile is active: "docker"
2025-11-17 19:41:53 - Fetching config from server at : http://localhost:8888
2025-11-17 19:41:53 - Located environment: name=pethome-user-service, profiles=[default], label=null, version=null, state=null
2025-11-17 19:41:53 - Fetching config from server at : http://localhost:8888
2025-11-17 19:41:53 - Located environment: name=pethome-user-service, profiles=[docker], label=null, version=null, state=null
2025-11-17 19:41:54 - Bootstrapping Spring Data JPA repositories in DEFAULT mode.
2025-11-17 19:41:54 - Finished Spring Data repository scanning in 104 ms. Found 2 JPA repository interfaces.
2025-11-17 19:41:54 - BeanFactory id=9267c286-c679-3402-b5c9-29c68c1526c2
2025-11-17 19:41:55 - Tomcat initialized with port 8081 (http)
2025-11-17 19:41:55 - Starting service [Tomcat]
2025-11-17 19:41:55 - Starting Servlet engine: [Apache Tomcat/10.1.44]
2025-11-17 19:41:55 - Initializing Spring embedded WebApplicationContext
2025-11-17 19:41:55 - Root WebApplicationContext: initialization completed in 1234 ms
2025-11-17 19:41:55 - HHH000204: Processing PersistenceUnitInfo [name: default]
2025-11-17 19:41:55 - HHH000412: Hibernate ORM core version 6.6.26.Final
2025-11-17 19:41:55 - HHH000026: Second-level cache disabled
2025-11-17 19:41:55 - No LoadTimeWeaver setup: ignoring JPA class transformer
2025-11-17 19:41:55 - HikariPool-1 - Starting...
2025-11-17 19:41:57 - HikariPool-1 - Added connection org.postgresql.jdbc.PgConnection@31de8099
2025-11-17 19:41:57 - HikariPool-1 - Start completed.
2025-11-17 19:41:57 - HHH90000025: PostgreSQLDialect does not need to be specified explicitly using 'hibernate.dialect' (remove the property setting and it will be selected by default)
2025-11-17 19:41:58 - HHH10001005: Database info:
	Database JDBC URL [Connecting through datasource 'HikariDataSource (HikariPool-1)']
	Database driver: undefined/unknown
	Database version: 17.4
	Autocommit mode: undefined/unknown
	Isolation level: undefined/unknown
	Minimum pool size: undefined/unknown
	Maximum pool size: undefined/unknown
2025-11-17 19:41:58 - HHH000489: No JTA platform available (set 'hibernate.transaction.jta.platform' to enable JTA platform integration)
2025-11-17 19:42:00 - Initialized JPA EntityManagerFactory for persistence unit 'default'
2025-11-17 19:42:00 - Filter 'jwtAuthenticationFilter' configured for use
2025-11-17 19:42:00 - Creating BCryptPasswordEncoder bean
2025-11-17 19:42:00 - spring.jpa.open-in-view is enabled by default. Therefore, database queries may be performed during view rendering. Explicitly configure spring.jpa.open-in-view to disable this warning
2025-11-17 19:42:00 - Exposing 3 endpoints beneath base path '/actuator'
2025-11-17 19:42:01 - Creating DaoAuthenticationProvider bean
2025-11-17 19:42:01 - DaoAuthenticationProvider configured with CustomUserDetailsService and BCryptPasswordEncoder
2025-11-17 19:42:01 - Global AuthenticationManager configured with AuthenticationProvider bean with name authenticationProvider
2025-11-17 19:42:01 - Global AuthenticationManager configured with an AuthenticationProvider bean. UserDetailsService beans will not be used by Spring Security for automatically configuring username/password login. Consider removing the AuthenticationProvider bean. Alternatively, consider using the UserDetailsService in a manually instantiated DaoAuthenticationProvider. If the current configuration is intentional, to turn off this warning, increase the logging level of 'org.springframework.security.config.annotation.authentication.configuration.InitializeUserDetailsBeanManagerConfigurer' to ERROR
2025-11-17 19:42:01 - Configuring security filter chain
2025-11-17 19:42:01 - Security filter chain configured successfully
2025-11-17 19:42:01 - Creating AuthenticationManager bean
2025-11-17 19:42:01 - Eureka HTTP Client uses RestTemplate.
2025-11-17 19:42:01 - Spring Cloud LoadBalancer is currently working with the default cache. While this cache implementation is useful for development and tests, it's recommended to use Caffeine cache in production.You can switch to using Caffeine cache, by adding it and org.springframework.cache.caffeine.CaffeineCacheManager to the classpath.
2025-11-17 19:42:01 - Setting initial instance status as: STARTING
2025-11-17 19:42:01 - Initializing Eureka in region us-east-1
2025-11-17 19:42:01 - Resolving eureka endpoints via configuration
2025-11-17 19:42:01 - Disable delta property : false
2025-11-17 19:42:01 - Single vip registry refresh property : null
2025-11-17 19:42:01 - Force full registry fetch : false
2025-11-17 19:42:01 - Application is null : false
2025-11-17 19:42:01 - Registered Applications size is zero : true
2025-11-17 19:42:01 - Application version is -1: true
2025-11-17 19:42:01 - Getting all instance registry info from the eureka server
2025-11-17 19:42:01 - The response status is 200
2025-11-17 19:42:01 - Starting heartbeat executor: renew interval is: 30
2025-11-17 19:42:01 - InstanceInfoReplicator onDemand update allowed rate per min is 4
2025-11-17 19:42:01 - Discovery Client initialized at timestamp 1763419321698 with initial instances count: 1
2025-11-17 19:42:01 - Registering application PETHOME-USER-SERVICE with eureka with status UP
2025-11-17 19:42:01 - Saw local status change event StatusChangeEvent [timestamp=1763419321705, current=UP, previous=STARTING]
2025-11-17 19:42:01 - DiscoveryClient_PETHOME-USER-SERVICE/10.31.51.176:pethome-user-service:8081: registering service...
2025-11-17 19:42:01 - Tomcat started on port 8081 (http) with context path '/'
2025-11-17 19:42:01 - Updating port to 8081
2025-11-17 19:42:01 - Started PethomeUserServiceApplication in 8.507 seconds (process running for 8.908)
2025-11-17 19:42:01 - DiscoveryClient_PETHOME-USER-SERVICE/10.31.51.176:pethome-user-service:8081 - registration status: 204
2025-11-17 19:45:40 - Initializing Spring DispatcherServlet 'dispatcherServlet'
2025-11-17 19:45:40 - Initializing Servlet 'dispatcherServlet'
2025-11-17 19:45:40 - Completed initialization in 72 ms
2025-11-17 19:45:40 - No JWT token found in request headers
2025-11-17 19:45:40 - No JWT token found in request headers
2025-11-17 19:45:40 - No JWT token found in request headers
2025-11-17 19:45:40 - No JWT token found in request headers
2025-11-17 19:45:40 - No JWT token found in request headers
2025-11-17 19:45:40 - Unauthorized error: Full authentication is required to access this resource - Path: /users/7
2025-11-17 19:45:40 - Unauthorized error: Full authentication is required to access this resource - Path: /users/5
2025-11-17 19:45:40 - Unauthorized error: Full authentication is required to access this resource - Path: /users/6
2025-11-17 19:45:40 - Unauthorized error: Full authentication is required to access this resource - Path: /users/3
2025-11-17 19:45:40 - Unauthorized error: Full authentication is required to access this resource - Path: /users/4
2025-11-17 19:45:40 - Authentication error details: {path=/users/7, error=Unauthorized, message=Full authentication is required to access this resource, timestamp=2025-11-17T19:45:40.510951, status=401}
2025-11-17 19:45:40 - Authentication error details: {path=/users/6, error=Unauthorized, message=Full authentication is required to access this resource, timestamp=2025-11-17T19:45:40.511274, status=401}
2025-11-17 19:45:40 - Authentication error details: {path=/users/5, error=Unauthorized, message=Full authentication is required to access this resource, timestamp=2025-11-17T19:45:40.510952, status=401}
2025-11-17 19:45:40 - Authentication error details: {path=/users/3, error=Unauthorized, message=Full authentication is required to access this resource, timestamp=2025-11-17T19:45:40.511346, status=401}
2025-11-17 19:45:40 - Authentication error details: {path=/users/4, error=Unauthorized, message=Full authentication is required to access this resource, timestamp=2025-11-17T19:45:40.511371, status=401}
2025-11-17 19:45:40 - Unauthorized response sent successfully
2025-11-17 19:45:40 - Unauthorized response sent successfully
2025-11-17 19:45:40 - Unauthorized response sent successfully
2025-11-17 19:45:40 - Unauthorized response sent successfully
2025-11-17 19:45:40 - Unauthorized response sent successfully
2025-11-17 19:45:41 - No JWT token found in request headers
2025-11-17 19:45:41 - No JWT token found in request headers
2025-11-17 19:45:41 - No JWT token found in request headers
2025-11-17 19:45:41 - No JWT token found in request headers
2025-11-17 19:45:41 - No JWT token found in request headers
2025-11-17 19:45:41 - Unauthorized error: Full authentication is required to access this resource - Path: /users/6
2025-11-17 19:45:41 - Unauthorized error: Full authentication is required to access this resource - Path: /users/5
2025-11-17 19:45:41 - Unauthorized error: Full authentication is required to access this resource - Path: /users/3
2025-11-17 19:45:41 - Unauthorized error: Full authentication is required to access this resource - Path: /users/4
2025-11-17 19:45:41 - Unauthorized error: Full authentication is required to access this resource - Path: /users/7
2025-11-17 19:45:41 - Authentication error details: {path=/users/5, error=Unauthorized, message=Full authentication is required to access this resource, timestamp=2025-11-17T19:45:41.847858, status=401}
2025-11-17 19:45:41 - Authentication error details: {path=/users/6, error=Unauthorized, message=Full authentication is required to access this resource, timestamp=2025-11-17T19:45:41.847856, status=401}
2025-11-17 19:45:41 - Authentication error details: {path=/users/4, error=Unauthorized, message=Full authentication is required to access this resource, timestamp=2025-11-17T19:45:41.847908, status=401}
2025-11-17 19:45:41 - Authentication error details: {path=/users/3, error=Unauthorized, message=Full authentication is required to access this resource, timestamp=2025-11-17T19:45:41.847856, status=401}
2025-11-17 19:45:41 - Authentication error details: {path=/users/7, error=Unauthorized, message=Full authentication is required to access this resource, timestamp=2025-11-17T19:45:41.847973, status=401}
2025-11-17 19:45:41 - Unauthorized response sent successfully
2025-11-17 19:45:41 - Unauthorized response sent successfully
2025-11-17 19:45:41 - Unauthorized response sent successfully
2025-11-17 19:45:41 - Unauthorized response sent successfully
2025-11-17 19:45:41 - Unauthorized response sent successfully
2025-11-17 19:45:42 - No JWT token found in request headers
2025-11-17 19:45:42 - No JWT token found in request headers
2025-11-17 19:45:42 - No JWT token found in request headers
2025-11-17 19:45:42 - No JWT token found in request headers
2025-11-17 19:45:42 - No JWT token found in request headers
2025-11-17 19:45:43 - Unauthorized error: Full authentication is required to access this resource - Path: /users/7
2025-11-17 19:45:43 - Unauthorized error: Full authentication is required to access this resource - Path: /users/5
2025-11-17 19:45:43 - Unauthorized error: Full authentication is required to access this resource - Path: /users/4
2025-11-17 19:45:43 - Unauthorized error: Full authentication is required to access this resource - Path: /users/3
2025-11-17 19:45:43 - Unauthorized error: Full authentication is required to access this resource - Path: /users/6
2025-11-17 19:45:43 - Authentication error details: {path=/users/4, error=Unauthorized, message=Full authentication is required to access this resource, timestamp=2025-11-17T19:45:43.001416, status=401}
2025-11-17 19:45:43 - Authentication error details: {path=/users/3, error=Unauthorized, message=Full authentication is required to access this resource, timestamp=2025-11-17T19:45:43.001485, status=401}
2025-11-17 19:45:43 - Authentication error details: {path=/users/5, error=Unauthorized, message=Full authentication is required to access this resource, timestamp=2025-11-17T19:45:43.001360, status=401}
2025-11-17 19:45:43 - Authentication error details: {path=/users/7, error=Unauthorized, message=Full authentication is required to access this resource, timestamp=2025-11-17T19:45:43.001375, status=401}
2025-11-17 19:45:43 - Authentication error details: {path=/users/6, error=Unauthorized, message=Full authentication is required to access this resource, timestamp=2025-11-17T19:45:43.001579, status=401}
2025-11-17 19:45:43 - Unauthorized response sent successfully
2025-11-17 19:45:43 - Unauthorized response sent successfully
2025-11-17 19:45:43 - Unauthorized response sent successfully
2025-11-17 19:45:43 - Unauthorized response sent successfully
2025-11-17 19:45:43 - Unauthorized response sent successfully
2025-11-17 19:45:44 - No JWT token found in request headers
2025-11-17 19:45:44 - No JWT token found in request headers
2025-11-17 19:45:44 - No JWT token found in request headers
2025-11-17 19:45:44 - No JWT token found in request headers
2025-11-17 19:45:44 - No JWT token found in request headers
2025-11-17 19:45:44 - Unauthorized error: Full authentication is required to access this resource - Path: /users/4
2025-11-17 19:45:44 - Unauthorized error: Full authentication is required to access this resource - Path: /users/6
2025-11-17 19:45:44 - Unauthorized error: Full authentication is required to access this resource - Path: /users/3
2025-11-17 19:45:44 - Unauthorized error: Full authentication is required to access this resource - Path: /users/5
2025-11-17 19:45:44 - Unauthorized error: Full authentication is required to access this resource - Path: /users/7
2025-11-17 19:45:44 - Authentication error details: {path=/users/6, error=Unauthorized, message=Full authentication is required to access this resource, timestamp=2025-11-17T19:45:44.151653, status=401}
2025-11-17 19:45:44 - Authentication error details: {path=/users/7, error=Unauthorized, message=Full authentication is required to access this resource, timestamp=2025-11-17T19:45:44.151604, status=401}
2025-11-17 19:45:44 - Authentication error details: {path=/users/3, error=Unauthorized, message=Full authentication is required to access this resource, timestamp=2025-11-17T19:45:44.151603, status=401}
2025-11-17 19:45:44 - Authentication error details: {path=/users/4, error=Unauthorized, message=Full authentication is required to access this resource, timestamp=2025-11-17T19:45:44.151604, status=401}
2025-11-17 19:45:44 - Authentication error details: {path=/users/5, error=Unauthorized, message=Full authentication is required to access this resource, timestamp=2025-11-17T19:45:44.151603, status=401}
2025-11-17 19:45:44 - Unauthorized response sent successfully
2025-11-17 19:45:44 - Unauthorized response sent successfully
2025-11-17 19:45:44 - Unauthorized response sent successfully
2025-11-17 19:45:44 - Unauthorized response sent successfully
2025-11-17 19:45:44 - Unauthorized response sent successfully
2025-11-17 19:45:45 - No JWT token found in request headers
2025-11-17 19:45:45 - No JWT token found in request headers
2025-11-17 19:45:45 - No JWT token found in request headers
2025-11-17 19:45:45 - No JWT token found in request headers
2025-11-17 19:45:45 - No JWT token found in request headers
2025-11-17 19:45:45 - Unauthorized error: Full authentication is required to access this resource - Path: /users/6
2025-11-17 19:45:45 - Unauthorized error: Full authentication is required to access this resource - Path: /users/3
2025-11-17 19:45:45 - Authentication error details: {path=/users/6, error=Unauthorized, message=Full authentication is required to access this resource, timestamp=2025-11-17T19:45:45.310840, status=401}
2025-11-17 19:45:45 - Unauthorized error: Full authentication is required to access this resource - Path: /users/7
2025-11-17 19:45:45 - Authentication error details: {path=/users/7, error=Unauthorized, message=Full authentication is required to access this resource, timestamp=2025-11-17T19:45:45.310943, status=401}
2025-11-17 19:45:45 - Unauthorized error: Full authentication is required to access this resource - Path: /users/4
2025-11-17 19:45:45 - Authentication error details: {path=/users/4, error=Unauthorized, message=Full authentication is required to access this resource, timestamp=2025-11-17T19:45:45.311103, status=401}
2025-11-17 19:45:45 - Unauthorized error: Full authentication is required to access this resource - Path: /users/5
2025-11-17 19:45:45 - Authentication error details: {path=/users/3, error=Unauthorized, message=Full authentication is required to access this resource, timestamp=2025-11-17T19:45:45.311061, status=401}
2025-11-17 19:45:45 - Authentication error details: {path=/users/5, error=Unauthorized, message=Full authentication is required to access this resource, timestamp=2025-11-17T19:45:45.311238, status=401}
2025-11-17 19:45:45 - Unauthorized response sent successfully
2025-11-17 19:45:45 - Unauthorized response sent successfully
2025-11-17 19:45:45 - Unauthorized response sent successfully
2025-11-17 19:45:45 - Unauthorized response sent successfully
2025-11-17 19:45:45 - Unauthorized response sent successfully
2025-11-17 19:45:46 - No JWT token found in request headers
2025-11-17 19:45:46 - No JWT token found in request headers
2025-11-17 19:45:46 - No JWT token found in request headers
2025-11-17 19:45:46 - No JWT token found in request headers
2025-11-17 19:45:46 - Unauthorized error: Full authentication is required to access this resource - Path: /users/5
2025-11-17 19:45:46 - Authentication error details: {path=/users/5, error=Unauthorized, message=Full authentication is required to access this resource, timestamp=2025-11-17T19:45:46.316253, status=401}
2025-11-17 19:45:46 - Unauthorized error: Full authentication is required to access this resource - Path: /users/4
2025-11-17 19:45:46 - Unauthorized error: Full authentication is required to access this resource - Path: /users/3
2025-11-17 19:45:46 - Unauthorized error: Full authentication is required to access this resource - Path: /users/7
2025-11-17 19:45:46 - Authentication error details: {path=/users/3, error=Unauthorized, message=Full authentication is required to access this resource, timestamp=2025-11-17T19:45:46.316516, status=401}
2025-11-17 19:45:46 - Authentication error details: {path=/users/4, error=Unauthorized, message=Full authentication is required to access this resource, timestamp=2025-11-17T19:45:46.316370, status=401}
2025-11-17 19:45:46 - Authentication error details: {path=/users/7, error=Unauthorized, message=Full authentication is required to access this resource, timestamp=2025-11-17T19:45:46.316628, status=401}
2025-11-17 19:45:46 - Unauthorized response sent successfully
2025-11-17 19:45:46 - Unauthorized response sent successfully
2025-11-17 19:45:46 - Unauthorized response sent successfully
2025-11-17 19:45:46 - Unauthorized response sent successfully
2025-11-17 19:45:46 - No JWT token found in request headers
2025-11-17 19:45:46 - Unauthorized error: Full authentication is required to access this resource - Path: /users/6
2025-11-17 19:45:46 - Authentication error details: {path=/users/6, error=Unauthorized, message=Full authentication is required to access this resource, timestamp=2025-11-17T19:45:46.321282, status=401}
2025-11-17 19:45:46 - Unauthorized response sent successfully
2025-11-17 19:45:47 - No JWT token found in request headers
2025-11-17 19:45:47 - No JWT token found in request headers
2025-11-17 19:45:47 - No JWT token found in request headers
2025-11-17 19:45:47 - No JWT token found in request headers
2025-11-17 19:45:47 - Unauthorized error: Full authentication is required to access this resource - Path: /users/5
2025-11-17 19:45:47 - No JWT token found in request headers
2025-11-17 19:45:47 - Unauthorized error: Full authentication is required to access this resource - Path: /users/3
2025-11-17 19:45:47 - Unauthorized error: Full authentication is required to access this resource - Path: /users/4
2025-11-17 19:45:47 - Authentication error details: {path=/users/5, error=Unauthorized, message=Full authentication is required to access this resource, timestamp=2025-11-17T19:45:47.445790, status=401}
2025-11-17 19:45:47 - Authentication error details: {path=/users/4, error=Unauthorized, message=Full authentication is required to access this resource, timestamp=2025-11-17T19:45:47.446013, status=401}
2025-11-17 19:45:47 - Unauthorized error: Full authentication is required to access this resource - Path: /users/7
2025-11-17 19:45:47 - Authentication error details: {path=/users/7, error=Unauthorized, message=Full authentication is required to access this resource, timestamp=2025-11-17T19:45:47.446174, status=401}
2025-11-17 19:45:47 - Unauthorized error: Full authentication is required to access this resource - Path: /users/6
2025-11-17 19:45:47 - Authentication error details: {path=/users/6, error=Unauthorized, message=Full authentication is required to access this resource, timestamp=2025-11-17T19:45:47.446335, status=401}
2025-11-17 19:45:47 - Authentication error details: {path=/users/3, error=Unauthorized, message=Full authentication is required to access this resource, timestamp=2025-11-17T19:45:47.445968, status=401}
2025-11-17 19:45:47 - Unauthorized response sent successfully
2025-11-17 19:45:47 - Unauthorized response sent successfully
2025-11-17 19:45:47 - Unauthorized response sent successfully
2025-11-17 19:45:47 - Unauthorized response sent successfully
2025-11-17 19:45:47 - Unauthorized response sent successfully
2025-11-17 19:45:48 - No JWT token found in request headers
2025-11-17 19:45:48 - No JWT token found in request headers
2025-11-17 19:45:48 - No JWT token found in request headers
2025-11-17 19:45:48 - Unauthorized error: Full authentication is required to access this resource - Path: /users/4
2025-11-17 19:45:48 - No JWT token found in request headers
2025-11-17 19:45:48 - Authentication error details: {path=/users/4, error=Unauthorized, message=Full authentication is required to access this resource, timestamp=2025-11-17T19:45:48.576727, status=401}
2025-11-17 19:45:48 - Unauthorized error: Full authentication is required to access this resource - Path: /users/6
2025-11-17 19:45:48 - Authentication error details: {path=/users/6, error=Unauthorized, message=Full authentication is required to access this resource, timestamp=2025-11-17T19:45:48.576893, status=401}
2025-11-17 19:45:48 - No JWT token found in request headers
2025-11-17 19:45:48 - Unauthorized error: Full authentication is required to access this resource - Path: /users/5
2025-11-17 19:45:48 - Authentication error details: {path=/users/5, error=Unauthorized, message=Full authentication is required to access this resource, timestamp=2025-11-17T19:45:48.577163, status=401}
2025-11-17 19:45:48 - Unauthorized error: Full authentication is required to access this resource - Path: /users/3
2025-11-17 19:45:48 - Authentication error details: {path=/users/3, error=Unauthorized, message=Full authentication is required to access this resource, timestamp=2025-11-17T19:45:48.577325, status=401}
2025-11-17 19:45:48 - Unauthorized response sent successfully
2025-11-17 19:45:48 - Unauthorized response sent successfully
2025-11-17 19:45:48 - Unauthorized response sent successfully
2025-11-17 19:45:48 - Unauthorized error: Full authentication is required to access this resource - Path: /users/7
2025-11-17 19:45:48 - Unauthorized response sent successfully
2025-11-17 19:45:48 - Authentication error details: {path=/users/7, error=Unauthorized, message=Full authentication is required to access this resource, timestamp=2025-11-17T19:45:48.578501, status=401}
2025-11-17 19:45:48 - Unauthorized response sent successfully
2025-11-17 19:45:49 - No JWT token found in request headers
2025-11-17 19:45:49 - No JWT token found in request headers
2025-11-17 19:45:49 - No JWT token found in request headers
2025-11-17 19:45:49 - No JWT token found in request headers
2025-11-17 19:45:49 - No JWT token found in request headers
2025-11-17 19:45:49 - Unauthorized error: Full authentication is required to access this resource - Path: /users/3
2025-11-17 19:45:49 - Unauthorized error: Full authentication is required to access this resource - Path: /users/5
2025-11-17 19:45:49 - Unauthorized error: Full authentication is required to access this resource - Path: /users/7
2025-11-17 19:45:49 - Unauthorized error: Full authentication is required to access this resource - Path: /users/4
2025-11-17 19:45:49 - Unauthorized error: Full authentication is required to access this resource - Path: /users/6
2025-11-17 19:45:49 - Authentication error details: {path=/users/3, error=Unauthorized, message=Full authentication is required to access this resource, timestamp=2025-11-17T19:45:49.577928, status=401}
2025-11-17 19:45:49 - Authentication error details: {path=/users/7, error=Unauthorized, message=Full authentication is required to access this resource, timestamp=2025-11-17T19:45:49.577936, status=401}
2025-11-17 19:45:49 - Authentication error details: {path=/users/5, error=Unauthorized, message=Full authentication is required to access this resource, timestamp=2025-11-17T19:45:49.577931, status=401}
2025-11-17 19:45:49 - Authentication error details: {path=/users/4, error=Unauthorized, message=Full authentication is required to access this resource, timestamp=2025-11-17T19:45:49.577982, status=401}
2025-11-17 19:45:49 - Authentication error details: {path=/users/6, error=Unauthorized, message=Full authentication is required to access this resource, timestamp=2025-11-17T19:45:49.578011, status=401}
2025-11-17 19:45:49 - Unauthorized response sent successfully
2025-11-17 19:45:49 - Unauthorized response sent successfully
2025-11-17 19:45:49 - Unauthorized response sent successfully
2025-11-17 19:45:49 - Unauthorized response sent successfully
2025-11-17 19:45:49 - Unauthorized response sent successfully
2025-11-17 19:46:02 - No JWT token found in request headers
2025-11-17 19:46:02 - No JWT token found in request headers
2025-11-17 19:46:02 - No JWT token found in request headers
2025-11-17 19:46:02 - No JWT token found in request headers
2025-11-17 19:46:02 - No JWT token found in request headers
2025-11-17 19:46:02 - Unauthorized error: Full authentication is required to access this resource - Path: /users/3
2025-11-17 19:46:02 - Unauthorized error: Full authentication is required to access this resource - Path: /users/5
2025-11-17 19:46:02 - Unauthorized error: Full authentication is required to access this resource - Path: /users/7
2025-11-17 19:46:02 - Unauthorized error: Full authentication is required to access this resource - Path: /users/6
2025-11-17 19:46:02 - Unauthorized error: Full authentication is required to access this resource - Path: /users/4
2025-11-17 19:46:02 - Authentication error details: {path=/users/5, error=Unauthorized, message=Full authentication is required to access this resource, timestamp=2025-11-17T19:46:02.506344, status=401}
2025-11-17 19:46:02 - Authentication error details: {path=/users/7, error=Unauthorized, message=Full authentication is required to access this resource, timestamp=2025-11-17T19:46:02.506344, status=401}
2025-11-17 19:46:02 - Authentication error details: {path=/users/3, error=Unauthorized, message=Full authentication is required to access this resource, timestamp=2025-11-17T19:46:02.506344, status=401}
2025-11-17 19:46:02 - Authentication error details: {path=/users/4, error=Unauthorized, message=Full authentication is required to access this resource, timestamp=2025-11-17T19:46:02.506398, status=401}
2025-11-17 19:46:02 - Authentication error details: {path=/users/6, error=Unauthorized, message=Full authentication is required to access this resource, timestamp=2025-11-17T19:46:02.506382, status=401}
2025-11-17 19:46:02 - Unauthorized response sent successfully
2025-11-17 19:46:02 - Unauthorized response sent successfully
2025-11-17 19:46:02 - Unauthorized response sent successfully
2025-11-17 19:46:02 - Unauthorized response sent successfully
2025-11-17 19:46:02 - Unauthorized response sent successfully
2025-11-17 19:46:03 - No JWT token found in request headers
2025-11-17 19:46:03 - No JWT token found in request headers
2025-11-17 19:46:03 - No JWT token found in request headers
2025-11-17 19:46:03 - No JWT token found in request headers
2025-11-17 19:46:03 - No JWT token found in request headers
2025-11-17 19:46:03 - Unauthorized error: Full authentication is required to access this resource - Path: /users/3
2025-11-17 19:46:03 - Authentication error details: {path=/users/3, error=Unauthorized, message=Full authentication is required to access this resource, timestamp=2025-11-17T19:46:03.520224, status=401}
2025-11-17 19:46:03 - Unauthorized error: Full authentication is required to access this resource - Path: /users/7
2025-11-17 19:46:03 - Unauthorized error: Full authentication is required to access this resource - Path: /users/6
2025-11-17 19:46:03 - Authentication error details: {path=/users/7, error=Unauthorized, message=Full authentication is required to access this resource, timestamp=2025-11-17T19:46:03.520337, status=401}
2025-11-17 19:46:03 - Authentication error details: {path=/users/6, error=Unauthorized, message=Full authentication is required to access this resource, timestamp=2025-11-17T19:46:03.520347, status=401}
2025-11-17 19:46:03 - Unauthorized error: Full authentication is required to access this resource - Path: /users/5
2025-11-17 19:46:03 - Authentication error details: {path=/users/5, error=Unauthorized, message=Full authentication is required to access this resource, timestamp=2025-11-17T19:46:03.520818, status=401}
2025-11-17 19:46:03 - Unauthorized response sent successfully
2025-11-17 19:46:03 - Unauthorized response sent successfully
2025-11-17 19:46:03 - Unauthorized error: Full authentication is required to access this resource - Path: /users/4
2025-11-17 19:46:03 - Authentication error details: {path=/users/4, error=Unauthorized, message=Full authentication is required to access this resource, timestamp=2025-11-17T19:46:03.521, status=401}
2025-11-17 19:46:03 - Unauthorized response sent successfully
2025-11-17 19:46:03 - Unauthorized response sent successfully
2025-11-17 19:46:03 - Unauthorized response sent successfully
2025-11-17 19:46:04 - No JWT token found in request headers
2025-11-17 19:46:04 - No JWT token found in request headers
2025-11-17 19:46:04 - No JWT token found in request headers
2025-11-17 19:46:04 - Unauthorized error: Full authentication is required to access this resource - Path: /users/5
2025-11-17 19:46:04 - No JWT token found in request headers
2025-11-17 19:46:04 - No JWT token found in request headers
2025-11-17 19:46:04 - Unauthorized error: Full authentication is required to access this resource - Path: /users/6
2025-11-17 19:46:04 - Authentication error details: {path=/users/6, error=Unauthorized, message=Full authentication is required to access this resource, timestamp=2025-11-17T19:46:04.523231, status=401}
2025-11-17 19:46:04 - Authentication error details: {path=/users/5, error=Unauthorized, message=Full authentication is required to access this resource, timestamp=2025-11-17T19:46:04.523024, status=401}
2025-11-17 19:46:04 - Unauthorized error: Full authentication is required to access this resource - Path: /users/7
2025-11-17 19:46:04 - Unauthorized error: Full authentication is required to access this resource - Path: /users/4
2025-11-17 19:46:04 - Unauthorized error: Full authentication is required to access this resource - Path: /users/3
2025-11-17 19:46:04 - Authentication error details: {path=/users/4, error=Unauthorized, message=Full authentication is required to access this resource, timestamp=2025-11-17T19:46:04.523509, status=401}
2025-11-17 19:46:04 - Authentication error details: {path=/users/7, error=Unauthorized, message=Full authentication is required to access this resource, timestamp=2025-11-17T19:46:04.523461, status=401}
2025-11-17 19:46:04 - Authentication error details: {path=/users/3, error=Unauthorized, message=Full authentication is required to access this resource, timestamp=2025-11-17T19:46:04.523523, status=401}
2025-11-17 19:46:04 - Unauthorized response sent successfully
2025-11-17 19:46:04 - Unauthorized response sent successfully
2025-11-17 19:46:04 - Unauthorized response sent successfully
2025-11-17 19:46:04 - Unauthorized response sent successfully
2025-11-17 19:46:04 - Unauthorized response sent successfully
2025-11-17 19:46:05 - No JWT token found in request headers
2025-11-17 19:46:05 - No JWT token found in request headers
2025-11-17 19:46:05 - No JWT token found in request headers
2025-11-17 19:46:05 - No JWT token found in request headers
2025-11-17 19:46:05 - No JWT token found in request headers
2025-11-17 19:46:05 - Unauthorized error: Full authentication is required to access this resource - Path: /users/4
2025-11-17 19:46:05 - Unauthorized error: Full authentication is required to access this resource - Path: /users/5
2025-11-17 19:46:05 - Unauthorized error: Full authentication is required to access this resource - Path: /users/6
2025-11-17 19:46:05 - Authentication error details: {path=/users/4, error=Unauthorized, message=Full authentication is required to access this resource, timestamp=2025-11-17T19:46:05.515878, status=401}
2025-11-17 19:46:05 - Authentication error details: {path=/users/6, error=Unauthorized, message=Full authentication is required to access this resource, timestamp=2025-11-17T19:46:05.515906, status=401}
2025-11-17 19:46:05 - Authentication error details: {path=/users/5, error=Unauthorized, message=Full authentication is required to access this resource, timestamp=2025-11-17T19:46:05.515899, status=401}
2025-11-17 19:46:05 - Unauthorized error: Full authentication is required to access this resource - Path: /users/3
2025-11-17 19:46:05 - Authentication error details: {path=/users/3, error=Unauthorized, message=Full authentication is required to access this resource, timestamp=2025-11-17T19:46:05.516120, status=401}
2025-11-17 19:46:05 - Unauthorized error: Full authentication is required to access this resource - Path: /users/7
2025-11-17 19:46:05 - Authentication error details: {path=/users/7, error=Unauthorized, message=Full authentication is required to access this resource, timestamp=2025-11-17T19:46:05.516444, status=401}
2025-11-17 19:46:05 - Unauthorized response sent successfully
2025-11-17 19:46:05 - Unauthorized response sent successfully
2025-11-17 19:46:05 - Unauthorized response sent successfully
2025-11-17 19:46:05 - Unauthorized response sent successfully
2025-11-17 19:46:05 - Unauthorized response sent successfully
2025-11-17 19:46:06 - No JWT token found in request headers
2025-11-17 19:46:06 - No JWT token found in request headers
2025-11-17 19:46:06 - No JWT token found in request headers
2025-11-17 19:46:06 - No JWT token found in request headers
2025-11-17 19:46:06 - No JWT token found in request headers
2025-11-17 19:46:06 - Unauthorized error: Full authentication is required to access this resource - Path: /users/3
2025-11-17 19:46:06 - Unauthorized error: Full authentication is required to access this resource - Path: /users/6
2025-11-17 19:46:06 - Unauthorized error: Full authentication is required to access this resource - Path: /users/7
2025-11-17 19:46:06 - Authentication error details: {path=/users/6, error=Unauthorized, message=Full authentication is required to access this resource, timestamp=2025-11-17T19:46:06.510896, status=401}
2025-11-17 19:46:06 - Unauthorized error: Full authentication is required to access this resource - Path: /users/4
2025-11-17 19:46:06 - Authentication error details: {path=/users/7, error=Unauthorized, message=Full authentication is required to access this resource, timestamp=2025-11-17T19:46:06.510913, status=401}
2025-11-17 19:46:06 - Authentication error details: {path=/users/4, error=Unauthorized, message=Full authentication is required to access this resource, timestamp=2025-11-17T19:46:06.510957, status=401}
2025-11-17 19:46:06 - Authentication error details: {path=/users/3, error=Unauthorized, message=Full authentication is required to access this resource, timestamp=2025-11-17T19:46:06.510885, status=401}
2025-11-17 19:46:06 - Unauthorized error: Full authentication is required to access this resource - Path: /users/5
2025-11-17 19:46:06 - Authentication error details: {path=/users/5, error=Unauthorized, message=Full authentication is required to access this resource, timestamp=2025-11-17T19:46:06.511210, status=401}
2025-11-17 19:46:06 - Unauthorized response sent successfully
2025-11-17 19:46:06 - Unauthorized response sent successfully
2025-11-17 19:46:06 - Unauthorized response sent successfully
2025-11-17 19:46:06 - Unauthorized response sent successfully
2025-11-17 19:46:06 - Unauthorized response sent successfully
2025-11-17 19:46:07 - No JWT token found in request headers
2025-11-17 19:46:07 - No JWT token found in request headers
2025-11-17 19:46:07 - No JWT token found in request headers
2025-11-17 19:46:07 - No JWT token found in request headers
2025-11-17 19:46:07 - No JWT token found in request headers
2025-11-17 19:46:07 - Unauthorized error: Full authentication is required to access this resource - Path: /users/7
2025-11-17 19:46:07 - Unauthorized error: Full authentication is required to access this resource - Path: /users/3
2025-11-17 19:46:07 - Unauthorized error: Full authentication is required to access this resource - Path: /users/5
2025-11-17 19:46:07 - Unauthorized error: Full authentication is required to access this resource - Path: /users/4
2025-11-17 19:46:07 - Authentication error details: {path=/users/7, error=Unauthorized, message=Full authentication is required to access this resource, timestamp=2025-11-17T19:46:07.527425, status=401}
2025-11-17 19:46:07 - Authentication error details: {path=/users/5, error=Unauthorized, message=Full authentication is required to access this resource, timestamp=2025-11-17T19:46:07.527426, status=401}
2025-11-17 19:46:07 - Authentication error details: {path=/users/3, error=Unauthorized, message=Full authentication is required to access this resource, timestamp=2025-11-17T19:46:07.527425, status=401}
2025-11-17 19:46:07 - Unauthorized error: Full authentication is required to access this resource - Path: /users/6
2025-11-17 19:46:07 - Authentication error details: {path=/users/4, error=Unauthorized, message=Full authentication is required to access this resource, timestamp=2025-11-17T19:46:07.527454, status=401}
2025-11-17 19:46:07 - Authentication error details: {path=/users/6, error=Unauthorized, message=Full authentication is required to access this resource, timestamp=2025-11-17T19:46:07.527581, status=401}
2025-11-17 19:46:07 - Unauthorized response sent successfully
2025-11-17 19:46:07 - Unauthorized response sent successfully
2025-11-17 19:46:07 - Unauthorized response sent successfully
2025-11-17 19:46:07 - Unauthorized response sent successfully
2025-11-17 19:46:07 - Unauthorized response sent successfully
2025-11-17 19:46:08 - No JWT token found in request headers
2025-11-17 19:46:08 - No JWT token found in request headers
2025-11-17 19:46:08 - No JWT token found in request headers
2025-11-17 19:46:08 - No JWT token found in request headers
2025-11-17 19:46:08 - No JWT token found in request headers
2025-11-17 19:46:08 - Unauthorized error: Full authentication is required to access this resource - Path: /users/4
2025-11-17 19:46:08 - Unauthorized error: Full authentication is required to access this resource - Path: /users/3
2025-11-17 19:46:08 - Unauthorized error: Full authentication is required to access this resource - Path: /users/6
2025-11-17 19:46:08 - Unauthorized error: Full authentication is required to access this resource - Path: /users/7
2025-11-17 19:46:08 - Unauthorized error: Full authentication is required to access this resource - Path: /users/5
2025-11-17 19:46:08 - Authentication error details: {path=/users/4, error=Unauthorized, message=Full authentication is required to access this resource, timestamp=2025-11-17T19:46:08.581199, status=401}
2025-11-17 19:46:08 - Authentication error details: {path=/users/5, error=Unauthorized, message=Full authentication is required to access this resource, timestamp=2025-11-17T19:46:08.581196, status=401}
2025-11-17 19:46:08 - Authentication error details: {path=/users/7, error=Unauthorized, message=Full authentication is required to access this resource, timestamp=2025-11-17T19:46:08.581197, status=401}
2025-11-17 19:46:08 - Authentication error details: {path=/users/6, error=Unauthorized, message=Full authentication is required to access this resource, timestamp=2025-11-17T19:46:08.581199, status=401}
2025-11-17 19:46:08 - Authentication error details: {path=/users/3, error=Unauthorized, message=Full authentication is required to access this resource, timestamp=2025-11-17T19:46:08.581215, status=401}
2025-11-17 19:46:08 - Unauthorized response sent successfully
2025-11-17 19:46:08 - Unauthorized response sent successfully
2025-11-17 19:46:08 - Unauthorized response sent successfully
2025-11-17 19:46:08 - Unauthorized response sent successfully
2025-11-17 19:46:08 - Unauthorized response sent successfully
2025-11-17 19:46:09 - No JWT token found in request headers
2025-11-17 19:46:09 - No JWT token found in request headers
2025-11-17 19:46:09 - No JWT token found in request headers
2025-11-17 19:46:09 - No JWT token found in request headers
2025-11-17 19:46:09 - No JWT token found in request headers
2025-11-17 19:46:09 - Unauthorized error: Full authentication is required to access this resource - Path: /users/6
2025-11-17 19:46:09 - Unauthorized error: Full authentication is required to access this resource - Path: /users/3
2025-11-17 19:46:09 - Unauthorized error: Full authentication is required to access this resource - Path: /users/5
2025-11-17 19:46:09 - Unauthorized error: Full authentication is required to access this resource - Path: /users/4
2025-11-17 19:46:09 - Unauthorized error: Full authentication is required to access this resource - Path: /users/7
2025-11-17 19:46:09 - Authentication error details: {path=/users/5, error=Unauthorized, message=Full authentication is required to access this resource, timestamp=2025-11-17T19:46:09.851406, status=401}
2025-11-17 19:46:09 - Authentication error details: {path=/users/4, error=Unauthorized, message=Full authentication is required to access this resource, timestamp=2025-11-17T19:46:09.851426, status=401}
2025-11-17 19:46:09 - Authentication error details: {path=/users/7, error=Unauthorized, message=Full authentication is required to access this resource, timestamp=2025-11-17T19:46:09.851459, status=401}
2025-11-17 19:46:09 - Authentication error details: {path=/users/6, error=Unauthorized, message=Full authentication is required to access this resource, timestamp=2025-11-17T19:46:09.851334, status=401}
2025-11-17 19:46:09 - Authentication error details: {path=/users/3, error=Unauthorized, message=Full authentication is required to access this resource, timestamp=2025-11-17T19:46:09.851337, status=401}
2025-11-17 19:46:09 - Unauthorized response sent successfully
2025-11-17 19:46:09 - Unauthorized response sent successfully
2025-11-17 19:46:09 - Unauthorized response sent successfully
2025-11-17 19:46:09 - Unauthorized response sent successfully
2025-11-17 19:46:09 - Unauthorized response sent successfully
2025-11-17 19:46:11 - No JWT token found in request headers
2025-11-17 19:46:11 - No JWT token found in request headers
2025-11-17 19:46:11 - Unauthorized error: Full authentication is required to access this resource - Path: /users/5
2025-11-17 19:46:11 - Authentication error details: {path=/users/5, error=Unauthorized, message=Full authentication is required to access this resource, timestamp=2025-11-17T19:46:11.016606, status=401}
2025-11-17 19:46:11 - Unauthorized error: Full authentication is required to access this resource - Path: /users/3
2025-11-17 19:46:11 - Authentication error details: {path=/users/3, error=Unauthorized, message=Full authentication is required to access this resource, timestamp=2025-11-17T19:46:11.016761, status=401}
2025-11-17 19:46:11 - No JWT token found in request headers
2025-11-17 19:46:11 - Unauthorized response sent successfully
2025-11-17 19:46:11 - No JWT token found in request headers
2025-11-17 19:46:11 - Unauthorized error: Full authentication is required to access this resource - Path: /users/6
2025-11-17 19:46:11 - Unauthorized error: Full authentication is required to access this resource - Path: /users/4
2025-11-17 19:46:11 - Authentication error details: {path=/users/6, error=Unauthorized, message=Full authentication is required to access this resource, timestamp=2025-11-17T19:46:11.018322, status=401}
2025-11-17 19:46:11 - No JWT token found in request headers
2025-11-17 19:46:11 - Unauthorized response sent successfully
2025-11-17 19:46:11 - Authentication error details: {path=/users/4, error=Unauthorized, message=Full authentication is required to access this resource, timestamp=2025-11-17T19:46:11.018359, status=401}
2025-11-17 19:46:11 - Unauthorized response sent successfully
2025-11-17 19:46:11 - Unauthorized response sent successfully
2025-11-17 19:46:11 - Unauthorized error: Full authentication is required to access this resource - Path: /users/7
2025-11-17 19:46:11 - Authentication error details: {path=/users/7, error=Unauthorized, message=Full authentication is required to access this resource, timestamp=2025-11-17T19:46:11.019211, status=401}
2025-11-17 19:46:11 - Unauthorized response sent successfully
2025-11-17 19:46:12 - No JWT token found in request headers
2025-11-17 19:46:12 - Unauthorized error: Full authentication is required to access this resource - Path: /users/7
2025-11-17 19:46:12 - Authentication error details: {path=/users/7, error=Unauthorized, message=Full authentication is required to access this resource, timestamp=2025-11-17T19:46:12.007943, status=401}
2025-11-17 19:46:12 - No JWT token found in request headers
2025-11-17 19:46:12 - No JWT token found in request headers
2025-11-17 19:46:12 - No JWT token found in request headers
2025-11-17 19:46:12 - Unauthorized error: Full authentication is required to access this resource - Path: /users/5
2025-11-17 19:46:12 - Authentication error details: {path=/users/5, error=Unauthorized, message=Full authentication is required to access this resource, timestamp=2025-11-17T19:46:12.010044, status=401}
2025-11-17 19:46:12 - Unauthorized response sent successfully
2025-11-17 19:46:12 - No JWT token found in request headers
2025-11-17 19:46:12 - Unauthorized response sent successfully
2025-11-17 19:46:12 - Unauthorized error: Full authentication is required to access this resource - Path: /users/6
2025-11-17 19:46:12 - Authentication error details: {path=/users/6, error=Unauthorized, message=Full authentication is required to access this resource, timestamp=2025-11-17T19:46:12.010516, status=401}
2025-11-17 19:46:12 - Unauthorized error: Full authentication is required to access this resource - Path: /users/4
2025-11-17 19:46:12 - Authentication error details: {path=/users/4, error=Unauthorized, message=Full authentication is required to access this resource, timestamp=2025-11-17T19:46:12.010578, status=401}
2025-11-17 19:46:12 - Unauthorized error: Full authentication is required to access this resource - Path: /users/3
2025-11-17 19:46:12 - Unauthorized response sent successfully
2025-11-17 19:46:12 - Unauthorized response sent successfully
2025-11-17 19:46:12 - Authentication error details: {path=/users/3, error=Unauthorized, message=Full authentication is required to access this resource, timestamp=2025-11-17T19:46:12.010925, status=401}
2025-11-17 19:46:12 - Unauthorized response sent successfully
2025-11-17 19:46:13 - No JWT token found in request headers
2025-11-17 19:46:13 - No JWT token found in request headers
2025-11-17 19:46:13 - No JWT token found in request headers
2025-11-17 19:46:13 - No JWT token found in request headers
2025-11-17 19:46:13 - No JWT token found in request headers
2025-11-17 19:46:13 - Unauthorized error: Full authentication is required to access this resource - Path: /users/6
2025-11-17 19:46:13 - Unauthorized error: Full authentication is required to access this resource - Path: /users/3
2025-11-17 19:46:13 - Unauthorized error: Full authentication is required to access this resource - Path: /users/4
2025-11-17 19:46:13 - Unauthorized error: Full authentication is required to access this resource - Path: /users/5
2025-11-17 19:46:13 - Authentication error details: {path=/users/5, error=Unauthorized, message=Full authentication is required to access this resource, timestamp=2025-11-17T19:46:13.009740, status=401}
2025-11-17 19:46:13 - Authentication error details: {path=/users/6, error=Unauthorized, message=Full authentication is required to access this resource, timestamp=2025-11-17T19:46:13.009716, status=401}
2025-11-17 19:46:13 - Authentication error details: {path=/users/4, error=Unauthorized, message=Full authentication is required to access this resource, timestamp=2025-11-17T19:46:13.009733, status=401}
2025-11-17 19:46:13 - Authentication error details: {path=/users/3, error=Unauthorized, message=Full authentication is required to access this resource, timestamp=2025-11-17T19:46:13.009716, status=401}
2025-11-17 19:46:13 - Unauthorized error: Full authentication is required to access this resource - Path: /users/7
2025-11-17 19:46:13 - Authentication error details: {path=/users/7, error=Unauthorized, message=Full authentication is required to access this resource, timestamp=2025-11-17T19:46:13.009914, status=401}
2025-11-17 19:46:13 - Unauthorized response sent successfully
2025-11-17 19:46:13 - Unauthorized response sent successfully
2025-11-17 19:46:13 - Unauthorized response sent successfully
2025-11-17 19:46:13 - Unauthorized response sent successfully
2025-11-17 19:46:13 - Unauthorized response sent successfully
2025-11-17 19:46:14 - No JWT token found in request headers
2025-11-17 19:46:14 - No JWT token found in request headers
2025-11-17 19:46:14 - Unauthorized error: Full authentication is required to access this resource - Path: /users/7
2025-11-17 19:46:14 - Unauthorized error: Full authentication is required to access this resource - Path: /users/4
2025-11-17 19:46:14 - Authentication error details: {path=/users/7, error=Unauthorized, message=Full authentication is required to access this resource, timestamp=2025-11-17T19:46:14.052821, status=401}
2025-11-17 19:46:14 - Authentication error details: {path=/users/4, error=Unauthorized, message=Full authentication is required to access this resource, timestamp=2025-11-17T19:46:14.052874, status=401}
2025-11-17 19:46:14 - No JWT token found in request headers
2025-11-17 19:46:14 - No JWT token found in request headers
2025-11-17 19:46:14 - No JWT token found in request headers
2025-11-17 19:46:14 - Unauthorized error: Full authentication is required to access this resource - Path: /users/5
2025-11-17 19:46:14 - Authentication error details: {path=/users/5, error=Unauthorized, message=Full authentication is required to access this resource, timestamp=2025-11-17T19:46:14.054757, status=401}
2025-11-17 19:46:14 - Unauthorized response sent successfully
2025-11-17 19:46:14 - Unauthorized error: Full authentication is required to access this resource - Path: /users/6
2025-11-17 19:46:14 - Authentication error details: {path=/users/6, error=Unauthorized, message=Full authentication is required to access this resource, timestamp=2025-11-17T19:46:14.054876, status=401}
2025-11-17 19:46:14 - Unauthorized error: Full authentication is required to access this resource - Path: /users/3
2025-11-17 19:46:14 - Authentication error details: {path=/users/3, error=Unauthorized, message=Full authentication is required to access this resource, timestamp=2025-11-17T19:46:14.054926, status=401}
2025-11-17 19:46:14 - Unauthorized response sent successfully
2025-11-17 19:46:14 - Unauthorized response sent successfully
2025-11-17 19:46:14 - Unauthorized response sent successfully
2025-11-17 19:46:14 - Unauthorized response sent successfully
2025-11-17 19:46:15 - No JWT token found in request headers
2025-11-17 19:46:15 - No JWT token found in request headers
2025-11-17 19:46:15 - No JWT token found in request headers
2025-11-17 19:46:15 - No JWT token found in request headers
2025-11-17 19:46:15 - No JWT token found in request headers
2025-11-17 19:46:15 - Unauthorized error: Full authentication is required to access this resource - Path: /users/5
2025-11-17 19:46:15 - Unauthorized error: Full authentication is required to access this resource - Path: /users/7
2025-11-17 19:46:15 - Authentication error details: {path=/users/7, error=Unauthorized, message=Full authentication is required to access this resource, timestamp=2025-11-17T19:46:15.917846, status=401}
2025-11-17 19:46:15 - Unauthorized error: Full authentication is required to access this resource - Path: /users/6
2025-11-17 19:46:15 - Unauthorized error: Full authentication is required to access this resource - Path: /users/4
2025-11-17 19:46:15 - Authentication error details: {path=/users/6, error=Unauthorized, message=Full authentication is required to access this resource, timestamp=2025-11-17T19:46:15.917934, status=401}
2025-11-17 19:46:15 - Authentication error details: {path=/users/4, error=Unauthorized, message=Full authentication is required to access this resource, timestamp=2025-11-17T19:46:15.917962, status=401}
2025-11-17 19:46:15 - Authentication error details: {path=/users/5, error=Unauthorized, message=Full authentication is required to access this resource, timestamp=2025-11-17T19:46:15.917846, status=401}
2025-11-17 19:46:15 - Unauthorized error: Full authentication is required to access this resource - Path: /users/3
2025-11-17 19:46:15 - Authentication error details: {path=/users/3, error=Unauthorized, message=Full authentication is required to access this resource, timestamp=2025-11-17T19:46:15.918352, status=401}
2025-11-17 19:46:15 - Unauthorized response sent successfully
2025-11-17 19:46:15 - Unauthorized response sent successfully
2025-11-17 19:46:15 - Unauthorized response sent successfully
2025-11-17 19:46:15 - Unauthorized response sent successfully
2025-11-17 19:46:15 - Unauthorized response sent successfully
2025-11-17 19:46:17 - No JWT token found in request headers
2025-11-17 19:46:17 - No JWT token found in request headers
2025-11-17 19:46:17 - Unauthorized error: Full authentication is required to access this resource - Path: /users/4
2025-11-17 19:46:17 - No JWT token found in request headers
2025-11-17 19:46:17 - Authentication error details: {path=/users/4, error=Unauthorized, message=Full authentication is required to access this resource, timestamp=2025-11-17T19:46:17.032937, status=401}
2025-11-17 19:46:17 - Unauthorized error: Full authentication is required to access this resource - Path: /users/5
2025-11-17 19:46:17 - Authentication error details: {path=/users/5, error=Unauthorized, message=Full authentication is required to access this resource, timestamp=2025-11-17T19:46:17.033252, status=401}
2025-11-17 19:46:17 - Unauthorized response sent successfully
2025-11-17 19:46:17 - Unauthorized response sent successfully
2025-11-17 19:46:17 - Unauthorized error: Full authentication is required to access this resource - Path: /users/3
2025-11-17 19:46:17 - Authentication error details: {path=/users/3, error=Unauthorized, message=Full authentication is required to access this resource, timestamp=2025-11-17T19:46:17.034090, status=401}
2025-11-17 19:46:17 - Unauthorized response sent successfully
2025-11-17 19:46:17 - No JWT token found in request headers
2025-11-17 19:46:17 - Unauthorized error: Full authentication is required to access this resource - Path: /users/6
2025-11-17 19:46:17 - Authentication error details: {path=/users/6, error=Unauthorized, message=Full authentication is required to access this resource, timestamp=2025-11-17T19:46:17.034965, status=401}
2025-11-17 19:46:17 - No JWT token found in request headers
2025-11-17 19:46:17 - Unauthorized response sent successfully
2025-11-17 19:46:17 - Unauthorized error: Full authentication is required to access this resource - Path: /users/7
2025-11-17 19:46:17 - Authentication error details: {path=/users/7, error=Unauthorized, message=Full authentication is required to access this resource, timestamp=2025-11-17T19:46:17.035950, status=401}
2025-11-17 19:46:17 - Unauthorized response sent successfully
2025-11-17 19:46:51 - No JWT token found in request headers
2025-11-17 19:46:51 - No JWT token found in request headers
2025-11-17 19:46:51 - No JWT token found in request headers
2025-11-17 19:46:51 - No JWT token found in request headers
2025-11-17 19:46:51 - No JWT token found in request headers
2025-11-17 19:46:51 - Unauthorized error: Full authentication is required to access this resource - Path: /users/3
2025-11-17 19:46:51 - Unauthorized error: Full authentication is required to access this resource - Path: /users/5
2025-11-17 19:46:51 - Unauthorized error: Full authentication is required to access this resource - Path: /users/7
2025-11-17 19:46:51 - Unauthorized error: Full authentication is required to access this resource - Path: /users/6
2025-11-17 19:46:51 - Unauthorized error: Full authentication is required to access this resource - Path: /users/4
2025-11-17 19:46:51 - Authentication error details: {path=/users/4, error=Unauthorized, message=Full authentication is required to access this resource, timestamp=2025-11-17T19:46:51.580343, status=401}
2025-11-17 19:46:51 - Authentication error details: {path=/users/3, error=Unauthorized, message=Full authentication is required to access this resource, timestamp=2025-11-17T19:46:51.580402, status=401}
2025-11-17 19:46:51 - Authentication error details: {path=/users/6, error=Unauthorized, message=Full authentication is required to access this resource, timestamp=2025-11-17T19:46:51.580357, status=401}
2025-11-17 19:46:51 - Authentication error details: {path=/users/5, error=Unauthorized, message=Full authentication is required to access this resource, timestamp=2025-11-17T19:46:51.580343, status=401}
2025-11-17 19:46:51 - Authentication error details: {path=/users/7, error=Unauthorized, message=Full authentication is required to access this resource, timestamp=2025-11-17T19:46:51.580367, status=401}
2025-11-17 19:46:51 - Unauthorized response sent successfully
2025-11-17 19:46:51 - Unauthorized response sent successfully
2025-11-17 19:46:51 - Unauthorized response sent successfully
2025-11-17 19:46:51 - Unauthorized response sent successfully
2025-11-17 19:46:51 - Unauthorized response sent successfully
2025-11-17 19:46:52 - No JWT token found in request headers
2025-11-17 19:46:52 - No JWT token found in request headers
2025-11-17 19:46:52 - No JWT token found in request headers
2025-11-17 19:46:52 - No JWT token found in request headers
2025-11-17 19:46:52 - Unauthorized error: Full authentication is required to access this resource - Path: /users/5
2025-11-17 19:46:52 - No JWT token found in request headers
2025-11-17 19:46:52 - Authentication error details: {path=/users/5, error=Unauthorized, message=Full authentication is required to access this resource, timestamp=2025-11-17T19:46:52.621311, status=401}
2025-11-17 19:46:52 - Unauthorized error: Full authentication is required to access this resource - Path: /users/4
2025-11-17 19:46:52 - Authentication error details: {path=/users/4, error=Unauthorized, message=Full authentication is required to access this resource, timestamp=2025-11-17T19:46:52.621412, status=401}
2025-11-17 19:46:52 - Unauthorized error: Full authentication is required to access this resource - Path: /users/7
2025-11-17 19:46:52 - Unauthorized error: Full authentication is required to access this resource - Path: /users/6
2025-11-17 19:46:52 - Authentication error details: {path=/users/6, error=Unauthorized, message=Full authentication is required to access this resource, timestamp=2025-11-17T19:46:52.621601, status=401}
2025-11-17 19:46:52 - Unauthorized error: Full authentication is required to access this resource - Path: /users/3
2025-11-17 19:46:52 - Authentication error details: {path=/users/3, error=Unauthorized, message=Full authentication is required to access this resource, timestamp=2025-11-17T19:46:52.621848, status=401}
2025-11-17 19:46:52 - Unauthorized response sent successfully
2025-11-17 19:46:52 - Unauthorized response sent successfully
2025-11-17 19:46:52 - Authentication error details: {path=/users/7, error=Unauthorized, message=Full authentication is required to access this resource, timestamp=2025-11-17T19:46:52.621527, status=401}
2025-11-17 19:46:52 - Unauthorized response sent successfully
2025-11-17 19:46:52 - Unauthorized response sent successfully
2025-11-17 19:46:52 - Unauthorized response sent successfully
2025-11-17 19:46:53 - No JWT token found in request headers
2025-11-17 19:46:53 - No JWT token found in request headers
2025-11-17 19:46:53 - No JWT token found in request headers
2025-11-17 19:46:53 - No JWT token found in request headers
2025-11-17 19:46:53 - No JWT token found in request headers
2025-11-17 19:46:53 - Unauthorized error: Full authentication is required to access this resource - Path: /users/3
2025-11-17 19:46:53 - Unauthorized error: Full authentication is required to access this resource - Path: /users/5
2025-11-17 19:46:53 - Unauthorized error: Full authentication is required to access this resource - Path: /users/6
2025-11-17 19:46:53 - Unauthorized error: Full authentication is required to access this resource - Path: /users/7
2025-11-17 19:46:53 - Authentication error details: {path=/users/3, error=Unauthorized, message=Full authentication is required to access this resource, timestamp=2025-11-17T19:46:53.641158, status=401}
2025-11-17 19:46:53 - Unauthorized error: Full authentication is required to access this resource - Path: /users/4
2025-11-17 19:46:53 - Authentication error details: {path=/users/4, error=Unauthorized, message=Full authentication is required to access this resource, timestamp=2025-11-17T19:46:53.641259, status=401}
2025-11-17 19:46:53 - Authentication error details: {path=/users/5, error=Unauthorized, message=Full authentication is required to access this resource, timestamp=2025-11-17T19:46:53.641161, status=401}
2025-11-17 19:46:53 - Authentication error details: {path=/users/7, error=Unauthorized, message=Full authentication is required to access this resource, timestamp=2025-11-17T19:46:53.641204, status=401}
2025-11-17 19:46:53 - Authentication error details: {path=/users/6, error=Unauthorized, message=Full authentication is required to access this resource, timestamp=2025-11-17T19:46:53.641191, status=401}
2025-11-17 19:46:53 - Unauthorized response sent successfully
2025-11-17 19:46:53 - Unauthorized response sent successfully
2025-11-17 19:46:53 - Unauthorized response sent successfully
2025-11-17 19:46:53 - Unauthorized response sent successfully
2025-11-17 19:46:53 - Unauthorized response sent successfully
2025-11-17 19:46:54 - No JWT token found in request headers
2025-11-17 19:46:54 - No JWT token found in request headers
2025-11-17 19:46:54 - No JWT token found in request headers
2025-11-17 19:46:54 - No JWT token found in request headers
2025-11-17 19:46:54 - No JWT token found in request headers
2025-11-17 19:46:54 - Unauthorized error: Full authentication is required to access this resource - Path: /users/4
2025-11-17 19:46:54 - Unauthorized error: Full authentication is required to access this resource - Path: /users/3
2025-11-17 19:46:54 - Unauthorized error: Full authentication is required to access this resource - Path: /users/5
2025-11-17 19:46:54 - Authentication error details: {path=/users/4, error=Unauthorized, message=Full authentication is required to access this resource, timestamp=2025-11-17T19:46:54.811938, status=401}
2025-11-17 19:46:54 - Authentication error details: {path=/users/3, error=Unauthorized, message=Full authentication is required to access this resource, timestamp=2025-11-17T19:46:54.811993, status=401}
2025-11-17 19:46:54 - Unauthorized error: Full authentication is required to access this resource - Path: /users/7
2025-11-17 19:46:54 - Authentication error details: {path=/users/7, error=Unauthorized, message=Full authentication is required to access this resource, timestamp=2025-11-17T19:46:54.812072, status=401}
2025-11-17 19:46:54 - Unauthorized error: Full authentication is required to access this resource - Path: /users/6
2025-11-17 19:46:54 - Authentication error details: {path=/users/6, error=Unauthorized, message=Full authentication is required to access this resource, timestamp=2025-11-17T19:46:54.812113, status=401}
2025-11-17 19:46:54 - Authentication error details: {path=/users/5, error=Unauthorized, message=Full authentication is required to access this resource, timestamp=2025-11-17T19:46:54.812027, status=401}
2025-11-17 19:46:54 - Unauthorized response sent successfully
2025-11-17 19:46:54 - Unauthorized response sent successfully
2025-11-17 19:46:54 - Unauthorized response sent successfully
2025-11-17 19:46:54 - Unauthorized response sent successfully
2025-11-17 19:46:54 - Unauthorized response sent successfully
2025-11-17 19:46:55 - No JWT token found in request headers
2025-11-17 19:46:55 - No JWT token found in request headers
2025-11-17 19:46:55 - No JWT token found in request headers
2025-11-17 19:46:55 - No JWT token found in request headers
2025-11-17 19:46:55 - Unauthorized error: Full authentication is required to access this resource - Path: /users/4
2025-11-17 19:46:55 - Authentication error details: {path=/users/4, error=Unauthorized, message=Full authentication is required to access this resource, timestamp=2025-11-17T19:46:55.808212, status=401}
2025-11-17 19:46:55 - Unauthorized error: Full authentication is required to access this resource - Path: /users/6
2025-11-17 19:46:55 - Authentication error details: {path=/users/6, error=Unauthorized, message=Full authentication is required to access this resource, timestamp=2025-11-17T19:46:55.808340, status=401}
2025-11-17 19:46:55 - Unauthorized error: Full authentication is required to access this resource - Path: /users/5
2025-11-17 19:46:55 - Authentication error details: {path=/users/5, error=Unauthorized, message=Full authentication is required to access this resource, timestamp=2025-11-17T19:46:55.808961, status=401}
2025-11-17 19:46:55 - Unauthorized error: Full authentication is required to access this resource - Path: /users/3
2025-11-17 19:46:55 - Authentication error details: {path=/users/3, error=Unauthorized, message=Full authentication is required to access this resource, timestamp=2025-11-17T19:46:55.809063, status=401}
2025-11-17 19:46:55 - Unauthorized response sent successfully
2025-11-17 19:46:55 - Unauthorized response sent successfully
2025-11-17 19:46:55 - Unauthorized response sent successfully
2025-11-17 19:46:55 - Unauthorized response sent successfully
2025-11-17 19:46:55 - No JWT token found in request headers
2025-11-17 19:46:55 - Unauthorized error: Full authentication is required to access this resource - Path: /users/7
2025-11-17 19:46:55 - Authentication error details: {path=/users/7, error=Unauthorized, message=Full authentication is required to access this resource, timestamp=2025-11-17T19:46:55.812152, status=401}
2025-11-17 19:46:55 - Unauthorized response sent successfully
2025-11-17 19:46:56 - No JWT token found in request headers
2025-11-17 19:46:56 - No JWT token found in request headers
2025-11-17 19:46:56 - Unauthorized error: Full authentication is required to access this resource - Path: /users/4
2025-11-17 19:46:56 - Authentication error details: {path=/users/4, error=Unauthorized, message=Full authentication is required to access this resource, timestamp=2025-11-17T19:46:56.790620, status=401}
2025-11-17 19:46:56 - Unauthorized error: Full authentication is required to access this resource - Path: /users/7
2025-11-17 19:46:56 - Authentication error details: {path=/users/7, error=Unauthorized, message=Full authentication is required to access this resource, timestamp=2025-11-17T19:46:56.790717, status=401}
2025-11-17 19:46:56 - Unauthorized response sent successfully
2025-11-17 19:46:56 - No JWT token found in request headers
2025-11-17 19:46:56 - No JWT token found in request headers
2025-11-17 19:46:56 - Unauthorized error: Full authentication is required to access this resource - Path: /users/3
2025-11-17 19:46:56 - Authentication error details: {path=/users/3, error=Unauthorized, message=Full authentication is required to access this resource, timestamp=2025-11-17T19:46:56.791838, status=401}
2025-11-17 19:46:56 - Unauthorized error: Full authentication is required to access this resource - Path: /users/5
2025-11-17 19:46:56 - Authentication error details: {path=/users/5, error=Unauthorized, message=Full authentication is required to access this resource, timestamp=2025-11-17T19:46:56.792015, status=401}
2025-11-17 19:46:56 - No JWT token found in request headers
2025-11-17 19:46:56 - Unauthorized response sent successfully
2025-11-17 19:46:56 - Unauthorized response sent successfully
2025-11-17 19:46:56 - Unauthorized error: Full authentication is required to access this resource - Path: /users/6
2025-11-17 19:46:56 - Authentication error details: {path=/users/6, error=Unauthorized, message=Full authentication is required to access this resource, timestamp=2025-11-17T19:46:56.792433, status=401}
2025-11-17 19:46:56 - Unauthorized response sent successfully
2025-11-17 19:46:56 - Unauthorized response sent successfully
2025-11-17 19:46:57 - No JWT token found in request headers
2025-11-17 19:46:57 - No JWT token found in request headers
2025-11-17 19:46:57 - No JWT token found in request headers
2025-11-17 19:46:57 - No JWT token found in request headers
2025-11-17 19:46:57 - No JWT token found in request headers
2025-11-17 19:46:57 - Unauthorized error: Full authentication is required to access this resource - Path: /users/5
2025-11-17 19:46:57 - Unauthorized error: Full authentication is required to access this resource - Path: /users/6
2025-11-17 19:46:57 - Unauthorized error: Full authentication is required to access this resource - Path: /users/4
2025-11-17 19:46:57 - Unauthorized error: Full authentication is required to access this resource - Path: /users/7
2025-11-17 19:46:57 - Unauthorized error: Full authentication is required to access this resource - Path: /users/3
2025-11-17 19:46:57 - Authentication error details: {path=/users/4, error=Unauthorized, message=Full authentication is required to access this resource, timestamp=2025-11-17T19:46:57.876261, status=401}
2025-11-17 19:46:57 - Authentication error details: {path=/users/3, error=Unauthorized, message=Full authentication is required to access this resource, timestamp=2025-11-17T19:46:57.876228, status=401}
2025-11-17 19:46:57 - Authentication error details: {path=/users/5, error=Unauthorized, message=Full authentication is required to access this resource, timestamp=2025-11-17T19:46:57.876217, status=401}
2025-11-17 19:46:57 - Authentication error details: {path=/users/6, error=Unauthorized, message=Full authentication is required to access this resource, timestamp=2025-11-17T19:46:57.876263, status=401}
2025-11-17 19:46:57 - Authentication error details: {path=/users/7, error=Unauthorized, message=Full authentication is required to access this resource, timestamp=2025-11-17T19:46:57.876218, status=401}
2025-11-17 19:46:57 - Unauthorized response sent successfully
2025-11-17 19:46:57 - Unauthorized response sent successfully
2025-11-17 19:46:57 - Unauthorized response sent successfully
2025-11-17 19:46:57 - Unauthorized response sent successfully
2025-11-17 19:46:57 - Unauthorized response sent successfully
2025-11-17 19:47:01 - Resolving eureka endpoints via configuration
2025-11-17 19:48:46 - No JWT token found in request headers
2025-11-17 19:48:46 - No JWT token found in request headers
2025-11-17 19:48:46 - No JWT token found in request headers
2025-11-17 19:48:46 - No JWT token found in request headers
2025-11-17 19:48:46 - No JWT token found in request headers
2025-11-17 19:48:46 - Unauthorized error: Full authentication is required to access this resource - Path: /users/5
2025-11-17 19:48:46 - Unauthorized error: Full authentication is required to access this resource - Path: /users/7
2025-11-17 19:48:46 - Unauthorized error: Full authentication is required to access this resource - Path: /users/3
2025-11-17 19:48:46 - Unauthorized error: Full authentication is required to access this resource - Path: /users/6
2025-11-17 19:48:46 - Unauthorized error: Full authentication is required to access this resource - Path: /users/4
2025-11-17 19:48:46 - Authentication error details: {path=/users/3, error=Unauthorized, message=Full authentication is required to access this resource, timestamp=2025-11-17T19:48:46.378655, status=401}
2025-11-17 19:48:46 - Authentication error details: {path=/users/4, error=Unauthorized, message=Full authentication is required to access this resource, timestamp=2025-11-17T19:48:46.378654, status=401}
2025-11-17 19:48:46 - Authentication error details: {path=/users/6, error=Unauthorized, message=Full authentication is required to access this resource, timestamp=2025-11-17T19:48:46.378654, status=401}
2025-11-17 19:48:46 - Authentication error details: {path=/users/5, error=Unauthorized, message=Full authentication is required to access this resource, timestamp=2025-11-17T19:48:46.378653, status=401}
2025-11-17 19:48:46 - Authentication error details: {path=/users/7, error=Unauthorized, message=Full authentication is required to access this resource, timestamp=2025-11-17T19:48:46.378656, status=401}
2025-11-17 19:48:46 - Unauthorized response sent successfully
2025-11-17 19:48:46 - Unauthorized response sent successfully
2025-11-17 19:48:46 - Unauthorized response sent successfully
2025-11-17 19:48:46 - Unauthorized response sent successfully
2025-11-17 19:48:46 - Unauthorized response sent successfully
2025-11-17 19:48:47 - No JWT token found in request headers
2025-11-17 19:48:47 - No JWT token found in request headers
2025-11-17 19:48:47 - Unauthorized error: Full authentication is required to access this resource - Path: /users/3
2025-11-17 19:48:47 - Authentication error details: {path=/users/3, error=Unauthorized, message=Full authentication is required to access this resource, timestamp=2025-11-17T19:48:47.395143, status=401}
2025-11-17 19:48:47 - No JWT token found in request headers
2025-11-17 19:48:47 - Unauthorized error: Full authentication is required to access this resource - Path: /users/5
2025-11-17 19:48:47 - No JWT token found in request headers
2025-11-17 19:48:47 - Unauthorized error: Full authentication is required to access this resource - Path: /users/6
2025-11-17 19:48:47 - Authentication error details: {path=/users/6, error=Unauthorized, message=Full authentication is required to access this resource, timestamp=2025-11-17T19:48:47.396208, status=401}
2025-11-17 19:48:47 - Unauthorized error: Full authentication is required to access this resource - Path: /users/4
2025-11-17 19:48:47 - Authentication error details: {path=/users/4, error=Unauthorized, message=Full authentication is required to access this resource, timestamp=2025-11-17T19:48:47.396321, status=401}
2025-11-17 19:48:47 - Unauthorized response sent successfully
2025-11-17 19:48:47 - Unauthorized response sent successfully
2025-11-17 19:48:47 - No JWT token found in request headers
2025-11-17 19:48:47 - Unauthorized response sent successfully
2025-11-17 19:48:47 - Unauthorized error: Full authentication is required to access this resource - Path: /users/7
2025-11-17 19:48:47 - Authentication error details: {path=/users/7, error=Unauthorized, message=Full authentication is required to access this resource, timestamp=2025-11-17T19:48:47.396894, status=401}
2025-11-17 19:48:47 - Authentication error details: {path=/users/5, error=Unauthorized, message=Full authentication is required to access this resource, timestamp=2025-11-17T19:48:47.396009, status=401}
2025-11-17 19:48:47 - Unauthorized response sent successfully
2025-11-17 19:48:47 - Unauthorized response sent successfully
2025-11-17 19:48:48 - No JWT token found in request headers
2025-11-17 19:48:48 - Unauthorized error: Full authentication is required to access this resource - Path: /users/3
2025-11-17 19:48:48 - Authentication error details: {path=/users/3, error=Unauthorized, message=Full authentication is required to access this resource, timestamp=2025-11-17T19:48:48.399465, status=401}
2025-11-17 19:48:48 - No JWT token found in request headers
2025-11-17 19:48:48 - No JWT token found in request headers
2025-11-17 19:48:48 - Unauthorized response sent successfully
2025-11-17 19:48:48 - No JWT token found in request headers
2025-11-17 19:48:48 - Unauthorized error: Full authentication is required to access this resource - Path: /users/6
2025-11-17 19:48:48 - Authentication error details: {path=/users/6, error=Unauthorized, message=Full authentication is required to access this resource, timestamp=2025-11-17T19:48:48.400147, status=401}
2025-11-17 19:48:48 - Unauthorized error: Full authentication is required to access this resource - Path: /users/7
2025-11-17 19:48:48 - Unauthorized error: Full authentication is required to access this resource - Path: /users/5
2025-11-17 19:48:48 - No JWT token found in request headers
2025-11-17 19:48:48 - Authentication error details: {path=/users/7, error=Unauthorized, message=Full authentication is required to access this resource, timestamp=2025-11-17T19:48:48.400231, status=401}
2025-11-17 19:48:48 - Unauthorized response sent successfully
2025-11-17 19:48:48 - Authentication error details: {path=/users/5, error=Unauthorized, message=Full authentication is required to access this resource, timestamp=2025-11-17T19:48:48.400270, status=401}
2025-11-17 19:48:48 - Unauthorized response sent successfully
2025-11-17 19:48:48 - Unauthorized error: Full authentication is required to access this resource - Path: /users/4
2025-11-17 19:48:48 - Authentication error details: {path=/users/4, error=Unauthorized, message=Full authentication is required to access this resource, timestamp=2025-11-17T19:48:48.400809, status=401}
2025-11-17 19:48:48 - Unauthorized response sent successfully
2025-11-17 19:48:48 - Unauthorized response sent successfully
2025-11-17 19:48:49 - No JWT token found in request headers
2025-11-17 19:48:49 - No JWT token found in request headers
2025-11-17 19:48:49 - No JWT token found in request headers
2025-11-17 19:48:49 - No JWT token found in request headers
2025-11-17 19:48:49 - No JWT token found in request headers
2025-11-17 19:48:49 - Unauthorized error: Full authentication is required to access this resource - Path: /users/6
2025-11-17 19:48:49 - Unauthorized error: Full authentication is required to access this resource - Path: /users/5
2025-11-17 19:48:49 - Unauthorized error: Full authentication is required to access this resource - Path: /users/3
2025-11-17 19:48:49 - Unauthorized error: Full authentication is required to access this resource - Path: /users/4
2025-11-17 19:48:49 - Unauthorized error: Full authentication is required to access this resource - Path: /users/7
2025-11-17 19:48:49 - Authentication error details: {path=/users/4, error=Unauthorized, message=Full authentication is required to access this resource, timestamp=2025-11-17T19:48:49.432553, status=401}
2025-11-17 19:48:49 - Authentication error details: {path=/users/5, error=Unauthorized, message=Full authentication is required to access this resource, timestamp=2025-11-17T19:48:49.432555, status=401}
2025-11-17 19:48:49 - Authentication error details: {path=/users/3, error=Unauthorized, message=Full authentication is required to access this resource, timestamp=2025-11-17T19:48:49.432553, status=401}
2025-11-17 19:48:49 - Authentication error details: {path=/users/7, error=Unauthorized, message=Full authentication is required to access this resource, timestamp=2025-11-17T19:48:49.432553, status=401}
2025-11-17 19:48:49 - Authentication error details: {path=/users/6, error=Unauthorized, message=Full authentication is required to access this resource, timestamp=2025-11-17T19:48:49.432554, status=401}
2025-11-17 19:48:49 - Unauthorized response sent successfully
2025-11-17 19:48:49 - Unauthorized response sent successfully
2025-11-17 19:48:49 - Unauthorized response sent successfully
2025-11-17 19:48:49 - Unauthorized response sent successfully
2025-11-17 19:48:49 - Unauthorized response sent successfully
2025-11-17 19:48:50 - No JWT token found in request headers
2025-11-17 19:48:50 - No JWT token found in request headers
2025-11-17 19:48:50 - Unauthorized error: Full authentication is required to access this resource - Path: /users/6
2025-11-17 19:48:50 - No JWT token found in request headers
2025-11-17 19:48:50 - Authentication error details: {path=/users/6, error=Unauthorized, message=Full authentication is required to access this resource, timestamp=2025-11-17T19:48:50.567909, status=401}
2025-11-17 19:48:50 - Unauthorized error: Full authentication is required to access this resource - Path: /users/4
2025-11-17 19:48:50 - Unauthorized error: Full authentication is required to access this resource - Path: /users/3
2025-11-17 19:48:50 - Authentication error details: {path=/users/3, error=Unauthorized, message=Full authentication is required to access this resource, timestamp=2025-11-17T19:48:50.568218, status=401}
2025-11-17 19:48:50 - Authentication error details: {path=/users/4, error=Unauthorized, message=Full authentication is required to access this resource, timestamp=2025-11-17T19:48:50.568173, status=401}
2025-11-17 19:48:50 - No JWT token found in request headers
2025-11-17 19:48:50 - Unauthorized response sent successfully
2025-11-17 19:48:50 - Unauthorized error: Full authentication is required to access this resource - Path: /users/5
2025-11-17 19:48:50 - Unauthorized response sent successfully
2025-11-17 19:48:50 - Unauthorized response sent successfully
2025-11-17 19:48:50 - Authentication error details: {path=/users/5, error=Unauthorized, message=Full authentication is required to access this resource, timestamp=2025-11-17T19:48:50.568553, status=401}
2025-11-17 19:48:50 - Unauthorized response sent successfully
2025-11-17 19:48:50 - No JWT token found in request headers
2025-11-17 19:48:50 - Unauthorized error: Full authentication is required to access this resource - Path: /users/7
2025-11-17 19:48:50 - Authentication error details: {path=/users/7, error=Unauthorized, message=Full authentication is required to access this resource, timestamp=2025-11-17T19:48:50.569670, status=401}
2025-11-17 19:48:50 - Unauthorized response sent successfully
2025-11-17 19:48:52 - No JWT token found in request headers
2025-11-17 19:48:52 - No JWT token found in request headers
2025-11-17 19:48:52 - No JWT token found in request headers
2025-11-17 19:48:52 - No JWT token found in request headers
2025-11-17 19:48:52 - No JWT token found in request headers
2025-11-17 19:48:52 - Unauthorized error: Full authentication is required to access this resource - Path: /users/5
2025-11-17 19:48:52 - Unauthorized error: Full authentication is required to access this resource - Path: /users/3
2025-11-17 19:48:52 - Unauthorized error: Full authentication is required to access this resource - Path: /users/4
2025-11-17 19:48:52 - Unauthorized error: Full authentication is required to access this resource - Path: /users/7
2025-11-17 19:48:52 - Unauthorized error: Full authentication is required to access this resource - Path: /users/6
2025-11-17 19:48:52 - Authentication error details: {path=/users/5, error=Unauthorized, message=Full authentication is required to access this resource, timestamp=2025-11-17T19:48:52.500727, status=401}
2025-11-17 19:48:52 - Authentication error details: {path=/users/4, error=Unauthorized, message=Full authentication is required to access this resource, timestamp=2025-11-17T19:48:52.500730, status=401}
2025-11-17 19:48:52 - Authentication error details: {path=/users/7, error=Unauthorized, message=Full authentication is required to access this resource, timestamp=2025-11-17T19:48:52.500730, status=401}
2025-11-17 19:48:52 - Authentication error details: {path=/users/3, error=Unauthorized, message=Full authentication is required to access this resource, timestamp=2025-11-17T19:48:52.500727, status=401}
2025-11-17 19:48:52 - Authentication error details: {path=/users/6, error=Unauthorized, message=Full authentication is required to access this resource, timestamp=2025-11-17T19:48:52.500892, status=401}
2025-11-17 19:48:52 - Unauthorized response sent successfully
2025-11-17 19:48:52 - Unauthorized response sent successfully
2025-11-17 19:48:52 - Unauthorized response sent successfully
2025-11-17 19:48:52 - Unauthorized response sent successfully
2025-11-17 19:48:52 - Unauthorized response sent successfully
2025-11-17 19:48:53 - No JWT token found in request headers
2025-11-17 19:48:53 - No JWT token found in request headers
2025-11-17 19:48:53 - No JWT token found in request headers
2025-11-17 19:48:53 - Unauthorized error: Full authentication is required to access this resource - Path: /users/6
2025-11-17 19:48:53 - No JWT token found in request headers
2025-11-17 19:48:53 - Unauthorized error: Full authentication is required to access this resource - Path: /users/4
2025-11-17 19:48:53 - Authentication error details: {path=/users/6, error=Unauthorized, message=Full authentication is required to access this resource, timestamp=2025-11-17T19:48:53.523034, status=401}
2025-11-17 19:48:53 - Authentication error details: {path=/users/4, error=Unauthorized, message=Full authentication is required to access this resource, timestamp=2025-11-17T19:48:53.523082, status=401}
2025-11-17 19:48:53 - Unauthorized error: Full authentication is required to access this resource - Path: /users/3
2025-11-17 19:48:53 - Unauthorized error: Full authentication is required to access this resource - Path: /users/5
2025-11-17 19:48:53 - Authentication error details: {path=/users/3, error=Unauthorized, message=Full authentication is required to access this resource, timestamp=2025-11-17T19:48:53.523312, status=401}
2025-11-17 19:48:53 - Authentication error details: {path=/users/5, error=Unauthorized, message=Full authentication is required to access this resource, timestamp=2025-11-17T19:48:53.523326, status=401}
2025-11-17 19:48:53 - Unauthorized response sent successfully
2025-11-17 19:48:53 - Unauthorized response sent successfully
2025-11-17 19:48:53 - Unauthorized response sent successfully
2025-11-17 19:48:53 - Unauthorized response sent successfully
2025-11-17 19:48:53 - No JWT token found in request headers
2025-11-17 19:48:53 - Unauthorized error: Full authentication is required to access this resource - Path: /users/7
2025-11-17 19:48:53 - Authentication error details: {path=/users/7, error=Unauthorized, message=Full authentication is required to access this resource, timestamp=2025-11-17T19:48:53.524307, status=401}
2025-11-17 19:48:53 - Unauthorized response sent successfully
2025-11-17 19:48:54 - No JWT token found in request headers
2025-11-17 19:48:54 - No JWT token found in request headers
2025-11-17 19:48:54 - No JWT token found in request headers
2025-11-17 19:48:54 - No JWT token found in request headers
2025-11-17 19:48:54 - No JWT token found in request headers
2025-11-17 19:48:54 - Unauthorized error: Full authentication is required to access this resource - Path: /users/5
2025-11-17 19:48:54 - Unauthorized error: Full authentication is required to access this resource - Path: /users/4
2025-11-17 19:48:54 - Unauthorized error: Full authentication is required to access this resource - Path: /users/3
2025-11-17 19:48:54 - Unauthorized error: Full authentication is required to access this resource - Path: /users/6
2025-11-17 19:48:54 - Authentication error details: {path=/users/5, error=Unauthorized, message=Full authentication is required to access this resource, timestamp=2025-11-17T19:48:54.566903, status=401}
2025-11-17 19:48:54 - Authentication error details: {path=/users/6, error=Unauthorized, message=Full authentication is required to access this resource, timestamp=2025-11-17T19:48:54.566910, status=401}
2025-11-17 19:48:54 - Authentication error details: {path=/users/4, error=Unauthorized, message=Full authentication is required to access this resource, timestamp=2025-11-17T19:48:54.566902, status=401}
2025-11-17 19:48:54 - Authentication error details: {path=/users/3, error=Unauthorized, message=Full authentication is required to access this resource, timestamp=2025-11-17T19:48:54.566903, status=401}
2025-11-17 19:48:54 - Unauthorized error: Full authentication is required to access this resource - Path: /users/7
2025-11-17 19:48:54 - Authentication error details: {path=/users/7, error=Unauthorized, message=Full authentication is required to access this resource, timestamp=2025-11-17T19:48:54.567157, status=401}
2025-11-17 19:48:54 - Unauthorized response sent successfully
2025-11-17 19:48:54 - Unauthorized response sent successfully
2025-11-17 19:48:54 - Unauthorized response sent successfully
2025-11-17 19:48:54 - Unauthorized response sent successfully
2025-11-17 19:48:54 - Unauthorized response sent successfully
2025-11-17 19:48:55 - No JWT token found in request headers
2025-11-17 19:48:55 - No JWT token found in request headers
2025-11-17 19:48:55 - No JWT token found in request headers
2025-11-17 19:48:55 - No JWT token found in request headers
2025-11-17 19:48:55 - No JWT token found in request headers
2025-11-17 19:48:55 - Unauthorized error: Full authentication is required to access this resource - Path: /users/3
2025-11-17 19:48:55 - Unauthorized error: Full authentication is required to access this resource - Path: /users/5
2025-11-17 19:48:55 - Unauthorized error: Full authentication is required to access this resource - Path: /users/4
2025-11-17 19:48:55 - Authentication error details: {path=/users/4, error=Unauthorized, message=Full authentication is required to access this resource, timestamp=2025-11-17T19:48:55.697744, status=401}
2025-11-17 19:48:55 - Authentication error details: {path=/users/5, error=Unauthorized, message=Full authentication is required to access this resource, timestamp=2025-11-17T19:48:55.697732, status=401}
2025-11-17 19:48:55 - Authentication error details: {path=/users/3, error=Unauthorized, message=Full authentication is required to access this resource, timestamp=2025-11-17T19:48:55.697723, status=401}
2025-11-17 19:48:55 - Unauthorized error: Full authentication is required to access this resource - Path: /users/6
2025-11-17 19:48:55 - Authentication error details: {path=/users/6, error=Unauthorized, message=Full authentication is required to access this resource, timestamp=2025-11-17T19:48:55.697933, status=401}
2025-11-17 19:48:55 - Unauthorized error: Full authentication is required to access this resource - Path: /users/7
2025-11-17 19:48:55 - Authentication error details: {path=/users/7, error=Unauthorized, message=Full authentication is required to access this resource, timestamp=2025-11-17T19:48:55.698031, status=401}
2025-11-17 19:48:55 - Unauthorized response sent successfully
2025-11-17 19:48:55 - Unauthorized response sent successfully
2025-11-17 19:48:55 - Unauthorized response sent successfully
2025-11-17 19:48:55 - Unauthorized response sent successfully
2025-11-17 19:48:55 - Unauthorized response sent successfully
2025-11-17 19:48:56 - No JWT token found in request headers
2025-11-17 19:48:56 - No JWT token found in request headers
2025-11-17 19:48:56 - No JWT token found in request headers
2025-11-17 19:48:56 - No JWT token found in request headers
2025-11-17 19:48:56 - No JWT token found in request headers
2025-11-17 19:48:56 - Unauthorized error: Full authentication is required to access this resource - Path: /users/3
2025-11-17 19:48:56 - Unauthorized error: Full authentication is required to access this resource - Path: /users/5
2025-11-17 19:48:56 - Unauthorized error: Full authentication is required to access this resource - Path: /users/7
2025-11-17 19:48:56 - Unauthorized error: Full authentication is required to access this resource - Path: /users/4
2025-11-17 19:48:56 - Authentication error details: {path=/users/7, error=Unauthorized, message=Full authentication is required to access this resource, timestamp=2025-11-17T19:48:56.855861, status=401}
2025-11-17 19:48:56 - Authentication error details: {path=/users/5, error=Unauthorized, message=Full authentication is required to access this resource, timestamp=2025-11-17T19:48:56.855860, status=401}
2025-11-17 19:48:56 - Authentication error details: {path=/users/3, error=Unauthorized, message=Full authentication is required to access this resource, timestamp=2025-11-17T19:48:56.855863, status=401}
2025-11-17 19:48:56 - Authentication error details: {path=/users/4, error=Unauthorized, message=Full authentication is required to access this resource, timestamp=2025-11-17T19:48:56.856019, status=401}
2025-11-17 19:48:56 - Unauthorized error: Full authentication is required to access this resource - Path: /users/6
2025-11-17 19:48:56 - Authentication error details: {path=/users/6, error=Unauthorized, message=Full authentication is required to access this resource, timestamp=2025-11-17T19:48:56.856294, status=401}
2025-11-17 19:48:56 - Unauthorized response sent successfully
2025-11-17 19:48:56 - Unauthorized response sent successfully
2025-11-17 19:48:56 - Unauthorized response sent successfully
2025-11-17 19:48:56 - Unauthorized response sent successfully
2025-11-17 19:48:56 - Unauthorized response sent successfully
2025-11-17 19:48:57 - No JWT token found in request headers
2025-11-17 19:48:57 - No JWT token found in request headers
2025-11-17 19:48:57 - No JWT token found in request headers
2025-11-17 19:48:57 - No JWT token found in request headers
2025-11-17 19:48:57 - No JWT token found in request headers
2025-11-17 19:48:57 - Unauthorized error: Full authentication is required to access this resource - Path: /users/6
2025-11-17 19:48:57 - Unauthorized error: Full authentication is required to access this resource - Path: /users/7
2025-11-17 19:48:57 - Unauthorized error: Full authentication is required to access this resource - Path: /users/3
2025-11-17 19:48:57 - Unauthorized error: Full authentication is required to access this resource - Path: /users/4
2025-11-17 19:48:57 - Unauthorized error: Full authentication is required to access this resource - Path: /users/5
2025-11-17 19:48:57 - Authentication error details: {path=/users/3, error=Unauthorized, message=Full authentication is required to access this resource, timestamp=2025-11-17T19:48:57.998462, status=401}
2025-11-17 19:48:57 - Authentication error details: {path=/users/6, error=Unauthorized, message=Full authentication is required to access this resource, timestamp=2025-11-17T19:48:57.998461, status=401}
2025-11-17 19:48:57 - Authentication error details: {path=/users/5, error=Unauthorized, message=Full authentication is required to access this resource, timestamp=2025-11-17T19:48:57.998459, status=401}
2025-11-17 19:48:57 - Authentication error details: {path=/users/4, error=Unauthorized, message=Full authentication is required to access this resource, timestamp=2025-11-17T19:48:57.998459, status=401}
2025-11-17 19:48:57 - Authentication error details: {path=/users/7, error=Unauthorized, message=Full authentication is required to access this resource, timestamp=2025-11-17T19:48:57.998461, status=401}
2025-11-17 19:48:58 - Unauthorized response sent successfully
2025-11-17 19:48:58 - Unauthorized response sent successfully
2025-11-17 19:48:58 - Unauthorized response sent successfully
2025-11-17 19:48:58 - Unauthorized response sent successfully
2025-11-17 19:48:58 - Unauthorized response sent successfully
2025-11-17 19:48:59 - No JWT token found in request headers
2025-11-17 19:48:59 - No JWT token found in request headers
2025-11-17 19:48:59 - No JWT token found in request headers
2025-11-17 19:48:59 - No JWT token found in request headers
2025-11-17 19:48:59 - Unauthorized error: Full authentication is required to access this resource - Path: /users/6
2025-11-17 19:48:59 - No JWT token found in request headers
2025-11-17 19:48:59 - Unauthorized error: Full authentication is required to access this resource - Path: /users/5
2025-11-17 19:48:59 - Unauthorized error: Full authentication is required to access this resource - Path: /users/3
2025-11-17 19:48:59 - Unauthorized error: Full authentication is required to access this resource - Path: /users/4
2025-11-17 19:48:59 - Unauthorized error: Full authentication is required to access this resource - Path: /users/7
2025-11-17 19:48:59 - Authentication error details: {path=/users/6, error=Unauthorized, message=Full authentication is required to access this resource, timestamp=2025-11-17T19:48:59.080314, status=401}
2025-11-17 19:48:59 - Authentication error details: {path=/users/5, error=Unauthorized, message=Full authentication is required to access this resource, timestamp=2025-11-17T19:48:59.080508, status=401}
2025-11-17 19:48:59 - Authentication error details: {path=/users/4, error=Unauthorized, message=Full authentication is required to access this resource, timestamp=2025-11-17T19:48:59.080560, status=401}
2025-11-17 19:48:59 - Authentication error details: {path=/users/7, error=Unauthorized, message=Full authentication is required to access this resource, timestamp=2025-11-17T19:48:59.080796, status=401}
2025-11-17 19:48:59 - Authentication error details: {path=/users/3, error=Unauthorized, message=Full authentication is required to access this resource, timestamp=2025-11-17T19:48:59.080527, status=401}
2025-11-17 19:48:59 - Unauthorized response sent successfully
2025-11-17 19:48:59 - Unauthorized response sent successfully
2025-11-17 19:48:59 - Unauthorized response sent successfully
2025-11-17 19:48:59 - Unauthorized response sent successfully
2025-11-17 19:48:59 - Unauthorized response sent successfully
2025-11-17 19:49:00 - No JWT token found in request headers
2025-11-17 19:49:00 - No JWT token found in request headers
2025-11-17 19:49:00 - No JWT token found in request headers
2025-11-17 19:49:00 - Unauthorized error: Full authentication is required to access this resource - Path: /users/4
2025-11-17 19:49:00 - No JWT token found in request headers
2025-11-17 19:49:00 - Unauthorized error: Full authentication is required to access this resource - Path: /users/5
2025-11-17 19:49:00 - Unauthorized error: Full authentication is required to access this resource - Path: /users/6
2025-11-17 19:49:00 - Authentication error details: {path=/users/5, error=Unauthorized, message=Full authentication is required to access this resource, timestamp=2025-11-17T19:49:00.117613, status=401}
2025-11-17 19:49:00 - Authentication error details: {path=/users/6, error=Unauthorized, message=Full authentication is required to access this resource, timestamp=2025-11-17T19:49:00.117625, status=401}
2025-11-17 19:49:00 - Unauthorized error: Full authentication is required to access this resource - Path: /users/3
2025-11-17 19:49:00 - Authentication error details: {path=/users/3, error=Unauthorized, message=Full authentication is required to access this resource, timestamp=2025-11-17T19:49:00.118121, status=401}
2025-11-17 19:49:00 - Unauthorized response sent successfully
2025-11-17 19:49:00 - Unauthorized response sent successfully
2025-11-17 19:49:00 - Unauthorized response sent successfully
2025-11-17 19:49:00 - Authentication error details: {path=/users/4, error=Unauthorized, message=Full authentication is required to access this resource, timestamp=2025-11-17T19:49:00.117305, status=401}
2025-11-17 19:49:00 - Unauthorized response sent successfully
2025-11-17 19:49:00 - No JWT token found in request headers
2025-11-17 19:49:00 - Unauthorized error: Full authentication is required to access this resource - Path: /users/7
2025-11-17 19:49:00 - Authentication error details: {path=/users/7, error=Unauthorized, message=Full authentication is required to access this resource, timestamp=2025-11-17T19:49:00.120583, status=401}
2025-11-17 19:49:00 - Unauthorized response sent successfully
2025-11-17 19:49:01 - No JWT token found in request headers
2025-11-17 19:49:01 - No JWT token found in request headers
2025-11-17 19:49:01 - No JWT token found in request headers
2025-11-17 19:49:01 - No JWT token found in request headers
2025-11-17 19:49:01 - No JWT token found in request headers
2025-11-17 19:49:01 - Unauthorized error: Full authentication is required to access this resource - Path: /users/6
2025-11-17 19:49:01 - Unauthorized error: Full authentication is required to access this resource - Path: /users/3
2025-11-17 19:49:01 - Unauthorized error: Full authentication is required to access this resource - Path: /users/5
2025-11-17 19:49:01 - Unauthorized error: Full authentication is required to access this resource - Path: /users/7
2025-11-17 19:49:01 - Unauthorized error: Full authentication is required to access this resource - Path: /users/4
2025-11-17 19:49:01 - Authentication error details: {path=/users/7, error=Unauthorized, message=Full authentication is required to access this resource, timestamp=2025-11-17T19:49:01.304472, status=401}
2025-11-17 19:49:01 - Authentication error details: {path=/users/5, error=Unauthorized, message=Full authentication is required to access this resource, timestamp=2025-11-17T19:49:01.304428, status=401}
2025-11-17 19:49:01 - Authentication error details: {path=/users/3, error=Unauthorized, message=Full authentication is required to access this resource, timestamp=2025-11-17T19:49:01.304429, status=401}
2025-11-17 19:49:01 - Authentication error details: {path=/users/4, error=Unauthorized, message=Full authentication is required to access this resource, timestamp=2025-11-17T19:49:01.304470, status=401}
2025-11-17 19:49:01 - Authentication error details: {path=/users/6, error=Unauthorized, message=Full authentication is required to access this resource, timestamp=2025-11-17T19:49:01.304429, status=401}
2025-11-17 19:49:01 - Unauthorized response sent successfully
2025-11-17 19:49:01 - Unauthorized response sent successfully
2025-11-17 19:49:01 - Unauthorized response sent successfully
2025-11-17 19:49:01 - Unauthorized response sent successfully
2025-11-17 19:49:01 - Unauthorized response sent successfully
2025-11-17 19:49:02 - No JWT token found in request headers
2025-11-17 19:49:02 - No JWT token found in request headers
2025-11-17 19:49:02 - Unauthorized error: Full authentication is required to access this resource - Path: /users/3
2025-11-17 19:49:02 - No JWT token found in request headers
2025-11-17 19:49:02 - Unauthorized error: Full authentication is required to access this resource - Path: /users/5
2025-11-17 19:49:02 - Authentication error details: {path=/users/5, error=Unauthorized, message=Full authentication is required to access this resource, timestamp=2025-11-17T19:49:02.445067, status=401}
2025-11-17 19:49:02 - Authentication error details: {path=/users/3, error=Unauthorized, message=Full authentication is required to access this resource, timestamp=2025-11-17T19:49:02.444659, status=401}
2025-11-17 19:49:02 - Unauthorized error: Full authentication is required to access this resource - Path: /users/7
2025-11-17 19:49:02 - Authentication error details: {path=/users/7, error=Unauthorized, message=Full authentication is required to access this resource, timestamp=2025-11-17T19:49:02.445265, status=401}
2025-11-17 19:49:02 - No JWT token found in request headers
2025-11-17 19:49:02 - No JWT token found in request headers
2025-11-17 19:49:02 - Unauthorized response sent successfully
2025-11-17 19:49:02 - Unauthorized response sent successfully
2025-11-17 19:49:02 - Unauthorized error: Full authentication is required to access this resource - Path: /users/4
2025-11-17 19:49:02 - Unauthorized error: Full authentication is required to access this resource - Path: /users/6
2025-11-17 19:49:02 - Authentication error details: {path=/users/4, error=Unauthorized, message=Full authentication is required to access this resource, timestamp=2025-11-17T19:49:02.445654, status=401}
2025-11-17 19:49:02 - Authentication error details: {path=/users/6, error=Unauthorized, message=Full authentication is required to access this resource, timestamp=2025-11-17T19:49:02.445676, status=401}
2025-11-17 19:49:02 - Unauthorized response sent successfully
2025-11-17 19:49:02 - Unauthorized response sent successfully
2025-11-17 19:49:02 - Unauthorized response sent successfully
2025-11-17 19:49:03 - No JWT token found in request headers
2025-11-17 19:49:03 - No JWT token found in request headers
2025-11-17 19:49:03 - No JWT token found in request headers
2025-11-17 19:49:03 - No JWT token found in request headers
2025-11-17 19:49:03 - No JWT token found in request headers
2025-11-17 19:49:03 - Unauthorized error: Full authentication is required to access this resource - Path: /users/4
2025-11-17 19:49:03 - Unauthorized error: Full authentication is required to access this resource - Path: /users/7
2025-11-17 19:49:03 - Unauthorized error: Full authentication is required to access this resource - Path: /users/5
2025-11-17 19:49:03 - Authentication error details: {path=/users/5, error=Unauthorized, message=Full authentication is required to access this resource, timestamp=2025-11-17T19:49:03.455370, status=401}
2025-11-17 19:49:03 - Authentication error details: {path=/users/7, error=Unauthorized, message=Full authentication is required to access this resource, timestamp=2025-11-17T19:49:03.455369, status=401}
2025-11-17 19:49:03 - Authentication error details: {path=/users/4, error=Unauthorized, message=Full authentication is required to access this resource, timestamp=2025-11-17T19:49:03.455319, status=401}
2025-11-17 19:49:03 - Unauthorized error: Full authentication is required to access this resource - Path: /users/6
2025-11-17 19:49:03 - Authentication error details: {path=/users/6, error=Unauthorized, message=Full authentication is required to access this resource, timestamp=2025-11-17T19:49:03.455498, status=401}
2025-11-17 19:49:03 - Unauthorized error: Full authentication is required to access this resource - Path: /users/3
2025-11-17 19:49:03 - Authentication error details: {path=/users/3, error=Unauthorized, message=Full authentication is required to access this resource, timestamp=2025-11-17T19:49:03.455818, status=401}
2025-11-17 19:49:03 - Unauthorized response sent successfully
2025-11-17 19:49:03 - Unauthorized response sent successfully
2025-11-17 19:49:03 - Unauthorized response sent successfully
2025-11-17 19:49:03 - Unauthorized response sent successfully
2025-11-17 19:49:03 - Unauthorized response sent successfully
2025-11-17 19:52:01 - Resolving eureka endpoints via configuration
2025-11-17 19:53:21 - No JWT token found in request headers
2025-11-17 19:53:21 - No JWT token found in request headers
2025-11-17 19:53:21 - No JWT token found in request headers
2025-11-17 19:53:21 - No JWT token found in request headers
2025-11-17 19:53:21 - No JWT token found in request headers
2025-11-17 19:53:21 - Unauthorized error: Full authentication is required to access this resource - Path: /users/7
2025-11-17 19:53:21 - Unauthorized error: Full authentication is required to access this resource - Path: /users/6
2025-11-17 19:53:21 - Unauthorized error: Full authentication is required to access this resource - Path: /users/5
2025-11-17 19:53:21 - Unauthorized error: Full authentication is required to access this resource - Path: /users/3
2025-11-17 19:53:21 - Unauthorized error: Full authentication is required to access this resource - Path: /users/4
2025-11-17 19:53:21 - Authentication error details: {path=/users/4, error=Unauthorized, message=Full authentication is required to access this resource, timestamp=2025-11-17T19:53:21.428859, status=401}
2025-11-17 19:53:21 - Authentication error details: {path=/users/3, error=Unauthorized, message=Full authentication is required to access this resource, timestamp=2025-11-17T19:53:21.428824, status=401}
2025-11-17 19:53:21 - Authentication error details: {path=/users/6, error=Unauthorized, message=Full authentication is required to access this resource, timestamp=2025-11-17T19:53:21.428822, status=401}
2025-11-17 19:53:21 - Authentication error details: {path=/users/5, error=Unauthorized, message=Full authentication is required to access this resource, timestamp=2025-11-17T19:53:21.428822, status=401}
2025-11-17 19:53:21 - Authentication error details: {path=/users/7, error=Unauthorized, message=Full authentication is required to access this resource, timestamp=2025-11-17T19:53:21.428821, status=401}
2025-11-17 19:53:21 - Unauthorized response sent successfully
2025-11-17 19:53:21 - Unauthorized response sent successfully
2025-11-17 19:53:21 - Unauthorized response sent successfully
2025-11-17 19:53:21 - Unauthorized response sent successfully
2025-11-17 19:53:21 - Unauthorized response sent successfully
2025-11-17 19:53:22 - No JWT token found in request headers
2025-11-17 19:53:22 - No JWT token found in request headers
2025-11-17 19:53:22 - Unauthorized error: Full authentication is required to access this resource - Path: /users/4
2025-11-17 19:53:22 - No JWT token found in request headers
2025-11-17 19:53:22 - Authentication error details: {path=/users/4, error=Unauthorized, message=Full authentication is required to access this resource, timestamp=2025-11-17T19:53:22.510749, status=401}
2025-11-17 19:53:22 - No JWT token found in request headers
2025-11-17 19:53:22 - Unauthorized error: Full authentication is required to access this resource - Path: /users/5
2025-11-17 19:53:22 - Unauthorized error: Full authentication is required to access this resource - Path: /users/6
2025-11-17 19:53:22 - Authentication error details: {path=/users/6, error=Unauthorized, message=Full authentication is required to access this resource, timestamp=2025-11-17T19:53:22.511352, status=401}
2025-11-17 19:53:22 - No JWT token found in request headers
2025-11-17 19:53:22 - Unauthorized error: Full authentication is required to access this resource - Path: /users/3
2025-11-17 19:53:22 - Authentication error details: {path=/users/3, error=Unauthorized, message=Full authentication is required to access this resource, timestamp=2025-11-17T19:53:22.511659, status=401}
2025-11-17 19:53:22 - Authentication error details: {path=/users/5, error=Unauthorized, message=Full authentication is required to access this resource, timestamp=2025-11-17T19:53:22.511304, status=401}
2025-11-17 19:53:22 - Unauthorized response sent successfully
2025-11-17 19:53:22 - Unauthorized response sent successfully
2025-11-17 19:53:22 - Unauthorized response sent successfully
2025-11-17 19:53:22 - Unauthorized error: Full authentication is required to access this resource - Path: /users/7
2025-11-17 19:53:22 - Authentication error details: {path=/users/7, error=Unauthorized, message=Full authentication is required to access this resource, timestamp=2025-11-17T19:53:22.512, status=401}
2025-11-17 19:53:22 - Unauthorized response sent successfully
2025-11-17 19:53:22 - Unauthorized response sent successfully
2025-11-17 19:53:23 - No JWT token found in request headers
2025-11-17 19:53:23 - No JWT token found in request headers
2025-11-17 19:53:23 - No JWT token found in request headers
2025-11-17 19:53:23 - No JWT token found in request headers
2025-11-17 19:53:23 - No JWT token found in request headers
2025-11-17 19:53:23 - Unauthorized error: Full authentication is required to access this resource - Path: /users/6
2025-11-17 19:53:23 - Unauthorized error: Full authentication is required to access this resource - Path: /users/5
2025-11-17 19:53:23 - Unauthorized error: Full authentication is required to access this resource - Path: /users/7
2025-11-17 19:53:23 - Unauthorized error: Full authentication is required to access this resource - Path: /users/4
2025-11-17 19:53:23 - Unauthorized error: Full authentication is required to access this resource - Path: /users/3
2025-11-17 19:53:23 - Authentication error details: {path=/users/4, error=Unauthorized, message=Full authentication is required to access this resource, timestamp=2025-11-17T19:53:23.735651, status=401}
2025-11-17 19:53:23 - Authentication error details: {path=/users/5, error=Unauthorized, message=Full authentication is required to access this resource, timestamp=2025-11-17T19:53:23.735695, status=401}
2025-11-17 19:53:23 - Authentication error details: {path=/users/6, error=Unauthorized, message=Full authentication is required to access this resource, timestamp=2025-11-17T19:53:23.735663, status=401}
2025-11-17 19:53:23 - Authentication error details: {path=/users/3, error=Unauthorized, message=Full authentication is required to access this resource, timestamp=2025-11-17T19:53:23.735651, status=401}
2025-11-17 19:53:23 - Authentication error details: {path=/users/7, error=Unauthorized, message=Full authentication is required to access this resource, timestamp=2025-11-17T19:53:23.735652, status=401}
2025-11-17 19:53:23 - Unauthorized response sent successfully
2025-11-17 19:53:23 - Unauthorized response sent successfully
2025-11-17 19:53:23 - Unauthorized response sent successfully
2025-11-17 19:53:23 - Unauthorized response sent successfully
2025-11-17 19:53:23 - Unauthorized response sent successfully
2025-11-17 19:53:24 - No JWT token found in request headers
2025-11-17 19:53:24 - No JWT token found in request headers
2025-11-17 19:53:24 - No JWT token found in request headers
2025-11-17 19:53:24 - No JWT token found in request headers
2025-11-17 19:53:24 - No JWT token found in request headers
2025-11-17 19:53:24 - Unauthorized error: Full authentication is required to access this resource - Path: /users/5
2025-11-17 19:53:24 - Unauthorized error: Full authentication is required to access this resource - Path: /users/6
2025-11-17 19:53:24 - Unauthorized error: Full authentication is required to access this resource - Path: /users/3
2025-11-17 19:53:24 - Authentication error details: {path=/users/5, error=Unauthorized, message=Full authentication is required to access this resource, timestamp=2025-11-17T19:53:24.992300, status=401}
2025-11-17 19:53:24 - Authentication error details: {path=/users/3, error=Unauthorized, message=Full authentication is required to access this resource, timestamp=2025-11-17T19:53:24.992301, status=401}
2025-11-17 19:53:24 - Authentication error details: {path=/users/6, error=Unauthorized, message=Full authentication is required to access this resource, timestamp=2025-11-17T19:53:24.992300, status=401}
2025-11-17 19:53:24 - Unauthorized error: Full authentication is required to access this resource - Path: /users/4
2025-11-17 19:53:24 - Unauthorized error: Full authentication is required to access this resource - Path: /users/7
2025-11-17 19:53:24 - Authentication error details: {path=/users/4, error=Unauthorized, message=Full authentication is required to access this resource, timestamp=2025-11-17T19:53:24.992482, status=401}
2025-11-17 19:53:24 - Authentication error details: {path=/users/7, error=Unauthorized, message=Full authentication is required to access this resource, timestamp=2025-11-17T19:53:24.992521, status=401}
2025-11-17 19:53:24 - Unauthorized response sent successfully
2025-11-17 19:53:24 - Unauthorized response sent successfully
2025-11-17 19:53:24 - Unauthorized response sent successfully
2025-11-17 19:53:24 - Unauthorized response sent successfully
2025-11-17 19:53:24 - Unauthorized response sent successfully
2025-11-17 19:53:26 - No JWT token found in request headers
2025-11-17 19:53:26 - No JWT token found in request headers
2025-11-17 19:53:26 - No JWT token found in request headers
2025-11-17 19:53:26 - No JWT token found in request headers
2025-11-17 19:53:26 - No JWT token found in request headers
2025-11-17 19:53:26 - Unauthorized error: Full authentication is required to access this resource - Path: /users/7
2025-11-17 19:53:26 - Authentication error details: {path=/users/7, error=Unauthorized, message=Full authentication is required to access this resource, timestamp=2025-11-17T19:53:26.032317, status=401}
2025-11-17 19:53:26 - Unauthorized error: Full authentication is required to access this resource - Path: /users/3
2025-11-17 19:53:26 - Authentication error details: {path=/users/3, error=Unauthorized, message=Full authentication is required to access this resource, timestamp=2025-11-17T19:53:26.032538, status=401}
2025-11-17 19:53:26 - Unauthorized error: Full authentication is required to access this resource - Path: /users/6
2025-11-17 19:53:26 - Authentication error details: {path=/users/6, error=Unauthorized, message=Full authentication is required to access this resource, timestamp=2025-11-17T19:53:26.032634, status=401}
2025-11-17 19:53:26 - Unauthorized error: Full authentication is required to access this resource - Path: /users/5
2025-11-17 19:53:26 - Authentication error details: {path=/users/5, error=Unauthorized, message=Full authentication is required to access this resource, timestamp=2025-11-17T19:53:26.032714, status=401}
2025-11-17 19:53:26 - Unauthorized error: Full authentication is required to access this resource - Path: /users/4
2025-11-17 19:53:26 - Authentication error details: {path=/users/4, error=Unauthorized, message=Full authentication is required to access this resource, timestamp=2025-11-17T19:53:26.032887, status=401}
2025-11-17 19:53:26 - Unauthorized response sent successfully
2025-11-17 19:53:26 - Unauthorized response sent successfully
2025-11-17 19:53:26 - Unauthorized response sent successfully
2025-11-17 19:53:26 - Unauthorized response sent successfully
2025-11-17 19:53:26 - Unauthorized response sent successfully
2025-11-17 19:53:27 - No JWT token found in request headers
2025-11-17 19:53:27 - No JWT token found in request headers
2025-11-17 19:53:27 - No JWT token found in request headers
2025-11-17 19:53:27 - Unauthorized error: Full authentication is required to access this resource - Path: /users/3
2025-11-17 19:53:27 - Unauthorized error: Full authentication is required to access this resource - Path: /users/5
2025-11-17 19:53:27 - Authentication error details: {path=/users/5, error=Unauthorized, message=Full authentication is required to access this resource, timestamp=2025-11-17T19:53:27.006910, status=401}
2025-11-17 19:53:27 - Authentication error details: {path=/users/3, error=Unauthorized, message=Full authentication is required to access this resource, timestamp=2025-11-17T19:53:27.007167, status=401}
2025-11-17 19:53:27 - Unauthorized error: Full authentication is required to access this resource - Path: /users/4
2025-11-17 19:53:27 - Authentication error details: {path=/users/4, error=Unauthorized, message=Full authentication is required to access this resource, timestamp=2025-11-17T19:53:27.008373, status=401}
2025-11-17 19:53:27 - No JWT token found in request headers
2025-11-17 19:53:27 - Unauthorized response sent successfully
2025-11-17 19:53:27 - Unauthorized response sent successfully
2025-11-17 19:53:27 - No JWT token found in request headers
2025-11-17 19:53:27 - Unauthorized error: Full authentication is required to access this resource - Path: /users/7
2025-11-17 19:53:27 - Authentication error details: {path=/users/7, error=Unauthorized, message=Full authentication is required to access this resource, timestamp=2025-11-17T19:53:27.009159, status=401}
2025-11-17 19:53:27 - Unauthorized response sent successfully
2025-11-17 19:53:27 - Unauthorized response sent successfully
2025-11-17 19:53:27 - Unauthorized error: Full authentication is required to access this resource - Path: /users/6
2025-11-17 19:53:27 - Authentication error details: {path=/users/6, error=Unauthorized, message=Full authentication is required to access this resource, timestamp=2025-11-17T19:53:27.011792, status=401}
2025-11-17 19:53:27 - Unauthorized response sent successfully
2025-11-17 19:53:28 - No JWT token found in request headers
2025-11-17 19:53:28 - No JWT token found in request headers
2025-11-17 19:53:28 - No JWT token found in request headers
2025-11-17 19:53:28 - No JWT token found in request headers
2025-11-17 19:53:28 - No JWT token found in request headers
2025-11-17 19:53:28 - Unauthorized error: Full authentication is required to access this resource - Path: /users/4
2025-11-17 19:53:28 - Unauthorized error: Full authentication is required to access this resource - Path: /users/7
2025-11-17 19:53:28 - Unauthorized error: Full authentication is required to access this resource - Path: /users/5
2025-11-17 19:53:28 - Unauthorized error: Full authentication is required to access this resource - Path: /users/6
2025-11-17 19:53:28 - Unauthorized error: Full authentication is required to access this resource - Path: /users/3
2025-11-17 19:53:28 - Authentication error details: {path=/users/7, error=Unauthorized, message=Full authentication is required to access this resource, timestamp=2025-11-17T19:53:28.018469, status=401}
2025-11-17 19:53:28 - Authentication error details: {path=/users/6, error=Unauthorized, message=Full authentication is required to access this resource, timestamp=2025-11-17T19:53:28.018384, status=401}
2025-11-17 19:53:28 - Authentication error details: {path=/users/4, error=Unauthorized, message=Full authentication is required to access this resource, timestamp=2025-11-17T19:53:28.018403, status=401}
2025-11-17 19:53:28 - Authentication error details: {path=/users/5, error=Unauthorized, message=Full authentication is required to access this resource, timestamp=2025-11-17T19:53:28.018384, status=401}
2025-11-17 19:53:28 - Authentication error details: {path=/users/3, error=Unauthorized, message=Full authentication is required to access this resource, timestamp=2025-11-17T19:53:28.018394, status=401}
2025-11-17 19:53:28 - Unauthorized response sent successfully
2025-11-17 19:53:28 - Unauthorized response sent successfully
2025-11-17 19:53:28 - Unauthorized response sent successfully
2025-11-17 19:53:28 - Unauthorized response sent successfully
2025-11-17 19:53:28 - Unauthorized response sent successfully
2025-11-17 19:53:29 - No JWT token found in request headers
2025-11-17 19:53:29 - No JWT token found in request headers
2025-11-17 19:53:29 - No JWT token found in request headers
2025-11-17 19:53:29 - Unauthorized error: Full authentication is required to access this resource - Path: /users/5
2025-11-17 19:53:29 - No JWT token found in request headers
2025-11-17 19:53:29 - Authentication error details: {path=/users/5, error=Unauthorized, message=Full authentication is required to access this resource, timestamp=2025-11-17T19:53:29.174065, status=401}
2025-11-17 19:53:29 - Unauthorized error: Full authentication is required to access this resource - Path: /users/4
2025-11-17 19:53:29 - Authentication error details: {path=/users/4, error=Unauthorized, message=Full authentication is required to access this resource, timestamp=2025-11-17T19:53:29.175531, status=401}
2025-11-17 19:53:29 - Unauthorized error: Full authentication is required to access this resource - Path: /users/3
2025-11-17 19:53:29 - Authentication error details: {path=/users/3, error=Unauthorized, message=Full authentication is required to access this resource, timestamp=2025-11-17T19:53:29.175959, status=401}
2025-11-17 19:53:29 - Unauthorized error: Full authentication is required to access this resource - Path: /users/6
2025-11-17 19:53:29 - Authentication error details: {path=/users/6, error=Unauthorized, message=Full authentication is required to access this resource, timestamp=2025-11-17T19:53:29.176189, status=401}
2025-11-17 19:53:29 - Unauthorized response sent successfully
2025-11-17 19:53:29 - Unauthorized response sent successfully
2025-11-17 19:53:29 - No JWT token found in request headers
2025-11-17 19:53:29 - Unauthorized error: Full authentication is required to access this resource - Path: /users/7
2025-11-17 19:53:29 - Authentication error details: {path=/users/7, error=Unauthorized, message=Full authentication is required to access this resource, timestamp=2025-11-17T19:53:29.177396, status=401}
2025-11-17 19:53:29 - Unauthorized response sent successfully
2025-11-17 19:53:29 - Unauthorized response sent successfully
2025-11-17 19:53:29 - Unauthorized response sent successfully
2025-11-17 19:53:30 - No JWT token found in request headers
2025-11-17 19:53:30 - No JWT token found in request headers
2025-11-17 19:53:30 - No JWT token found in request headers
2025-11-17 19:53:30 - No JWT token found in request headers
2025-11-17 19:53:30 - No JWT token found in request headers
2025-11-17 19:53:30 - Unauthorized error: Full authentication is required to access this resource - Path: /users/4
2025-11-17 19:53:30 - Unauthorized error: Full authentication is required to access this resource - Path: /users/5
2025-11-17 19:53:30 - Authentication error details: {path=/users/5, error=Unauthorized, message=Full authentication is required to access this resource, timestamp=2025-11-17T19:53:30.289740, status=401}
2025-11-17 19:53:30 - Authentication error details: {path=/users/4, error=Unauthorized, message=Full authentication is required to access this resource, timestamp=2025-11-17T19:53:30.289901, status=401}
2025-11-17 19:53:30 - Unauthorized error: Full authentication is required to access this resource - Path: /users/7
2025-11-17 19:53:30 - Authentication error details: {path=/users/7, error=Unauthorized, message=Full authentication is required to access this resource, timestamp=2025-11-17T19:53:30.289979, status=401}
2025-11-17 19:53:30 - Unauthorized error: Full authentication is required to access this resource - Path: /users/6
2025-11-17 19:53:30 - Authentication error details: {path=/users/6, error=Unauthorized, message=Full authentication is required to access this resource, timestamp=2025-11-17T19:53:30.290196, status=401}
2025-11-17 19:53:30 - Unauthorized error: Full authentication is required to access this resource - Path: /users/3
2025-11-17 19:53:30 - Authentication error details: {path=/users/3, error=Unauthorized, message=Full authentication is required to access this resource, timestamp=2025-11-17T19:53:30.290423, status=401}
2025-11-17 19:53:30 - Unauthorized response sent successfully
2025-11-17 19:53:30 - Unauthorized response sent successfully
2025-11-17 19:53:30 - Unauthorized response sent successfully
2025-11-17 19:53:30 - Unauthorized response sent successfully
2025-11-17 19:53:30 - Unauthorized response sent successfully
2025-11-17 19:53:31 - No JWT token found in request headers
2025-11-17 19:53:31 - No JWT token found in request headers
2025-11-17 19:53:31 - No JWT token found in request headers
2025-11-17 19:53:31 - No JWT token found in request headers
2025-11-17 19:53:31 - No JWT token found in request headers
2025-11-17 19:53:31 - Unauthorized error: Full authentication is required to access this resource - Path: /users/4
2025-11-17 19:53:31 - Unauthorized error: Full authentication is required to access this resource - Path: /users/7
2025-11-17 19:53:31 - Unauthorized error: Full authentication is required to access this resource - Path: /users/5
2025-11-17 19:53:31 - Unauthorized error: Full authentication is required to access this resource - Path: /users/3
2025-11-17 19:53:31 - Unauthorized error: Full authentication is required to access this resource - Path: /users/6
2025-11-17 19:53:31 - Authentication error details: {path=/users/6, error=Unauthorized, message=Full authentication is required to access this resource, timestamp=2025-11-17T19:53:31.329051, status=401}
2025-11-17 19:53:31 - Authentication error details: {path=/users/4, error=Unauthorized, message=Full authentication is required to access this resource, timestamp=2025-11-17T19:53:31.328768, status=401}
2025-11-17 19:53:31 - Authentication error details: {path=/users/5, error=Unauthorized, message=Full authentication is required to access this resource, timestamp=2025-11-17T19:53:31.328942, status=401}
2025-11-17 19:53:31 - Authentication error details: {path=/users/3, error=Unauthorized, message=Full authentication is required to access this resource, timestamp=2025-11-17T19:53:31.328979, status=401}
2025-11-17 19:53:31 - Authentication error details: {path=/users/7, error=Unauthorized, message=Full authentication is required to access this resource, timestamp=2025-11-17T19:53:31.328784, status=401}
2025-11-17 19:53:31 - Unauthorized response sent successfully
2025-11-17 19:53:31 - Unauthorized response sent successfully
2025-11-17 19:53:31 - Unauthorized response sent successfully
2025-11-17 19:53:31 - Unauthorized response sent successfully
2025-11-17 19:53:31 - Unauthorized response sent successfully
2025-11-17 19:53:32 - No JWT token found in request headers
2025-11-17 19:53:32 - No JWT token found in request headers
2025-11-17 19:53:32 - No JWT token found in request headers
2025-11-17 19:53:32 - No JWT token found in request headers
2025-11-17 19:53:32 - No JWT token found in request headers
2025-11-17 19:53:32 - Unauthorized error: Full authentication is required to access this resource - Path: /users/4
2025-11-17 19:53:32 - Unauthorized error: Full authentication is required to access this resource - Path: /users/6
2025-11-17 19:53:32 - Unauthorized error: Full authentication is required to access this resource - Path: /users/5
2025-11-17 19:53:32 - Unauthorized error: Full authentication is required to access this resource - Path: /users/7
2025-11-17 19:53:32 - Unauthorized error: Full authentication is required to access this resource - Path: /users/3
2025-11-17 19:53:32 - Authentication error details: {path=/users/5, error=Unauthorized, message=Full authentication is required to access this resource, timestamp=2025-11-17T19:53:32.341350, status=401}
2025-11-17 19:53:32 - Authentication error details: {path=/users/7, error=Unauthorized, message=Full authentication is required to access this resource, timestamp=2025-11-17T19:53:32.341380, status=401}
2025-11-17 19:53:32 - Authentication error details: {path=/users/4, error=Unauthorized, message=Full authentication is required to access this resource, timestamp=2025-11-17T19:53:32.341321, status=401}
2025-11-17 19:53:32 - Authentication error details: {path=/users/3, error=Unauthorized, message=Full authentication is required to access this resource, timestamp=2025-11-17T19:53:32.341394, status=401}
2025-11-17 19:53:32 - Authentication error details: {path=/users/6, error=Unauthorized, message=Full authentication is required to access this resource, timestamp=2025-11-17T19:53:32.341322, status=401}
2025-11-17 19:53:32 - Unauthorized response sent successfully
2025-11-17 19:53:32 - Unauthorized response sent successfully
2025-11-17 19:53:32 - Unauthorized response sent successfully
2025-11-17 19:53:32 - Unauthorized response sent successfully
2025-11-17 19:53:32 - Unauthorized response sent successfully
2025-11-17 19:53:33 - No JWT token found in request headers
2025-11-17 19:53:33 - No JWT token found in request headers
2025-11-17 19:53:33 - No JWT token found in request headers
2025-11-17 19:53:33 - No JWT token found in request headers
2025-11-17 19:53:33 - No JWT token found in request headers
2025-11-17 19:53:33 - Unauthorized error: Full authentication is required to access this resource - Path: /users/3
2025-11-17 19:53:33 - Authentication error details: {path=/users/3, error=Unauthorized, message=Full authentication is required to access this resource, timestamp=2025-11-17T19:53:33.703035, status=401}
2025-11-17 19:53:33 - Unauthorized error: Full authentication is required to access this resource - Path: /users/5
2025-11-17 19:53:33 - Unauthorized error: Full authentication is required to access this resource - Path: /users/4
2025-11-17 19:53:33 - Authentication error details: {path=/users/4, error=Unauthorized, message=Full authentication is required to access this resource, timestamp=2025-11-17T19:53:33.703423, status=401}
2025-11-17 19:53:33 - Unauthorized error: Full authentication is required to access this resource - Path: /users/7
2025-11-17 19:53:33 - Authentication error details: {path=/users/7, error=Unauthorized, message=Full authentication is required to access this resource, timestamp=2025-11-17T19:53:33.704039, status=401}
2025-11-17 19:53:33 - Unauthorized error: Full authentication is required to access this resource - Path: /users/6
2025-11-17 19:53:33 - Authentication error details: {path=/users/6, error=Unauthorized, message=Full authentication is required to access this resource, timestamp=2025-11-17T19:53:33.704155, status=401}
2025-11-17 19:53:33 - Authentication error details: {path=/users/5, error=Unauthorized, message=Full authentication is required to access this resource, timestamp=2025-11-17T19:53:33.703313, status=401}
2025-11-17 19:53:33 - Unauthorized response sent successfully
2025-11-17 19:53:33 - Unauthorized response sent successfully
2025-11-17 19:53:33 - Unauthorized response sent successfully
2025-11-17 19:53:33 - Unauthorized response sent successfully
2025-11-17 19:53:33 - Unauthorized response sent successfully
2025-11-17 19:53:34 - No JWT token found in request headers
2025-11-17 19:53:34 - No JWT token found in request headers
2025-11-17 19:53:34 - No JWT token found in request headers
2025-11-17 19:53:34 - Unauthorized error: Full authentication is required to access this resource - Path: /users/3
2025-11-17 19:53:34 - Authentication error details: {path=/users/3, error=Unauthorized, message=Full authentication is required to access this resource, timestamp=2025-11-17T19:53:34.710748, status=401}
2025-11-17 19:53:34 - Unauthorized error: Full authentication is required to access this resource - Path: /users/4
2025-11-17 19:53:34 - Authentication error details: {path=/users/4, error=Unauthorized, message=Full authentication is required to access this resource, timestamp=2025-11-17T19:53:34.710981, status=401}
2025-11-17 19:53:34 - Unauthorized response sent successfully
2025-11-17 19:53:34 - Unauthorized response sent successfully
2025-11-17 19:53:34 - No JWT token found in request headers
2025-11-17 19:53:34 - Unauthorized error: Full authentication is required to access this resource - Path: /users/5
2025-11-17 19:53:34 - Authentication error details: {path=/users/5, error=Unauthorized, message=Full authentication is required to access this resource, timestamp=2025-11-17T19:53:34.711568, status=401}
2025-11-17 19:53:34 - Unauthorized error: Full authentication is required to access this resource - Path: /users/6
2025-11-17 19:53:34 - No JWT token found in request headers
2025-11-17 19:53:34 - Unauthorized response sent successfully
2025-11-17 19:53:34 - Authentication error details: {path=/users/6, error=Unauthorized, message=Full authentication is required to access this resource, timestamp=2025-11-17T19:53:34.712121, status=401}
2025-11-17 19:53:34 - Unauthorized error: Full authentication is required to access this resource - Path: /users/7
2025-11-17 19:53:34 - Authentication error details: {path=/users/7, error=Unauthorized, message=Full authentication is required to access this resource, timestamp=2025-11-17T19:53:34.712860, status=401}
2025-11-17 19:53:34 - Unauthorized response sent successfully
2025-11-17 19:53:34 - Unauthorized response sent successfully
2025-11-17 19:53:35 - No JWT token found in request headers
2025-11-17 19:53:35 - No JWT token found in request headers
2025-11-17 19:53:35 - No JWT token found in request headers
2025-11-17 19:53:35 - No JWT token found in request headers
2025-11-17 19:53:35 - No JWT token found in request headers
2025-11-17 19:53:35 - Unauthorized error: Full authentication is required to access this resource - Path: /users/3
2025-11-17 19:53:35 - Unauthorized error: Full authentication is required to access this resource - Path: /users/4
2025-11-17 19:53:35 - Unauthorized error: Full authentication is required to access this resource - Path: /users/5
2025-11-17 19:53:35 - Unauthorized error: Full authentication is required to access this resource - Path: /users/7
2025-11-17 19:53:35 - Authentication error details: {path=/users/5, error=Unauthorized, message=Full authentication is required to access this resource, timestamp=2025-11-17T19:53:35.749914, status=401}
2025-11-17 19:53:35 - Authentication error details: {path=/users/7, error=Unauthorized, message=Full authentication is required to access this resource, timestamp=2025-11-17T19:53:35.749986, status=401}
2025-11-17 19:53:35 - Authentication error details: {path=/users/3, error=Unauthorized, message=Full authentication is required to access this resource, timestamp=2025-11-17T19:53:35.749913, status=401}
2025-11-17 19:53:35 - Authentication error details: {path=/users/4, error=Unauthorized, message=Full authentication is required to access this resource, timestamp=2025-11-17T19:53:35.749913, status=401}
2025-11-17 19:53:35 - Unauthorized error: Full authentication is required to access this resource - Path: /users/6
2025-11-17 19:53:35 - Authentication error details: {path=/users/6, error=Unauthorized, message=Full authentication is required to access this resource, timestamp=2025-11-17T19:53:35.750203, status=401}
2025-11-17 19:53:35 - Unauthorized response sent successfully
2025-11-17 19:53:35 - Unauthorized response sent successfully
2025-11-17 19:53:35 - Unauthorized response sent successfully
2025-11-17 19:53:35 - Unauthorized response sent successfully
2025-11-17 19:53:35 - Unauthorized response sent successfully
2025-11-17 19:53:37 - No JWT token found in request headers
2025-11-17 19:53:37 - No JWT token found in request headers
2025-11-17 19:53:37 - No JWT token found in request headers
2025-11-17 19:53:37 - No JWT token found in request headers
2025-11-17 19:53:37 - No JWT token found in request headers
2025-11-17 19:53:37 - Unauthorized error: Full authentication is required to access this resource - Path: /users/7
2025-11-17 19:53:37 - Unauthorized error: Full authentication is required to access this resource - Path: /users/5
2025-11-17 19:53:37 - Unauthorized error: Full authentication is required to access this resource - Path: /users/4
2025-11-17 19:53:37 - Unauthorized error: Full authentication is required to access this resource - Path: /users/6
2025-11-17 19:53:37 - Authentication error details: {path=/users/5, error=Unauthorized, message=Full authentication is required to access this resource, timestamp=2025-11-17T19:53:37.977646, status=401}
2025-11-17 19:53:37 - Authentication error details: {path=/users/7, error=Unauthorized, message=Full authentication is required to access this resource, timestamp=2025-11-17T19:53:37.977645, status=401}
2025-11-17 19:53:37 - Authentication error details: {path=/users/4, error=Unauthorized, message=Full authentication is required to access this resource, timestamp=2025-11-17T19:53:37.977683, status=401}
2025-11-17 19:53:37 - Unauthorized error: Full authentication is required to access this resource - Path: /users/3
2025-11-17 19:53:37 - Authentication error details: {path=/users/3, error=Unauthorized, message=Full authentication is required to access this resource, timestamp=2025-11-17T19:53:37.978058, status=401}
2025-11-17 19:53:37 - Authentication error details: {path=/users/6, error=Unauthorized, message=Full authentication is required to access this resource, timestamp=2025-11-17T19:53:37.977727, status=401}
2025-11-17 19:53:37 - Unauthorized response sent successfully
2025-11-17 19:53:37 - Unauthorized response sent successfully
2025-11-17 19:53:37 - Unauthorized response sent successfully
2025-11-17 19:53:37 - Unauthorized response sent successfully
2025-11-17 19:53:37 - Unauthorized response sent successfully
2025-11-17 19:53:39 - No JWT token found in request headers
2025-11-17 19:53:39 - No JWT token found in request headers
2025-11-17 19:53:39 - Unauthorized error: Full authentication is required to access this resource - Path: /users/4
2025-11-17 19:53:39 - Authentication error details: {path=/users/4, error=Unauthorized, message=Full authentication is required to access this resource, timestamp=2025-11-17T19:53:39.057484, status=401}
2025-11-17 19:53:39 - Unauthorized error: Full authentication is required to access this resource - Path: /users/5
2025-11-17 19:53:39 - Authentication error details: {path=/users/5, error=Unauthorized, message=Full authentication is required to access this resource, timestamp=2025-11-17T19:53:39.057910, status=401}
2025-11-17 19:53:39 - No JWT token found in request headers
2025-11-17 19:53:39 - Unauthorized response sent successfully
2025-11-17 19:53:39 - Unauthorized error: Full authentication is required to access this resource - Path: /users/3
2025-11-17 19:53:39 - Authentication error details: {path=/users/3, error=Unauthorized, message=Full authentication is required to access this resource, timestamp=2025-11-17T19:53:39.058727, status=401}
2025-11-17 19:53:39 - No JWT token found in request headers
2025-11-17 19:53:39 - Unauthorized response sent successfully
2025-11-17 19:53:39 - Unauthorized response sent successfully
2025-11-17 19:53:39 - No JWT token found in request headers
2025-11-17 19:53:39 - Unauthorized error: Full authentication is required to access this resource - Path: /users/6
2025-11-17 19:53:39 - Unauthorized error: Full authentication is required to access this resource - Path: /users/7
2025-11-17 19:53:39 - Authentication error details: {path=/users/7, error=Unauthorized, message=Full authentication is required to access this resource, timestamp=2025-11-17T19:53:39.059829, status=401}
2025-11-17 19:53:39 - Unauthorized response sent successfully
2025-11-17 19:53:39 - Authentication error details: {path=/users/6, error=Unauthorized, message=Full authentication is required to access this resource, timestamp=2025-11-17T19:53:39.059308, status=401}
2025-11-17 19:53:39 - Unauthorized response sent successfully
2025-11-17 19:53:40 - No JWT token found in request headers
2025-11-17 19:53:40 - No JWT token found in request headers
2025-11-17 19:53:40 - No JWT token found in request headers
2025-11-17 19:53:40 - No JWT token found in request headers
2025-11-17 19:53:40 - Unauthorized error: Full authentication is required to access this resource - Path: /users/4
2025-11-17 19:53:40 - Unauthorized error: Full authentication is required to access this resource - Path: /users/5
2025-11-17 19:53:40 - Unauthorized error: Full authentication is required to access this resource - Path: /users/6
2025-11-17 19:53:40 - Authentication error details: {path=/users/4, error=Unauthorized, message=Full authentication is required to access this resource, timestamp=2025-11-17T19:53:40.156919, status=401}
2025-11-17 19:53:40 - Authentication error details: {path=/users/5, error=Unauthorized, message=Full authentication is required to access this resource, timestamp=2025-11-17T19:53:40.156962, status=401}
2025-11-17 19:53:40 - Authentication error details: {path=/users/6, error=Unauthorized, message=Full authentication is required to access this resource, timestamp=2025-11-17T19:53:40.156986, status=401}
2025-11-17 19:53:40 - Unauthorized response sent successfully
2025-11-17 19:53:40 - Unauthorized response sent successfully
2025-11-17 19:53:40 - Unauthorized error: Full authentication is required to access this resource - Path: /users/3
2025-11-17 19:53:40 - Authentication error details: {path=/users/3, error=Unauthorized, message=Full authentication is required to access this resource, timestamp=2025-11-17T19:53:40.157600, status=401}
2025-11-17 19:53:40 - Unauthorized response sent successfully
2025-11-17 19:53:40 - Unauthorized response sent successfully
2025-11-17 19:53:40 - No JWT token found in request headers
2025-11-17 19:53:40 - Unauthorized error: Full authentication is required to access this resource - Path: /users/7
2025-11-17 19:53:40 - Authentication error details: {path=/users/7, error=Unauthorized, message=Full authentication is required to access this resource, timestamp=2025-11-17T19:53:40.163180, status=401}
2025-11-17 19:53:40 - Unauthorized response sent successfully
2025-11-17 19:53:41 - No JWT token found in request headers
2025-11-17 19:53:41 - Unauthorized error: Full authentication is required to access this resource - Path: /users/3
2025-11-17 19:53:41 - Authentication error details: {path=/users/3, error=Unauthorized, message=Full authentication is required to access this resource, timestamp=2025-11-17T19:53:41.142206, status=401}
2025-11-17 19:53:41 - Unauthorized response sent successfully
2025-11-17 19:53:41 - No JWT token found in request headers
2025-11-17 19:53:41 - Unauthorized error: Full authentication is required to access this resource - Path: /users/4
2025-11-17 19:53:41 - Authentication error details: {path=/users/4, error=Unauthorized, message=Full authentication is required to access this resource, timestamp=2025-11-17T19:53:41.143559, status=401}
2025-11-17 19:53:41 - No JWT token found in request headers
2025-11-17 19:53:41 - Unauthorized response sent successfully
2025-11-17 19:53:41 - No JWT token found in request headers
2025-11-17 19:53:41 - Unauthorized error: Full authentication is required to access this resource - Path: /users/5
2025-11-17 19:53:41 - Authentication error details: {path=/users/5, error=Unauthorized, message=Full authentication is required to access this resource, timestamp=2025-11-17T19:53:41.147548, status=401}
2025-11-17 19:53:41 - Unauthorized response sent successfully
2025-11-17 19:53:41 - Unauthorized error: Full authentication is required to access this resource - Path: /users/6
2025-11-17 19:53:41 - Authentication error details: {path=/users/6, error=Unauthorized, message=Full authentication is required to access this resource, timestamp=2025-11-17T19:53:41.148008, status=401}
2025-11-17 19:53:41 - Unauthorized response sent successfully
2025-11-17 19:53:41 - No JWT token found in request headers
2025-11-17 19:53:41 - Unauthorized error: Full authentication is required to access this resource - Path: /users/7
2025-11-17 19:53:41 - Authentication error details: {path=/users/7, error=Unauthorized, message=Full authentication is required to access this resource, timestamp=2025-11-17T19:53:41.150829, status=401}
2025-11-17 19:53:41 - Unauthorized response sent successfully
2025-11-17 19:53:42 - No JWT token found in request headers
2025-11-17 19:53:42 - No JWT token found in request headers
2025-11-17 19:53:42 - Unauthorized error: Full authentication is required to access this resource - Path: /users/3
2025-11-17 19:53:42 - Unauthorized error: Full authentication is required to access this resource - Path: /users/4
2025-11-17 19:53:42 - Authentication error details: {path=/users/3, error=Unauthorized, message=Full authentication is required to access this resource, timestamp=2025-11-17T19:53:42.132474, status=401}
2025-11-17 19:53:42 - Authentication error details: {path=/users/4, error=Unauthorized, message=Full authentication is required to access this resource, timestamp=2025-11-17T19:53:42.132494, status=401}
2025-11-17 19:53:42 - No JWT token found in request headers
2025-11-17 19:53:42 - Unauthorized response sent successfully
2025-11-17 19:53:42 - Unauthorized error: Full authentication is required to access this resource - Path: /users/6
2025-11-17 19:53:42 - Authentication error details: {path=/users/6, error=Unauthorized, message=Full authentication is required to access this resource, timestamp=2025-11-17T19:53:42.132984, status=401}
2025-11-17 19:53:42 - Unauthorized response sent successfully
2025-11-17 19:53:42 - Unauthorized response sent successfully
2025-11-17 19:53:42 - No JWT token found in request headers
2025-11-17 19:53:42 - Unauthorized error: Full authentication is required to access this resource - Path: /users/5
2025-11-17 19:53:42 - Authentication error details: {path=/users/5, error=Unauthorized, message=Full authentication is required to access this resource, timestamp=2025-11-17T19:53:42.136347, status=401}
2025-11-17 19:53:42 - No JWT token found in request headers
2025-11-17 19:53:42 - Unauthorized response sent successfully
2025-11-17 19:53:42 - Unauthorized error: Full authentication is required to access this resource - Path: /users/7
2025-11-17 19:53:42 - Authentication error details: {path=/users/7, error=Unauthorized, message=Full authentication is required to access this resource, timestamp=2025-11-17T19:53:42.137398, status=401}
2025-11-17 19:53:42 - Unauthorized response sent successfully
2025-11-17 19:53:43 - No JWT token found in request headers
2025-11-17 19:53:43 - No JWT token found in request headers
2025-11-17 19:53:43 - Unauthorized error: Full authentication is required to access this resource - Path: /users/3
2025-11-17 19:53:43 - Authentication error details: {path=/users/3, error=Unauthorized, message=Full authentication is required to access this resource, timestamp=2025-11-17T19:53:43.105852, status=401}
2025-11-17 19:53:43 - Unauthorized error: Full authentication is required to access this resource - Path: /users/5
2025-11-17 19:53:43 - Authentication error details: {path=/users/5, error=Unauthorized, message=Full authentication is required to access this resource, timestamp=2025-11-17T19:53:43.106225, status=401}
2025-11-17 19:53:43 - No JWT token found in request headers
2025-11-17 19:53:43 - Unauthorized response sent successfully
2025-11-17 19:53:43 - Unauthorized error: Full authentication is required to access this resource - Path: /users/4
2025-11-17 19:53:43 - Authentication error details: {path=/users/4, error=Unauthorized, message=Full authentication is required to access this resource, timestamp=2025-11-17T19:53:43.106847, status=401}
2025-11-17 19:53:43 - Unauthorized response sent successfully
2025-11-17 19:53:43 - Unauthorized response sent successfully
2025-11-17 19:53:43 - No JWT token found in request headers
2025-11-17 19:53:43 - No JWT token found in request headers
2025-11-17 19:53:43 - Unauthorized error: Full authentication is required to access this resource - Path: /users/7
2025-11-17 19:53:43 - Authentication error details: {path=/users/7, error=Unauthorized, message=Full authentication is required to access this resource, timestamp=2025-11-17T19:53:43.107552, status=401}
2025-11-17 19:53:43 - Unauthorized response sent successfully
2025-11-17 19:53:43 - Unauthorized error: Full authentication is required to access this resource - Path: /users/6
2025-11-17 19:53:43 - Authentication error details: {path=/users/6, error=Unauthorized, message=Full authentication is required to access this resource, timestamp=2025-11-17T19:53:43.108440, status=401}
2025-11-17 19:53:43 - Unauthorized response sent successfully
2025-11-17 19:53:44 - No JWT token found in request headers
2025-11-17 19:53:44 - No JWT token found in request headers
2025-11-17 19:53:44 - No JWT token found in request headers
2025-11-17 19:53:44 - No JWT token found in request headers
2025-11-17 19:53:44 - No JWT token found in request headers
2025-11-17 19:53:44 - Unauthorized error: Full authentication is required to access this resource - Path: /users/4
2025-11-17 19:53:44 - Unauthorized error: Full authentication is required to access this resource - Path: /users/7
2025-11-17 19:53:44 - Unauthorized error: Full authentication is required to access this resource - Path: /users/6
2025-11-17 19:53:44 - Authentication error details: {path=/users/6, error=Unauthorized, message=Full authentication is required to access this resource, timestamp=2025-11-17T19:53:44.101421, status=401}
2025-11-17 19:53:44 - Unauthorized error: Full authentication is required to access this resource - Path: /users/3
2025-11-17 19:53:44 - Authentication error details: {path=/users/7, error=Unauthorized, message=Full authentication is required to access this resource, timestamp=2025-11-17T19:53:44.101397, status=401}
2025-11-17 19:53:44 - Authentication error details: {path=/users/3, error=Unauthorized, message=Full authentication is required to access this resource, timestamp=2025-11-17T19:53:44.101586, status=401}
2025-11-17 19:53:44 - Authentication error details: {path=/users/4, error=Unauthorized, message=Full authentication is required to access this resource, timestamp=2025-11-17T19:53:44.101375, status=401}
2025-11-17 19:53:44 - Unauthorized error: Full authentication is required to access this resource - Path: /users/5
2025-11-17 19:53:44 - Authentication error details: {path=/users/5, error=Unauthorized, message=Full authentication is required to access this resource, timestamp=2025-11-17T19:53:44.101774, status=401}
2025-11-17 19:53:44 - Unauthorized response sent successfully
2025-11-17 19:53:44 - Unauthorized response sent successfully
2025-11-17 19:53:44 - Unauthorized response sent successfully
2025-11-17 19:53:44 - Unauthorized response sent successfully
2025-11-17 19:53:44 - Unauthorized response sent successfully
2025-11-17 19:53:45 - No JWT token found in request headers
2025-11-17 19:53:45 - No JWT token found in request headers
2025-11-17 19:53:45 - No JWT token found in request headers
2025-11-17 19:53:45 - Unauthorized error: Full authentication is required to access this resource - Path: /users/6
2025-11-17 19:53:45 - No JWT token found in request headers
2025-11-17 19:53:45 - No JWT token found in request headers
2025-11-17 19:53:45 - Unauthorized error: Full authentication is required to access this resource - Path: /users/5
2025-11-17 19:53:45 - Authentication error details: {path=/users/5, error=Unauthorized, message=Full authentication is required to access this resource, timestamp=2025-11-17T19:53:45.232447, status=401}
2025-11-17 19:53:45 - Authentication error details: {path=/users/6, error=Unauthorized, message=Full authentication is required to access this resource, timestamp=2025-11-17T19:53:45.232061, status=401}
2025-11-17 19:53:45 - Unauthorized error: Full authentication is required to access this resource - Path: /users/7
2025-11-17 19:53:45 - Authentication error details: {path=/users/7, error=Unauthorized, message=Full authentication is required to access this resource, timestamp=2025-11-17T19:53:45.232743, status=401}
2025-11-17 19:53:45 - Unauthorized error: Full authentication is required to access this resource - Path: /users/4
2025-11-17 19:53:45 - Authentication error details: {path=/users/4, error=Unauthorized, message=Full authentication is required to access this resource, timestamp=2025-11-17T19:53:45.233181, status=401}
2025-11-17 19:53:45 - Unauthorized response sent successfully
2025-11-17 19:53:45 - Unauthorized error: Full authentication is required to access this resource - Path: /users/3
2025-11-17 19:53:45 - Authentication error details: {path=/users/3, error=Unauthorized, message=Full authentication is required to access this resource, timestamp=2025-11-17T19:53:45.233307, status=401}
2025-11-17 19:53:45 - Unauthorized response sent successfully
2025-11-17 19:53:45 - Unauthorized response sent successfully
2025-11-17 19:53:45 - Unauthorized response sent successfully
2025-11-17 19:53:45 - Unauthorized response sent successfully
2025-11-17 19:53:46 - No JWT token found in request headers
2025-11-17 19:53:46 - No JWT token found in request headers
2025-11-17 19:53:46 - No JWT token found in request headers
2025-11-17 19:53:46 - No JWT token found in request headers
2025-11-17 19:53:46 - No JWT token found in request headers
2025-11-17 19:53:46 - Unauthorized error: Full authentication is required to access this resource - Path: /users/7
2025-11-17 19:53:46 - Unauthorized error: Full authentication is required to access this resource - Path: /users/3
2025-11-17 19:53:46 - Unauthorized error: Full authentication is required to access this resource - Path: /users/6
2025-11-17 19:53:46 - Authentication error details: {path=/users/3, error=Unauthorized, message=Full authentication is required to access this resource, timestamp=2025-11-17T19:53:46.430059, status=401}
2025-11-17 19:53:46 - Authentication error details: {path=/users/6, error=Unauthorized, message=Full authentication is required to access this resource, timestamp=2025-11-17T19:53:46.430085, status=401}
2025-11-17 19:53:46 - Unauthorized error: Full authentication is required to access this resource - Path: /users/5
2025-11-17 19:53:46 - Unauthorized error: Full authentication is required to access this resource - Path: /users/4
2025-11-17 19:53:46 - Authentication error details: {path=/users/7, error=Unauthorized, message=Full authentication is required to access this resource, timestamp=2025-11-17T19:53:46.430043, status=401}
2025-11-17 19:53:46 - Authentication error details: {path=/users/4, error=Unauthorized, message=Full authentication is required to access this resource, timestamp=2025-11-17T19:53:46.430161, status=401}
2025-11-17 19:53:46 - Authentication error details: {path=/users/5, error=Unauthorized, message=Full authentication is required to access this resource, timestamp=2025-11-17T19:53:46.430143, status=401}
2025-11-17 19:53:46 - Unauthorized response sent successfully
2025-11-17 19:53:46 - Unauthorized response sent successfully
2025-11-17 19:53:46 - Unauthorized response sent successfully
2025-11-17 19:53:46 - Unauthorized response sent successfully
2025-11-17 19:53:46 - Unauthorized response sent successfully
2025-11-17 19:53:47 - No JWT token found in request headers
2025-11-17 19:53:47 - Unauthorized error: Full authentication is required to access this resource - Path: /users/4
2025-11-17 19:53:47 - Authentication error details: {path=/users/4, error=Unauthorized, message=Full authentication is required to access this resource, timestamp=2025-11-17T19:53:47.416840, status=401}
2025-11-17 19:53:47 - Unauthorized response sent successfully
2025-11-17 19:53:47 - No JWT token found in request headers
2025-11-17 19:53:47 - No JWT token found in request headers
2025-11-17 19:53:47 - Unauthorized error: Full authentication is required to access this resource - Path: /users/3
2025-11-17 19:53:47 - Authentication error details: {path=/users/3, error=Unauthorized, message=Full authentication is required to access this resource, timestamp=2025-11-17T19:53:47.419461, status=401}
2025-11-17 19:53:47 - No JWT token found in request headers
2025-11-17 19:53:47 - Unauthorized error: Full authentication is required to access this resource - Path: /users/5
2025-11-17 19:53:47 - Authentication error details: {path=/users/5, error=Unauthorized, message=Full authentication is required to access this resource, timestamp=2025-11-17T19:53:47.419904, status=401}
2025-11-17 19:53:47 - Unauthorized response sent successfully
2025-11-17 19:53:47 - Unauthorized response sent successfully
2025-11-17 19:53:47 - Unauthorized error: Full authentication is required to access this resource - Path: /users/6
2025-11-17 19:53:47 - Authentication error details: {path=/users/6, error=Unauthorized, message=Full authentication is required to access this resource, timestamp=2025-11-17T19:53:47.420243, status=401}
2025-11-17 19:53:47 - Unauthorized response sent successfully
2025-11-17 19:53:47 - No JWT token found in request headers
2025-11-17 19:53:47 - Unauthorized error: Full authentication is required to access this resource - Path: /users/7
2025-11-17 19:53:47 - Authentication error details: {path=/users/7, error=Unauthorized, message=Full authentication is required to access this resource, timestamp=2025-11-17T19:53:47.422063, status=401}
2025-11-17 19:53:47 - Unauthorized response sent successfully
2025-11-17 19:53:48 - No JWT token found in request headers
2025-11-17 19:53:48 - No JWT token found in request headers
2025-11-17 19:53:48 - No JWT token found in request headers
2025-11-17 19:53:48 - No JWT token found in request headers
2025-11-17 19:53:48 - No JWT token found in request headers
2025-11-17 19:53:48 - Unauthorized error: Full authentication is required to access this resource - Path: /users/7
2025-11-17 19:53:48 - Unauthorized error: Full authentication is required to access this resource - Path: /users/6
2025-11-17 19:53:48 - Unauthorized error: Full authentication is required to access this resource - Path: /users/4
2025-11-17 19:53:48 - Unauthorized error: Full authentication is required to access this resource - Path: /users/5
2025-11-17 19:53:48 - Authentication error details: {path=/users/5, error=Unauthorized, message=Full authentication is required to access this resource, timestamp=2025-11-17T19:53:48.508334, status=401}
2025-11-17 19:53:48 - Authentication error details: {path=/users/7, error=Unauthorized, message=Full authentication is required to access this resource, timestamp=2025-11-17T19:53:48.508150, status=401}
2025-11-17 19:53:48 - Authentication error details: {path=/users/6, error=Unauthorized, message=Full authentication is required to access this resource, timestamp=2025-11-17T19:53:48.508157, status=401}
2025-11-17 19:53:48 - Unauthorized error: Full authentication is required to access this resource - Path: /users/3
2025-11-17 19:53:48 - Authentication error details: {path=/users/3, error=Unauthorized, message=Full authentication is required to access this resource, timestamp=2025-11-17T19:53:48.508646, status=401}
2025-11-17 19:53:48 - Authentication error details: {path=/users/4, error=Unauthorized, message=Full authentication is required to access this resource, timestamp=2025-11-17T19:53:48.508226, status=401}
2025-11-17 19:53:48 - Unauthorized response sent successfully
2025-11-17 19:53:48 - Unauthorized response sent successfully
2025-11-17 19:53:48 - Unauthorized response sent successfully
2025-11-17 19:53:48 - Unauthorized response sent successfully
2025-11-17 19:53:48 - Unauthorized response sent successfully
2025-11-17 19:53:49 - No JWT token found in request headers
2025-11-17 19:53:49 - No JWT token found in request headers
2025-11-17 19:53:49 - No JWT token found in request headers
2025-11-17 19:53:49 - No JWT token found in request headers
2025-11-17 19:53:49 - No JWT token found in request headers
2025-11-17 19:53:49 - Unauthorized error: Full authentication is required to access this resource - Path: /users/4
2025-11-17 19:53:49 - Unauthorized error: Full authentication is required to access this resource - Path: /users/6
2025-11-17 19:53:49 - Authentication error details: {path=/users/4, error=Unauthorized, message=Full authentication is required to access this resource, timestamp=2025-11-17T19:53:49.596585, status=401}
2025-11-17 19:53:49 - Authentication error details: {path=/users/6, error=Unauthorized, message=Full authentication is required to access this resource, timestamp=2025-11-17T19:53:49.596664, status=401}
2025-11-17 19:53:49 - Unauthorized error: Full authentication is required to access this resource - Path: /users/7
2025-11-17 19:53:49 - Unauthorized error: Full authentication is required to access this resource - Path: /users/3
2025-11-17 19:53:49 - Authentication error details: {path=/users/3, error=Unauthorized, message=Full authentication is required to access this resource, timestamp=2025-11-17T19:53:49.596852, status=401}
2025-11-17 19:53:49 - Authentication error details: {path=/users/7, error=Unauthorized, message=Full authentication is required to access this resource, timestamp=2025-11-17T19:53:49.596809, status=401}
2025-11-17 19:53:49 - Unauthorized error: Full authentication is required to access this resource - Path: /users/5
2025-11-17 19:53:49 - Authentication error details: {path=/users/5, error=Unauthorized, message=Full authentication is required to access this resource, timestamp=2025-11-17T19:53:49.597091, status=401}
2025-11-17 19:53:49 - Unauthorized response sent successfully
2025-11-17 19:53:49 - Unauthorized response sent successfully
2025-11-17 19:53:49 - Unauthorized response sent successfully
2025-11-17 19:53:49 - Unauthorized response sent successfully
2025-11-17 19:53:49 - Unauthorized response sent successfully
2025-11-17 19:53:50 - No JWT token found in request headers
2025-11-17 19:53:50 - No JWT token found in request headers
2025-11-17 19:53:50 - No JWT token found in request headers
2025-11-17 19:53:50 - No JWT token found in request headers
2025-11-17 19:53:50 - No JWT token found in request headers
2025-11-17 19:53:50 - Unauthorized error: Full authentication is required to access this resource - Path: /users/6
2025-11-17 19:53:50 - Unauthorized error: Full authentication is required to access this resource - Path: /users/5
2025-11-17 19:53:50 - Unauthorized error: Full authentication is required to access this resource - Path: /users/7
2025-11-17 19:53:50 - Unauthorized error: Full authentication is required to access this resource - Path: /users/4
2025-11-17 19:53:50 - Unauthorized error: Full authentication is required to access this resource - Path: /users/3
2025-11-17 19:53:50 - Authentication error details: {path=/users/4, error=Unauthorized, message=Full authentication is required to access this resource, timestamp=2025-11-17T19:53:50.935256, status=401}
2025-11-17 19:53:50 - Authentication error details: {path=/users/5, error=Unauthorized, message=Full authentication is required to access this resource, timestamp=2025-11-17T19:53:50.935258, status=401}
2025-11-17 19:53:50 - Authentication error details: {path=/users/7, error=Unauthorized, message=Full authentication is required to access this resource, timestamp=2025-11-17T19:53:50.935214, status=401}
2025-11-17 19:53:50 - Authentication error details: {path=/users/3, error=Unauthorized, message=Full authentication is required to access this resource, timestamp=2025-11-17T19:53:50.935253, status=401}
2025-11-17 19:53:50 - Authentication error details: {path=/users/6, error=Unauthorized, message=Full authentication is required to access this resource, timestamp=2025-11-17T19:53:50.935246, status=401}
2025-11-17 19:53:50 - Unauthorized response sent successfully
2025-11-17 19:53:50 - Unauthorized response sent successfully
2025-11-17 19:53:50 - Unauthorized response sent successfully
2025-11-17 19:53:50 - Unauthorized response sent successfully
2025-11-17 19:53:50 - Unauthorized response sent successfully
2025-11-17 19:53:52 - No JWT token found in request headers
2025-11-17 19:53:52 - No JWT token found in request headers
2025-11-17 19:53:52 - No JWT token found in request headers
2025-11-17 19:53:52 - No JWT token found in request headers
2025-11-17 19:53:52 - No JWT token found in request headers
2025-11-17 19:53:52 - Unauthorized error: Full authentication is required to access this resource - Path: /users/5
2025-11-17 19:53:52 - Unauthorized error: Full authentication is required to access this resource - Path: /users/4
2025-11-17 19:53:52 - Unauthorized error: Full authentication is required to access this resource - Path: /users/6
2025-11-17 19:53:52 - Unauthorized error: Full authentication is required to access this resource - Path: /users/3
2025-11-17 19:53:52 - Authentication error details: {path=/users/5, error=Unauthorized, message=Full authentication is required to access this resource, timestamp=2025-11-17T19:53:52.301415, status=401}
2025-11-17 19:53:52 - Unauthorized error: Full authentication is required to access this resource - Path: /users/7
2025-11-17 19:53:52 - Authentication error details: {path=/users/4, error=Unauthorized, message=Full authentication is required to access this resource, timestamp=2025-11-17T19:53:52.301432, status=401}
2025-11-17 19:53:52 - Authentication error details: {path=/users/6, error=Unauthorized, message=Full authentication is required to access this resource, timestamp=2025-11-17T19:53:52.301439, status=401}
2025-11-17 19:53:52 - Authentication error details: {path=/users/3, error=Unauthorized, message=Full authentication is required to access this resource, timestamp=2025-11-17T19:53:52.301464, status=401}
2025-11-17 19:53:52 - Authentication error details: {path=/users/7, error=Unauthorized, message=Full authentication is required to access this resource, timestamp=2025-11-17T19:53:52.301506, status=401}
2025-11-17 19:53:52 - Unauthorized response sent successfully
2025-11-17 19:53:52 - Unauthorized response sent successfully
2025-11-17 19:53:52 - Unauthorized response sent successfully
2025-11-17 19:53:52 - Unauthorized response sent successfully
2025-11-17 19:53:52 - Unauthorized response sent successfully
2025-11-17 19:53:53 - No JWT token found in request headers
2025-11-17 19:53:53 - No JWT token found in request headers
2025-11-17 19:53:53 - No JWT token found in request headers
2025-11-17 19:53:53 - Unauthorized error: Full authentication is required to access this resource - Path: /users/5
2025-11-17 19:53:53 - Authentication error details: {path=/users/5, error=Unauthorized, message=Full authentication is required to access this resource, timestamp=2025-11-17T19:53:53.485394, status=401}
2025-11-17 19:53:53 - Unauthorized error: Full authentication is required to access this resource - Path: /users/3
2025-11-17 19:53:53 - Authentication error details: {path=/users/3, error=Unauthorized, message=Full authentication is required to access this resource, timestamp=2025-11-17T19:53:53.485589, status=401}
2025-11-17 19:53:53 - No JWT token found in request headers
2025-11-17 19:53:53 - Unauthorized response sent successfully
2025-11-17 19:53:53 - Unauthorized error: Full authentication is required to access this resource - Path: /users/6
2025-11-17 19:53:53 - Unauthorized error: Full authentication is required to access this resource - Path: /users/7
2025-11-17 19:53:53 - Authentication error details: {path=/users/7, error=Unauthorized, message=Full authentication is required to access this resource, timestamp=2025-11-17T19:53:53.485964, status=401}
2025-11-17 19:53:53 - Unauthorized response sent successfully
2025-11-17 19:53:53 - Authentication error details: {path=/users/6, error=Unauthorized, message=Full authentication is required to access this resource, timestamp=2025-11-17T19:53:53.485908, status=401}
2025-11-17 19:53:53 - No JWT token found in request headers
2025-11-17 19:53:53 - Unauthorized response sent successfully
2025-11-17 19:53:53 - Unauthorized response sent successfully
2025-11-17 19:53:53 - Unauthorized error: Full authentication is required to access this resource - Path: /users/4
2025-11-17 19:53:53 - Authentication error details: {path=/users/4, error=Unauthorized, message=Full authentication is required to access this resource, timestamp=2025-11-17T19:53:53.486484, status=401}
2025-11-17 19:53:53 - Unauthorized response sent successfully
2025-11-17 19:53:54 - No JWT token found in request headers
2025-11-17 19:53:54 - No JWT token found in request headers
2025-11-17 19:53:54 - No JWT token found in request headers
2025-11-17 19:53:54 - No JWT token found in request headers
2025-11-17 19:53:54 - No JWT token found in request headers
2025-11-17 19:53:54 - Unauthorized error: Full authentication is required to access this resource - Path: /users/3
2025-11-17 19:53:54 - Unauthorized error: Full authentication is required to access this resource - Path: /users/6
2025-11-17 19:53:54 - Unauthorized error: Full authentication is required to access this resource - Path: /users/4
2025-11-17 19:53:54 - Unauthorized error: Full authentication is required to access this resource - Path: /users/7
2025-11-17 19:53:54 - Authentication error details: {path=/users/3, error=Unauthorized, message=Full authentication is required to access this resource, timestamp=2025-11-17T19:53:54.795706, status=401}
2025-11-17 19:53:54 - Unauthorized error: Full authentication is required to access this resource - Path: /users/5
2025-11-17 19:53:54 - Authentication error details: {path=/users/5, error=Unauthorized, message=Full authentication is required to access this resource, timestamp=2025-11-17T19:53:54.795814, status=401}
2025-11-17 19:53:54 - Authentication error details: {path=/users/7, error=Unauthorized, message=Full authentication is required to access this resource, timestamp=2025-11-17T19:53:54.795732, status=401}
2025-11-17 19:53:54 - Authentication error details: {path=/users/6, error=Unauthorized, message=Full authentication is required to access this resource, timestamp=2025-11-17T19:53:54.795708, status=401}
2025-11-17 19:53:54 - Authentication error details: {path=/users/4, error=Unauthorized, message=Full authentication is required to access this resource, timestamp=2025-11-17T19:53:54.795708, status=401}
2025-11-17 19:53:54 - Unauthorized response sent successfully
2025-11-17 19:53:54 - Unauthorized response sent successfully
2025-11-17 19:53:54 - Unauthorized response sent successfully
2025-11-17 19:53:54 - Unauthorized response sent successfully
2025-11-17 19:53:54 - Unauthorized response sent successfully
2025-11-17 19:53:55 - No JWT token found in request headers
2025-11-17 19:53:55 - No JWT token found in request headers
2025-11-17 19:53:55 - No JWT token found in request headers
2025-11-17 19:53:55 - Unauthorized error: Full authentication is required to access this resource - Path: /users/3
2025-11-17 19:53:55 - Authentication error details: {path=/users/3, error=Unauthorized, message=Full authentication is required to access this resource, timestamp=2025-11-17T19:53:55.965177, status=401}
2025-11-17 19:53:55 - Unauthorized error: Full authentication is required to access this resource - Path: /users/5
2025-11-17 19:53:55 - No JWT token found in request headers
2025-11-17 19:53:55 - Unauthorized error: Full authentication is required to access this resource - Path: /users/7
2025-11-17 19:53:55 - Authentication error details: {path=/users/7, error=Unauthorized, message=Full authentication is required to access this resource, timestamp=2025-11-17T19:53:55.965505, status=401}
2025-11-17 19:53:55 - Unauthorized error: Full authentication is required to access this resource - Path: /users/4
2025-11-17 19:53:55 - Authentication error details: {path=/users/4, error=Unauthorized, message=Full authentication is required to access this resource, timestamp=2025-11-17T19:53:55.965633, status=401}
2025-11-17 19:53:55 - Authentication error details: {path=/users/5, error=Unauthorized, message=Full authentication is required to access this resource, timestamp=2025-11-17T19:53:55.965267, status=401}
2025-11-17 19:53:55 - Unauthorized response sent successfully
2025-11-17 19:53:55 - Unauthorized response sent successfully
2025-11-17 19:53:55 - Unauthorized response sent successfully
2025-11-17 19:53:55 - Unauthorized response sent successfully
2025-11-17 19:53:55 - No JWT token found in request headers
2025-11-17 19:53:55 - Unauthorized error: Full authentication is required to access this resource - Path: /users/6
2025-11-17 19:53:55 - Authentication error details: {path=/users/6, error=Unauthorized, message=Full authentication is required to access this resource, timestamp=2025-11-17T19:53:55.967653, status=401}
2025-11-17 19:53:55 - Unauthorized response sent successfully
2025-11-17 19:53:57 - No JWT token found in request headers
2025-11-17 19:53:57 - No JWT token found in request headers
2025-11-17 19:53:57 - No JWT token found in request headers
2025-11-17 19:53:57 - No JWT token found in request headers
2025-11-17 19:53:57 - No JWT token found in request headers
2025-11-17 19:53:57 - Unauthorized error: Full authentication is required to access this resource - Path: /users/4
2025-11-17 19:53:57 - Unauthorized error: Full authentication is required to access this resource - Path: /users/5
2025-11-17 19:53:57 - Unauthorized error: Full authentication is required to access this resource - Path: /users/6
2025-11-17 19:53:57 - Unauthorized error: Full authentication is required to access this resource - Path: /users/3
2025-11-17 19:53:57 - Authentication error details: {path=/users/4, error=Unauthorized, message=Full authentication is required to access this resource, timestamp=2025-11-17T19:53:57.253009, status=401}
2025-11-17 19:53:57 - Authentication error details: {path=/users/5, error=Unauthorized, message=Full authentication is required to access this resource, timestamp=2025-11-17T19:53:57.253002, status=401}
2025-11-17 19:53:57 - Authentication error details: {path=/users/6, error=Unauthorized, message=Full authentication is required to access this resource, timestamp=2025-11-17T19:53:57.253007, status=401}
2025-11-17 19:53:57 - Unauthorized error: Full authentication is required to access this resource - Path: /users/7
2025-11-17 19:53:57 - Authentication error details: {path=/users/3, error=Unauthorized, message=Full authentication is required to access this resource, timestamp=2025-11-17T19:53:57.253002, status=401}
2025-11-17 19:53:57 - Authentication error details: {path=/users/7, error=Unauthorized, message=Full authentication is required to access this resource, timestamp=2025-11-17T19:53:57.253185, status=401}
2025-11-17 19:53:57 - Unauthorized response sent successfully
2025-11-17 19:53:57 - Unauthorized response sent successfully
2025-11-17 19:53:57 - Unauthorized response sent successfully
2025-11-17 19:53:57 - Unauthorized response sent successfully
2025-11-17 19:53:57 - Unauthorized response sent successfully
2025-11-17 19:53:58 - No JWT token found in request headers
2025-11-17 19:53:58 - No JWT token found in request headers
2025-11-17 19:53:58 - No JWT token found in request headers
2025-11-17 19:53:58 - No JWT token found in request headers
2025-11-17 19:53:58 - No JWT token found in request headers
2025-11-17 19:53:58 - Unauthorized error: Full authentication is required to access this resource - Path: /users/6
2025-11-17 19:53:58 - Unauthorized error: Full authentication is required to access this resource - Path: /users/7
2025-11-17 19:53:58 - Unauthorized error: Full authentication is required to access this resource - Path: /users/4
2025-11-17 19:53:58 - Authentication error details: {path=/users/6, error=Unauthorized, message=Full authentication is required to access this resource, timestamp=2025-11-17T19:53:58.561866, status=401}
2025-11-17 19:53:58 - Authentication error details: {path=/users/4, error=Unauthorized, message=Full authentication is required to access this resource, timestamp=2025-11-17T19:53:58.561935, status=401}
2025-11-17 19:53:58 - Unauthorized error: Full authentication is required to access this resource - Path: /users/5
2025-11-17 19:53:58 - Authentication error details: {path=/users/5, error=Unauthorized, message=Full authentication is required to access this resource, timestamp=2025-11-17T19:53:58.562054, status=401}
2025-11-17 19:53:58 - Authentication error details: {path=/users/7, error=Unauthorized, message=Full authentication is required to access this resource, timestamp=2025-11-17T19:53:58.561928, status=401}
2025-11-17 19:53:58 - Unauthorized response sent successfully
2025-11-17 19:53:58 - Unauthorized response sent successfully
2025-11-17 19:53:58 - Unauthorized response sent successfully
2025-11-17 19:53:58 - Unauthorized error: Full authentication is required to access this resource - Path: /users/3
2025-11-17 19:53:58 - Authentication error details: {path=/users/3, error=Unauthorized, message=Full authentication is required to access this resource, timestamp=2025-11-17T19:53:58.562571, status=401}
2025-11-17 19:53:58 - Unauthorized response sent successfully
2025-11-17 19:53:58 - Unauthorized response sent successfully
2025-11-17 19:53:59 - No JWT token found in request headers
2025-11-17 19:53:59 - No JWT token found in request headers
2025-11-17 19:53:59 - No JWT token found in request headers
2025-11-17 19:53:59 - No JWT token found in request headers
2025-11-17 19:53:59 - No JWT token found in request headers
2025-11-17 19:53:59 - Unauthorized error: Full authentication is required to access this resource - Path: /users/3
2025-11-17 19:53:59 - Unauthorized error: Full authentication is required to access this resource - Path: /users/5
2025-11-17 19:53:59 - Unauthorized error: Full authentication is required to access this resource - Path: /users/4
2025-11-17 19:53:59 - Authentication error details: {path=/users/3, error=Unauthorized, message=Full authentication is required to access this resource, timestamp=2025-11-17T19:53:59.783094, status=401}
2025-11-17 19:53:59 - Authentication error details: {path=/users/4, error=Unauthorized, message=Full authentication is required to access this resource, timestamp=2025-11-17T19:53:59.783159, status=401}
2025-11-17 19:53:59 - Unauthorized error: Full authentication is required to access this resource - Path: /users/6
2025-11-17 19:53:59 - Unauthorized error: Full authentication is required to access this resource - Path: /users/7
2025-11-17 19:53:59 - Authentication error details: {path=/users/6, error=Unauthorized, message=Full authentication is required to access this resource, timestamp=2025-11-17T19:53:59.783273, status=401}
2025-11-17 19:53:59 - Authentication error details: {path=/users/7, error=Unauthorized, message=Full authentication is required to access this resource, timestamp=2025-11-17T19:53:59.783280, status=401}
2025-11-17 19:53:59 - Authentication error details: {path=/users/5, error=Unauthorized, message=Full authentication is required to access this resource, timestamp=2025-11-17T19:53:59.783121, status=401}
2025-11-17 19:53:59 - Unauthorized response sent successfully
2025-11-17 19:53:59 - Unauthorized response sent successfully
2025-11-17 19:53:59 - Unauthorized response sent successfully
2025-11-17 19:53:59 - Unauthorized response sent successfully
2025-11-17 19:53:59 - Unauthorized response sent successfully
2025-11-17 19:54:01 - No JWT token found in request headers
2025-11-17 19:54:01 - No JWT token found in request headers
2025-11-17 19:54:01 - No JWT token found in request headers
2025-11-17 19:54:01 - No JWT token found in request headers
2025-11-17 19:54:01 - No JWT token found in request headers
2025-11-17 19:54:01 - Unauthorized error: Full authentication is required to access this resource - Path: /users/6
2025-11-17 19:54:01 - Authentication error details: {path=/users/6, error=Unauthorized, message=Full authentication is required to access this resource, timestamp=2025-11-17T19:54:01.122171, status=401}
2025-11-17 19:54:01 - Unauthorized error: Full authentication is required to access this resource - Path: /users/4
2025-11-17 19:54:01 - Unauthorized error: Full authentication is required to access this resource - Path: /users/5
2025-11-17 19:54:01 - Authentication error details: {path=/users/5, error=Unauthorized, message=Full authentication is required to access this resource, timestamp=2025-11-17T19:54:01.122253, status=401}
2025-11-17 19:54:01 - Unauthorized error: Full authentication is required to access this resource - Path: /users/3
2025-11-17 19:54:01 - Unauthorized error: Full authentication is required to access this resource - Path: /users/7
2025-11-17 19:54:01 - Authentication error details: {path=/users/7, error=Unauthorized, message=Full authentication is required to access this resource, timestamp=2025-11-17T19:54:01.122362, status=401}
2025-11-17 19:54:01 - Authentication error details: {path=/users/4, error=Unauthorized, message=Full authentication is required to access this resource, timestamp=2025-11-17T19:54:01.122235, status=401}
2025-11-17 19:54:01 - Authentication error details: {path=/users/3, error=Unauthorized, message=Full authentication is required to access this resource, timestamp=2025-11-17T19:54:01.122331, status=401}
2025-11-17 19:54:01 - Unauthorized response sent successfully
2025-11-17 19:54:01 - Unauthorized response sent successfully
2025-11-17 19:54:01 - Unauthorized response sent successfully
2025-11-17 19:54:01 - Unauthorized response sent successfully
2025-11-17 19:54:01 - Unauthorized response sent successfully
2025-11-17 19:54:02 - No JWT token found in request headers
2025-11-17 19:54:02 - No JWT token found in request headers
2025-11-17 19:54:02 - No JWT token found in request headers
2025-11-17 19:54:02 - No JWT token found in request headers
2025-11-17 19:54:02 - Unauthorized error: Full authentication is required to access this resource - Path: /users/6
2025-11-17 19:54:02 - Authentication error details: {path=/users/6, error=Unauthorized, message=Full authentication is required to access this resource, timestamp=2025-11-17T19:54:02.270447, status=401}
2025-11-17 19:54:02 - Unauthorized error: Full authentication is required to access this resource - Path: /users/3
2025-11-17 19:54:02 - Authentication error details: {path=/users/3, error=Unauthorized, message=Full authentication is required to access this resource, timestamp=2025-11-17T19:54:02.270570, status=401}
2025-11-17 19:54:02 - No JWT token found in request headers
2025-11-17 19:54:02 - Unauthorized error: Full authentication is required to access this resource - Path: /users/5
2025-11-17 19:54:02 - Authentication error details: {path=/users/5, error=Unauthorized, message=Full authentication is required to access this resource, timestamp=2025-11-17T19:54:02.270831, status=401}
2025-11-17 19:54:02 - Unauthorized error: Full authentication is required to access this resource - Path: /users/4
2025-11-17 19:54:02 - Authentication error details: {path=/users/4, error=Unauthorized, message=Full authentication is required to access this resource, timestamp=2025-11-17T19:54:02.270878, status=401}
2025-11-17 19:54:02 - Unauthorized error: Full authentication is required to access this resource - Path: /users/7
2025-11-17 19:54:02 - Authentication error details: {path=/users/7, error=Unauthorized, message=Full authentication is required to access this resource, timestamp=2025-11-17T19:54:02.271477, status=401}
2025-11-17 19:54:02 - Unauthorized response sent successfully
2025-11-17 19:54:02 - Unauthorized response sent successfully
2025-11-17 19:54:02 - Unauthorized response sent successfully
2025-11-17 19:54:02 - Unauthorized response sent successfully
2025-11-17 19:54:02 - Unauthorized response sent successfully
2025-11-17 19:54:03 - No JWT token found in request headers
2025-11-17 19:54:03 - No JWT token found in request headers
2025-11-17 19:54:03 - No JWT token found in request headers
2025-11-17 19:54:03 - No JWT token found in request headers
2025-11-17 19:54:03 - No JWT token found in request headers
2025-11-17 19:54:03 - Unauthorized error: Full authentication is required to access this resource - Path: /users/3
2025-11-17 19:54:03 - Unauthorized error: Full authentication is required to access this resource - Path: /users/5
2025-11-17 19:54:03 - Unauthorized error: Full authentication is required to access this resource - Path: /users/4
2025-11-17 19:54:03 - Unauthorized error: Full authentication is required to access this resource - Path: /users/6
2025-11-17 19:54:03 - Authentication error details: {path=/users/6, error=Unauthorized, message=Full authentication is required to access this resource, timestamp=2025-11-17T19:54:03.539976, status=401}
2025-11-17 19:54:03 - Unauthorized error: Full authentication is required to access this resource - Path: /users/7
2025-11-17 19:54:03 - Authentication error details: {path=/users/7, error=Unauthorized, message=Full authentication is required to access this resource, timestamp=2025-11-17T19:54:03.540001, status=401}
2025-11-17 19:54:03 - Authentication error details: {path=/users/3, error=Unauthorized, message=Full authentication is required to access this resource, timestamp=2025-11-17T19:54:03.539922, status=401}
2025-11-17 19:54:03 - Authentication error details: {path=/users/5, error=Unauthorized, message=Full authentication is required to access this resource, timestamp=2025-11-17T19:54:03.539934, status=401}
2025-11-17 19:54:03 - Authentication error details: {path=/users/4, error=Unauthorized, message=Full authentication is required to access this resource, timestamp=2025-11-17T19:54:03.539962, status=401}
2025-11-17 19:54:03 - Unauthorized response sent successfully
2025-11-17 19:54:03 - Unauthorized response sent successfully
2025-11-17 19:54:03 - Unauthorized response sent successfully
2025-11-17 19:54:03 - Unauthorized response sent successfully
2025-11-17 19:54:03 - Unauthorized response sent successfully
2025-11-17 19:54:04 - No JWT token found in request headers
2025-11-17 19:54:04 - No JWT token found in request headers
2025-11-17 19:54:04 - No JWT token found in request headers
2025-11-17 19:54:04 - No JWT token found in request headers
2025-11-17 19:54:04 - No JWT token found in request headers
2025-11-17 19:54:04 - Unauthorized error: Full authentication is required to access this resource - Path: /users/5
2025-11-17 19:54:04 - Unauthorized error: Full authentication is required to access this resource - Path: /users/7
2025-11-17 19:54:04 - Unauthorized error: Full authentication is required to access this resource - Path: /users/3
2025-11-17 19:54:04 - Authentication error details: {path=/users/7, error=Unauthorized, message=Full authentication is required to access this resource, timestamp=2025-11-17T19:54:04.933446, status=401}
2025-11-17 19:54:04 - Authentication error details: {path=/users/3, error=Unauthorized, message=Full authentication is required to access this resource, timestamp=2025-11-17T19:54:04.933460, status=401}
2025-11-17 19:54:04 - Authentication error details: {path=/users/5, error=Unauthorized, message=Full authentication is required to access this resource, timestamp=2025-11-17T19:54:04.933422, status=401}
2025-11-17 19:54:04 - Unauthorized error: Full authentication is required to access this resource - Path: /users/4
2025-11-17 19:54:04 - Authentication error details: {path=/users/4, error=Unauthorized, message=Full authentication is required to access this resource, timestamp=2025-11-17T19:54:04.933679, status=401}
2025-11-17 19:54:04 - Unauthorized error: Full authentication is required to access this resource - Path: /users/6
2025-11-17 19:54:04 - Authentication error details: {path=/users/6, error=Unauthorized, message=Full authentication is required to access this resource, timestamp=2025-11-17T19:54:04.933814, status=401}
2025-11-17 19:54:04 - Unauthorized response sent successfully
2025-11-17 19:54:04 - Unauthorized response sent successfully
2025-11-17 19:54:04 - Unauthorized response sent successfully
2025-11-17 19:54:04 - Unauthorized response sent successfully
2025-11-17 19:54:04 - Unauthorized response sent successfully
2025-11-17 19:54:06 - No JWT token found in request headers
2025-11-17 19:54:06 - No JWT token found in request headers
2025-11-17 19:54:06 - No JWT token found in request headers
2025-11-17 19:54:06 - Unauthorized error: Full authentication is required to access this resource - Path: /users/4
2025-11-17 19:54:06 - Unauthorized error: Full authentication is required to access this resource - Path: /users/3
2025-11-17 19:54:06 - Authentication error details: {path=/users/4, error=Unauthorized, message=Full authentication is required to access this resource, timestamp=2025-11-17T19:54:06.172840, status=401}
2025-11-17 19:54:06 - Authentication error details: {path=/users/3, error=Unauthorized, message=Full authentication is required to access this resource, timestamp=2025-11-17T19:54:06.172856, status=401}
2025-11-17 19:54:06 - Unauthorized error: Full authentication is required to access this resource - Path: /users/6
2025-11-17 19:54:06 - Authentication error details: {path=/users/6, error=Unauthorized, message=Full authentication is required to access this resource, timestamp=2025-11-17T19:54:06.172910, status=401}
2025-11-17 19:54:06 - No JWT token found in request headers
2025-11-17 19:54:06 - Unauthorized error: Full authentication is required to access this resource - Path: /users/5
2025-11-17 19:54:06 - Authentication error details: {path=/users/5, error=Unauthorized, message=Full authentication is required to access this resource, timestamp=2025-11-17T19:54:06.173492, status=401}
2025-11-17 19:54:06 - Unauthorized response sent successfully
2025-11-17 19:54:06 - Unauthorized response sent successfully
2025-11-17 19:54:06 - Unauthorized response sent successfully
2025-11-17 19:54:06 - No JWT token found in request headers
2025-11-17 19:54:06 - Unauthorized error: Full authentication is required to access this resource - Path: /users/7
2025-11-17 19:54:06 - Authentication error details: {path=/users/7, error=Unauthorized, message=Full authentication is required to access this resource, timestamp=2025-11-17T19:54:06.174448, status=401}
2025-11-17 19:54:06 - Unauthorized response sent successfully
2025-11-17 19:54:06 - Unauthorized response sent successfully
2025-11-17 19:54:07 - No JWT token found in request headers
2025-11-17 19:54:07 - No JWT token found in request headers
2025-11-17 19:54:07 - No JWT token found in request headers
2025-11-17 19:54:07 - No JWT token found in request headers
2025-11-17 19:54:07 - No JWT token found in request headers
2025-11-17 19:54:07 - Unauthorized error: Full authentication is required to access this resource - Path: /users/5
2025-11-17 19:54:07 - Unauthorized error: Full authentication is required to access this resource - Path: /users/4
2025-11-17 19:54:07 - Unauthorized error: Full authentication is required to access this resource - Path: /users/3
2025-11-17 19:54:07 - Unauthorized error: Full authentication is required to access this resource - Path: /users/6
2025-11-17 19:54:07 - Unauthorized error: Full authentication is required to access this resource - Path: /users/7
2025-11-17 19:54:07 - Authentication error details: {path=/users/5, error=Unauthorized, message=Full authentication is required to access this resource, timestamp=2025-11-17T19:54:07.423436, status=401}
2025-11-17 19:54:07 - Authentication error details: {path=/users/3, error=Unauthorized, message=Full authentication is required to access this resource, timestamp=2025-11-17T19:54:07.423443, status=401}
2025-11-17 19:54:07 - Authentication error details: {path=/users/4, error=Unauthorized, message=Full authentication is required to access this resource, timestamp=2025-11-17T19:54:07.423436, status=401}
2025-11-17 19:54:07 - Authentication error details: {path=/users/6, error=Unauthorized, message=Full authentication is required to access this resource, timestamp=2025-11-17T19:54:07.423482, status=401}
2025-11-17 19:54:07 - Authentication error details: {path=/users/7, error=Unauthorized, message=Full authentication is required to access this resource, timestamp=2025-11-17T19:54:07.423498, status=401}
2025-11-17 19:54:07 - Unauthorized response sent successfully
2025-11-17 19:54:07 - Unauthorized response sent successfully
2025-11-17 19:54:07 - Unauthorized response sent successfully
2025-11-17 19:54:07 - Unauthorized response sent successfully
2025-11-17 19:54:07 - Unauthorized response sent successfully
2025-11-17 19:54:08 - No JWT token found in request headers
2025-11-17 19:54:08 - No JWT token found in request headers
2025-11-17 19:54:08 - Unauthorized error: Full authentication is required to access this resource - Path: /users/3
2025-11-17 19:54:08 - Authentication error details: {path=/users/3, error=Unauthorized, message=Full authentication is required to access this resource, timestamp=2025-11-17T19:54:08.559406, status=401}
2025-11-17 19:54:08 - Unauthorized error: Full authentication is required to access this resource - Path: /users/4
2025-11-17 19:54:08 - Authentication error details: {path=/users/4, error=Unauthorized, message=Full authentication is required to access this resource, timestamp=2025-11-17T19:54:08.559479, status=401}
2025-11-17 19:54:08 - No JWT token found in request headers
2025-11-17 19:54:08 - Unauthorized response sent successfully
2025-11-17 19:54:08 - Unauthorized response sent successfully
2025-11-17 19:54:08 - Unauthorized error: Full authentication is required to access this resource - Path: /users/5
2025-11-17 19:54:08 - Authentication error details: {path=/users/5, error=Unauthorized, message=Full authentication is required to access this resource, timestamp=2025-11-17T19:54:08.560447, status=401}
2025-11-17 19:54:08 - Unauthorized response sent successfully
2025-11-17 19:54:08 - No JWT token found in request headers
2025-11-17 19:54:08 - Unauthorized error: Full authentication is required to access this resource - Path: /users/6
2025-11-17 19:54:08 - Authentication error details: {path=/users/6, error=Unauthorized, message=Full authentication is required to access this resource, timestamp=2025-11-17T19:54:08.562140, status=401}
2025-11-17 19:54:08 - No JWT token found in request headers
2025-11-17 19:54:08 - Unauthorized response sent successfully
2025-11-17 19:54:08 - Unauthorized error: Full authentication is required to access this resource - Path: /users/7
2025-11-17 19:54:08 - Authentication error details: {path=/users/7, error=Unauthorized, message=Full authentication is required to access this resource, timestamp=2025-11-17T19:54:08.562973, status=401}
2025-11-17 19:54:08 - Unauthorized response sent successfully
2025-11-17 19:54:09 - No JWT token found in request headers
2025-11-17 19:54:09 - No JWT token found in request headers
2025-11-17 19:54:09 - No JWT token found in request headers
2025-11-17 19:54:09 - No JWT token found in request headers
2025-11-17 19:54:09 - Unauthorized error: Full authentication is required to access this resource - Path: /users/5
2025-11-17 19:54:09 - Unauthorized error: Full authentication is required to access this resource - Path: /users/3
2025-11-17 19:54:09 - No JWT token found in request headers
2025-11-17 19:54:09 - Authentication error details: {path=/users/3, error=Unauthorized, message=Full authentication is required to access this resource, timestamp=2025-11-17T19:54:09.794731, status=401}
2025-11-17 19:54:09 - Unauthorized error: Full authentication is required to access this resource - Path: /users/4
2025-11-17 19:54:09 - Authentication error details: {path=/users/4, error=Unauthorized, message=Full authentication is required to access this resource, timestamp=2025-11-17T19:54:09.794928, status=401}
2025-11-17 19:54:09 - Authentication error details: {path=/users/5, error=Unauthorized, message=Full authentication is required to access this resource, timestamp=2025-11-17T19:54:09.794715, status=401}
2025-11-17 19:54:09 - Unauthorized response sent successfully
2025-11-17 19:54:09 - Unauthorized response sent successfully
2025-11-17 19:54:09 - Unauthorized response sent successfully
2025-11-17 19:54:09 - Unauthorized error: Full authentication is required to access this resource - Path: /users/6
2025-11-17 19:54:09 - Authentication error details: {path=/users/6, error=Unauthorized, message=Full authentication is required to access this resource, timestamp=2025-11-17T19:54:09.795398, status=401}
2025-11-17 19:54:09 - Unauthorized error: Full authentication is required to access this resource - Path: /users/7
2025-11-17 19:54:09 - Authentication error details: {path=/users/7, error=Unauthorized, message=Full authentication is required to access this resource, timestamp=2025-11-17T19:54:09.795503, status=401}
2025-11-17 19:54:09 - Unauthorized response sent successfully
2025-11-17 19:54:09 - Unauthorized response sent successfully
2025-11-17 19:54:11 - No JWT token found in request headers
2025-11-17 19:54:11 - No JWT token found in request headers
2025-11-17 19:54:11 - Unauthorized error: Full authentication is required to access this resource - Path: /users/3
2025-11-17 19:54:11 - Authentication error details: {path=/users/3, error=Unauthorized, message=Full authentication is required to access this resource, timestamp=2025-11-17T19:54:11.035706, status=401}
2025-11-17 19:54:11 - Unauthorized error: Full authentication is required to access this resource - Path: /users/4
2025-11-17 19:54:11 - Authentication error details: {path=/users/4, error=Unauthorized, message=Full authentication is required to access this resource, timestamp=2025-11-17T19:54:11.035845, status=401}
2025-11-17 19:54:11 - Unauthorized response sent successfully
2025-11-17 19:54:11 - Unauthorized response sent successfully
2025-11-17 19:54:11 - No JWT token found in request headers
2025-11-17 19:54:11 - Unauthorized error: Full authentication is required to access this resource - Path: /users/6
2025-11-17 19:54:11 - Authentication error details: {path=/users/6, error=Unauthorized, message=Full authentication is required to access this resource, timestamp=2025-11-17T19:54:11.036752, status=401}
2025-11-17 19:54:11 - Unauthorized response sent successfully
2025-11-17 19:54:11 - No JWT token found in request headers
2025-11-17 19:54:11 - Unauthorized error: Full authentication is required to access this resource - Path: /users/5
2025-11-17 19:54:11 - Authentication error details: {path=/users/5, error=Unauthorized, message=Full authentication is required to access this resource, timestamp=2025-11-17T19:54:11.037898, status=401}
2025-11-17 19:54:11 - Unauthorized response sent successfully
2025-11-17 19:54:11 - No JWT token found in request headers
2025-11-17 19:54:11 - Unauthorized error: Full authentication is required to access this resource - Path: /users/7
2025-11-17 19:54:11 - Authentication error details: {path=/users/7, error=Unauthorized, message=Full authentication is required to access this resource, timestamp=2025-11-17T19:54:11.039863, status=401}
2025-11-17 19:54:11 - Unauthorized response sent successfully
2025-11-17 19:54:12 - No JWT token found in request headers
2025-11-17 19:54:12 - No JWT token found in request headers
2025-11-17 19:54:12 - No JWT token found in request headers
2025-11-17 19:54:12 - No JWT token found in request headers
2025-11-17 19:54:12 - Unauthorized error: Full authentication is required to access this resource - Path: /users/6
2025-11-17 19:54:12 - Authentication error details: {path=/users/6, error=Unauthorized, message=Full authentication is required to access this resource, timestamp=2025-11-17T19:54:12.159905, status=401}
2025-11-17 19:54:12 - No JWT token found in request headers
2025-11-17 19:54:12 - Unauthorized error: Full authentication is required to access this resource - Path: /users/7
2025-11-17 19:54:12 - Authentication error details: {path=/users/7, error=Unauthorized, message=Full authentication is required to access this resource, timestamp=2025-11-17T19:54:12.160019, status=401}
2025-11-17 19:54:12 - Unauthorized error: Full authentication is required to access this resource - Path: /users/3
2025-11-17 19:54:12 - Authentication error details: {path=/users/3, error=Unauthorized, message=Full authentication is required to access this resource, timestamp=2025-11-17T19:54:12.160129, status=401}
2025-11-17 19:54:12 - Unauthorized response sent successfully
2025-11-17 19:54:12 - Unauthorized error: Full authentication is required to access this resource - Path: /users/4
2025-11-17 19:54:12 - Authentication error details: {path=/users/4, error=Unauthorized, message=Full authentication is required to access this resource, timestamp=2025-11-17T19:54:12.160506, status=401}
2025-11-17 19:54:12 - Unauthorized response sent successfully
2025-11-17 19:54:12 - Unauthorized error: Full authentication is required to access this resource - Path: /users/5
2025-11-17 19:54:12 - Authentication error details: {path=/users/5, error=Unauthorized, message=Full authentication is required to access this resource, timestamp=2025-11-17T19:54:12.160777, status=401}
2025-11-17 19:54:12 - Unauthorized response sent successfully
2025-11-17 19:54:12 - Unauthorized response sent successfully
2025-11-17 19:54:12 - Unauthorized response sent successfully
2025-11-17 19:54:13 - No JWT token found in request headers
2025-11-17 19:54:13 - No JWT token found in request headers
2025-11-17 19:54:13 - No JWT token found in request headers
2025-11-17 19:54:13 - No JWT token found in request headers
2025-11-17 19:54:13 - No JWT token found in request headers
2025-11-17 19:54:13 - Unauthorized error: Full authentication is required to access this resource - Path: /users/7
2025-11-17 19:54:13 - Unauthorized error: Full authentication is required to access this resource - Path: /users/6
2025-11-17 19:54:13 - Unauthorized error: Full authentication is required to access this resource - Path: /users/5
2025-11-17 19:54:13 - Unauthorized error: Full authentication is required to access this resource - Path: /users/4
2025-11-17 19:54:13 - Unauthorized error: Full authentication is required to access this resource - Path: /users/3
2025-11-17 19:54:13 - Authentication error details: {path=/users/7, error=Unauthorized, message=Full authentication is required to access this resource, timestamp=2025-11-17T19:54:13.295064, status=401}
2025-11-17 19:54:13 - Authentication error details: {path=/users/5, error=Unauthorized, message=Full authentication is required to access this resource, timestamp=2025-11-17T19:54:13.295088, status=401}
2025-11-17 19:54:13 - Authentication error details: {path=/users/4, error=Unauthorized, message=Full authentication is required to access this resource, timestamp=2025-11-17T19:54:13.295134, status=401}
2025-11-17 19:54:13 - Authentication error details: {path=/users/3, error=Unauthorized, message=Full authentication is required to access this resource, timestamp=2025-11-17T19:54:13.295149, status=401}
2025-11-17 19:54:13 - Authentication error details: {path=/users/6, error=Unauthorized, message=Full authentication is required to access this resource, timestamp=2025-11-17T19:54:13.295065, status=401}
2025-11-17 19:54:13 - Unauthorized response sent successfully
2025-11-17 19:54:13 - Unauthorized response sent successfully
2025-11-17 19:54:13 - Unauthorized response sent successfully
2025-11-17 19:54:13 - Unauthorized response sent successfully
2025-11-17 19:54:13 - Unauthorized response sent successfully
2025-11-17 19:54:14 - No JWT token found in request headers
2025-11-17 19:54:14 - No JWT token found in request headers
2025-11-17 19:54:14 - No JWT token found in request headers
2025-11-17 19:54:14 - No JWT token found in request headers
2025-11-17 19:54:14 - Unauthorized error: Full authentication is required to access this resource - Path: /users/3
2025-11-17 19:54:14 - Authentication error details: {path=/users/3, error=Unauthorized, message=Full authentication is required to access this resource, timestamp=2025-11-17T19:54:14.449218, status=401}
2025-11-17 19:54:14 - Unauthorized error: Full authentication is required to access this resource - Path: /users/4
2025-11-17 19:54:14 - Unauthorized error: Full authentication is required to access this resource - Path: /users/6
2025-11-17 19:54:14 - Authentication error details: {path=/users/6, error=Unauthorized, message=Full authentication is required to access this resource, timestamp=2025-11-17T19:54:14.449387, status=401}
2025-11-17 19:54:14 - Unauthorized error: Full authentication is required to access this resource - Path: /users/5
2025-11-17 19:54:14 - Authentication error details: {path=/users/5, error=Unauthorized, message=Full authentication is required to access this resource, timestamp=2025-11-17T19:54:14.449458, status=401}
2025-11-17 19:54:14 - Authentication error details: {path=/users/4, error=Unauthorized, message=Full authentication is required to access this resource, timestamp=2025-11-17T19:54:14.449308, status=401}
2025-11-17 19:54:14 - Unauthorized response sent successfully
2025-11-17 19:54:14 - Unauthorized response sent successfully
2025-11-17 19:54:14 - Unauthorized response sent successfully
2025-11-17 19:54:14 - Unauthorized response sent successfully
2025-11-17 19:54:14 - No JWT token found in request headers
2025-11-17 19:54:14 - Unauthorized error: Full authentication is required to access this resource - Path: /users/7
2025-11-17 19:54:14 - Authentication error details: {path=/users/7, error=Unauthorized, message=Full authentication is required to access this resource, timestamp=2025-11-17T19:54:14.450353, status=401}
2025-11-17 19:54:14 - Unauthorized response sent successfully
2025-11-17 19:57:01 - Resolving eureka endpoints via configuration
2025-11-17 20:00:52 - No JWT token found in request headers
2025-11-17 20:00:53 - Registration attempt for email: pepito@test.cl
2025-11-17 20:00:53 - Registration attempt for email: pepito@test.cl
2025-11-17 20:00:53 - Checking if email exists: pepito@test.cl
2025-11-17 20:00:53 - 
    select
        u1_0.id 
    from
        users u1_0 
    where
        u1_0.email=? 
    fetch
        first ? rows only
Hibernate: 
    select
        u1_0.id 
    from
        users u1_0 
    where
        u1_0.email=? 
    fetch
        first ? rows only
2025-11-17 20:00:53 - Email pepito@test.cl exists: false
2025-11-17 20:00:53 - Creating new user account for: pepito@test.cl
2025-11-17 20:00:53 - Creating new user with email: pepito@test.cl
2025-11-17 20:00:53 - 
    select
        u1_0.id 
    from
        users u1_0 
    where
        u1_0.email=? 
    fetch
        first ? rows only
Hibernate: 
    select
        u1_0.id 
    from
        users u1_0 
    where
        u1_0.email=? 
    fetch
        first ? rows only
2025-11-17 20:00:53 - 
    insert 
    into
        users
        (created_at, email, name, password, phone, photo, role, updated_at) 
    values
        (?, ?, ?, ?, ?, ?, ?, ?)
Hibernate: 
    insert 
    into
        users
        (created_at, email, name, password, phone, photo, role, updated_at) 
    values
        (?, ?, ?, ?, ?, ?, ?, ?)
2025-11-17 20:00:54 - User created successfully with ID: 9
2025-11-17 20:00:54 - User registered successfully with email: pepito@test.cl
2025-11-17 20:00:54 - User registered successfully: pepito@test.cl
2025-11-17 20:00:54 - No JWT token found in request headers
2025-11-17 20:00:54 - Login attempt for email: pepito@test.cl
2025-11-17 20:00:54 - Login attempt for email: pepito@test.cl
2025-11-17 20:00:54 - 
    select
        u1_0.id,
        u1_0.created_at,
        u1_0.email,
        u1_0.name,
        u1_0.password,
        u1_0.phone,
        u1_0.photo,
        u1_0.role,
        u1_0.updated_at 
    from
        users u1_0 
    where
        u1_0.email=?
Hibernate: 
    select
        u1_0.id,
        u1_0.created_at,
        u1_0.email,
        u1_0.name,
        u1_0.password,
        u1_0.phone,
        u1_0.photo,
        u1_0.role,
        u1_0.updated_at 
    from
        users u1_0 
    where
        u1_0.email=?
2025-11-17 20:00:54 - User authenticated successfully: pepito@test.cl
2025-11-17 20:00:54 - Generating JWT token for email: pepito@test.cl with role: CLIENT
2025-11-17 20:00:54 - JWT token successfully generated for email: pepito@test.cl
2025-11-17 20:00:54 - JWT token generated for user: pepito@test.cl
2025-11-17 20:00:54 - Fetching user with email: pepito@test.cl
2025-11-17 20:00:54 - 
    select
        u1_0.id,
        u1_0.created_at,
        u1_0.email,
        u1_0.name,
        u1_0.password,
        u1_0.phone,
        u1_0.photo,
        u1_0.role,
        u1_0.updated_at 
    from
        users u1_0 
    where
        u1_0.email=?
Hibernate: 
    select
        u1_0.id,
        u1_0.created_at,
        u1_0.email,
        u1_0.name,
        u1_0.password,
        u1_0.phone,
        u1_0.photo,
        u1_0.role,
        u1_0.updated_at 
    from
        users u1_0 
    where
        u1_0.email=?
2025-11-17 20:00:54 - User found with ID: 9
2025-11-17 20:00:54 - 
    select
        a1_0.user_id,
        a1_0.id,
        a1_0.city,
        a1_0.is_default,
        a1_0.latitude,
        a1_0.longitude,
        a1_0.neighborhood,
        a1_0.street,
        a1_0.zip_code 
    from
        addresses a1_0 
    where
        a1_0.user_id=?
Hibernate: 
    select
        a1_0.user_id,
        a1_0.id,
        a1_0.city,
        a1_0.is_default,
        a1_0.latitude,
        a1_0.longitude,
        a1_0.neighborhood,
        a1_0.street,
        a1_0.zip_code 
    from
        addresses a1_0 
    where
        a1_0.user_id=?
2025-11-17 20:00:54 - Login successful for user: pepito@test.cl
2025-11-17 20:00:55 - User logged in successfully: pepito@test.cl
2025-11-17 20:02:01 - Resolving eureka endpoints via configuration
2025-11-17 20:02:35 - No JWT token found in request headers
2025-11-17 20:02:35 - Registration attempt for email: carlos.rodriguez@pethome.cl
2025-11-17 20:02:35 - Registration attempt for email: carlos.rodriguez@pethome.cl
2025-11-17 20:02:35 - Checking if email exists: carlos.rodriguez@pethome.cl
2025-11-17 20:02:35 - 
    select
        u1_0.id 
    from
        users u1_0 
    where
        u1_0.email=? 
    fetch
        first ? rows only
Hibernate: 
    select
        u1_0.id 
    from
        users u1_0 
    where
        u1_0.email=? 
    fetch
        first ? rows only
2025-11-17 20:02:36 - Email carlos.rodriguez@pethome.cl exists: true
2025-11-17 20:02:36 - Email already exists: carlos.rodriguez@pethome.cl
2025-11-17 20:02:36 - Registration failed for email: carlos.rodriguez@pethome.cl
java.lang.RuntimeException: Email already exists: carlos.rodriguez@pethome.cl
	at cl.duoc.pethome_user_service.service.impl.AuthServiceImpl.register(AuthServiceImpl.java:119)
	at java.base/jdk.internal.reflect.DirectMethodHandleAccessor.invoke(DirectMethodHandleAccessor.java:104)
	at java.base/java.lang.reflect.Method.invoke(Method.java:565)
	at org.springframework.aop.support.AopUtils.invokeJoinpointUsingReflection(AopUtils.java:360)
	at org.springframework.aop.framework.ReflectiveMethodInvocation.invokeJoinpoint(ReflectiveMethodInvocation.java:196)
	at org.springframework.aop.framework.ReflectiveMethodInvocation.proceed(ReflectiveMethodInvocation.java:163)
	at org.springframework.transaction.interceptor.TransactionAspectSupport.invokeWithinTransaction(TransactionAspectSupport.java:380)
	at org.springframework.transaction.interceptor.TransactionInterceptor.invoke(TransactionInterceptor.java:119)
	at org.springframework.aop.framework.ReflectiveMethodInvocation.proceed(ReflectiveMethodInvocation.java:184)
	at org.springframework.aop.framework.CglibAopProxy$DynamicAdvisedInterceptor.intercept(CglibAopProxy.java:728)
	at cl.duoc.pethome_user_service.service.impl.AuthServiceImpl$$SpringCGLIB$$0.register(<generated>)
	at cl.duoc.pethome_user_service.controller.AuthController.register(AuthController.java:72)
	at java.base/jdk.internal.reflect.DirectMethodHandleAccessor.invoke(DirectMethodHandleAccessor.java:104)
	at java.base/java.lang.reflect.Method.invoke(Method.java:565)
	at org.springframework.web.method.support.InvocableHandlerMethod.doInvoke(InvocableHandlerMethod.java:258)
	at org.springframework.web.method.support.InvocableHandlerMethod.invokeForRequest(InvocableHandlerMethod.java:191)
	at org.springframework.web.servlet.mvc.method.annotation.ServletInvocableHandlerMethod.invokeAndHandle(ServletInvocableHandlerMethod.java:118)
	at org.springframework.web.servlet.mvc.method.annotation.RequestMappingHandlerAdapter.invokeHandlerMethod(RequestMappingHandlerAdapter.java:991)
	at org.springframework.web.servlet.mvc.method.annotation.RequestMappingHandlerAdapter.handleInternal(RequestMappingHandlerAdapter.java:896)
	at org.springframework.web.servlet.mvc.method.AbstractHandlerMethodAdapter.handle(AbstractHandlerMethodAdapter.java:87)
	at org.springframework.web.servlet.DispatcherServlet.doDispatch(DispatcherServlet.java:1089)
	at org.springframework.web.servlet.DispatcherServlet.doService(DispatcherServlet.java:979)
	at org.springframework.web.servlet.FrameworkServlet.processRequest(FrameworkServlet.java:1014)
	at org.springframework.web.servlet.FrameworkServlet.doPost(FrameworkServlet.java:914)
	at jakarta.servlet.http.HttpServlet.service(HttpServlet.java:590)
	at org.springframework.web.servlet.FrameworkServlet.service(FrameworkServlet.java:885)
	at jakarta.servlet.http.HttpServlet.service(HttpServlet.java:658)
	at org.apache.catalina.core.ApplicationFilterChain.internalDoFilter(ApplicationFilterChain.java:195)
	at org.apache.catalina.core.ApplicationFilterChain.doFilter(ApplicationFilterChain.java:140)
	at org.apache.tomcat.websocket.server.WsFilter.doFilter(WsFilter.java:51)
	at org.apache.catalina.core.ApplicationFilterChain.internalDoFilter(ApplicationFilterChain.java:164)
	at org.apache.catalina.core.ApplicationFilterChain.doFilter(ApplicationFilterChain.java:140)
	at org.springframework.web.filter.OncePerRequestFilter.doFilter(OncePerRequestFilter.java:110)
	at org.apache.catalina.core.ApplicationFilterChain.internalDoFilter(ApplicationFilterChain.java:164)
	at org.apache.catalina.core.ApplicationFilterChain.doFilter(ApplicationFilterChain.java:140)
	at org.springframework.web.filter.CompositeFilter$VirtualFilterChain.doFilter(CompositeFilter.java:108)
	at org.springframework.web.filter.CompositeFilter$VirtualFilterChain.doFilter(CompositeFilter.java:108)
	at org.springframework.security.web.FilterChainProxy.lambda$doFilterInternal$3(FilterChainProxy.java:231)
	at org.springframework.security.web.ObservationFilterChainDecorator$FilterObservation$SimpleFilterObservation.lambda$wrap$1(ObservationFilterChainDecorator.java:479)
	at org.springframework.security.web.ObservationFilterChainDecorator$AroundFilterObservation$SimpleAroundFilterObservation.lambda$wrap$1(ObservationFilterChainDecorator.java:340)
	at org.springframework.security.web.ObservationFilterChainDecorator.lambda$wrapSecured$0(ObservationFilterChainDecorator.java:82)
	at org.springframework.security.web.ObservationFilterChainDecorator$VirtualFilterChain.doFilter(ObservationFilterChainDecorator.java:128)
	at org.springframework.security.web.access.intercept.AuthorizationFilter.doFilter(AuthorizationFilter.java:101)
	at org.springframework.security.web.ObservationFilterChainDecorator$ObservationFilter.wrapFilter(ObservationFilterChainDecorator.java:240)
	at org.springframework.security.web.ObservationFilterChainDecorator$ObservationFilter.doFilter(ObservationFilterChainDecorator.java:227)
	at org.springframework.security.web.ObservationFilterChainDecorator$VirtualFilterChain.doFilter(ObservationFilterChainDecorator.java:137)
	at org.springframework.security.web.access.ExceptionTranslationFilter.doFilter(ExceptionTranslationFilter.java:125)
	at org.springframework.security.web.access.ExceptionTranslationFilter.doFilter(ExceptionTranslationFilter.java:119)
	at org.springframework.security.web.ObservationFilterChainDecorator$ObservationFilter.wrapFilter(ObservationFilterChainDecorator.java:240)
	at org.springframework.security.web.ObservationFilterChainDecorator$ObservationFilter.doFilter(ObservationFilterChainDecorator.java:227)
	at org.springframework.security.web.ObservationFilterChainDecorator$VirtualFilterChain.doFilter(ObservationFilterChainDecorator.java:137)
	at org.springframework.security.web.session.SessionManagementFilter.doFilter(SessionManagementFilter.java:131)
	at org.springframework.security.web.session.SessionManagementFilter.doFilter(SessionManagementFilter.java:85)
	at org.springframework.security.web.ObservationFilterChainDecorator$ObservationFilter.wrapFilter(ObservationFilterChainDecorator.java:240)
	at org.springframework.security.web.ObservationFilterChainDecorator$ObservationFilter.doFilter(ObservationFilterChainDecorator.java:227)
	at org.springframework.security.web.ObservationFilterChainDecorator$VirtualFilterChain.doFilter(ObservationFilterChainDecorator.java:137)
	at org.springframework.security.web.authentication.AnonymousAuthenticationFilter.doFilter(AnonymousAuthenticationFilter.java:100)
	at org.springframework.security.web.ObservationFilterChainDecorator$ObservationFilter.wrapFilter(ObservationFilterChainDecorator.java:240)
	at org.springframework.security.web.ObservationFilterChainDecorator$ObservationFilter.doFilter(ObservationFilterChainDecorator.java:227)
	at org.springframework.security.web.ObservationFilterChainDecorator$VirtualFilterChain.doFilter(ObservationFilterChainDecorator.java:137)
	at org.springframework.security.web.servletapi.SecurityContextHolderAwareRequestFilter.doFilter(SecurityContextHolderAwareRequestFilter.java:179)
	at org.springframework.security.web.ObservationFilterChainDecorator$ObservationFilter.wrapFilter(ObservationFilterChainDecorator.java:240)
	at org.springframework.security.web.ObservationFilterChainDecorator$ObservationFilter.doFilter(ObservationFilterChainDecorator.java:227)
	at org.springframework.security.web.ObservationFilterChainDecorator$VirtualFilterChain.doFilter(ObservationFilterChainDecorator.java:137)
	at org.springframework.security.web.savedrequest.RequestCacheAwareFilter.doFilter(RequestCacheAwareFilter.java:63)
	at org.springframework.security.web.ObservationFilterChainDecorator$ObservationFilter.wrapFilter(ObservationFilterChainDecorator.java:240)
	at org.springframework.security.web.ObservationFilterChainDecorator$ObservationFilter.doFilter(ObservationFilterChainDecorator.java:227)
	at org.springframework.security.web.ObservationFilterChainDecorator$VirtualFilterChain.doFilter(ObservationFilterChainDecorator.java:137)
	at cl.duoc.pethome_user_service.security.JwtAuthenticationFilter.doFilterInternal(JwtAuthenticationFilter.java:130)
	at org.springframework.web.filter.OncePerRequestFilter.doFilter(OncePerRequestFilter.java:116)
	at org.springframework.security.web.ObservationFilterChainDecorator$ObservationFilter.wrapFilter(ObservationFilterChainDecorator.java:240)
	at org.springframework.security.web.ObservationFilterChainDecorator$ObservationFilter.doFilter(ObservationFilterChainDecorator.java:227)
	at org.springframework.security.web.ObservationFilterChainDecorator$VirtualFilterChain.doFilter(ObservationFilterChainDecorator.java:137)
	at org.springframework.security.web.authentication.logout.LogoutFilter.doFilter(LogoutFilter.java:107)
	at org.springframework.security.web.authentication.logout.LogoutFilter.doFilter(LogoutFilter.java:93)
	at org.springframework.security.web.ObservationFilterChainDecorator$ObservationFilter.wrapFilter(ObservationFilterChainDecorator.java:240)
	at org.springframework.security.web.ObservationFilterChainDecorator$ObservationFilter.doFilter(ObservationFilterChainDecorator.java:227)
	at org.springframework.security.web.ObservationFilterChainDecorator$VirtualFilterChain.doFilter(ObservationFilterChainDecorator.java:137)
	at org.springframework.security.web.header.HeaderWriterFilter.doHeadersAfter(HeaderWriterFilter.java:90)
	at org.springframework.security.web.header.HeaderWriterFilter.doFilterInternal(HeaderWriterFilter.java:75)
	at org.springframework.web.filter.OncePerRequestFilter.doFilter(OncePerRequestFilter.java:116)
	at org.springframework.security.web.ObservationFilterChainDecorator$ObservationFilter.wrapFilter(ObservationFilterChainDecorator.java:240)
	at org.springframework.security.web.ObservationFilterChainDecorator$ObservationFilter.doFilter(ObservationFilterChainDecorator.java:227)
	at org.springframework.security.web.ObservationFilterChainDecorator$VirtualFilterChain.doFilter(ObservationFilterChainDecorator.java:137)
	at org.springframework.security.web.context.SecurityContextHolderFilter.doFilter(SecurityContextHolderFilter.java:82)
	at org.springframework.security.web.context.SecurityContextHolderFilter.doFilter(SecurityContextHolderFilter.java:69)
	at org.springframework.security.web.ObservationFilterChainDecorator$ObservationFilter.wrapFilter(ObservationFilterChainDecorator.java:240)
	at org.springframework.security.web.ObservationFilterChainDecorator$ObservationFilter.doFilter(ObservationFilterChainDecorator.java:227)
	at org.springframework.security.web.ObservationFilterChainDecorator$VirtualFilterChain.doFilter(ObservationFilterChainDecorator.java:137)
	at org.springframework.security.web.context.request.async.WebAsyncManagerIntegrationFilter.doFilterInternal(WebAsyncManagerIntegrationFilter.java:62)
	at org.springframework.web.filter.OncePerRequestFilter.doFilter(OncePerRequestFilter.java:116)
	at org.springframework.security.web.ObservationFilterChainDecorator$ObservationFilter.wrapFilter(ObservationFilterChainDecorator.java:240)
	at org.springframework.security.web.ObservationFilterChainDecorator$ObservationFilter.doFilter(ObservationFilterChainDecorator.java:227)
	at org.springframework.security.web.ObservationFilterChainDecorator$VirtualFilterChain.doFilter(ObservationFilterChainDecorator.java:137)
	at org.springframework.security.web.session.DisableEncodeUrlFilter.doFilterInternal(DisableEncodeUrlFilter.java:42)
	at org.springframework.web.filter.OncePerRequestFilter.doFilter(OncePerRequestFilter.java:116)
	at org.springframework.security.web.ObservationFilterChainDecorator$ObservationFilter.wrapFilter(ObservationFilterChainDecorator.java:240)
	at org.springframework.security.web.ObservationFilterChainDecorator$AroundFilterObservation$SimpleAroundFilterObservation.lambda$wrap$0(ObservationFilterChainDecorator.java:323)
	at org.springframework.security.web.ObservationFilterChainDecorator$ObservationFilter.doFilter(ObservationFilterChainDecorator.java:224)
	at org.springframework.security.web.ObservationFilterChainDecorator$VirtualFilterChain.doFilter(ObservationFilterChainDecorator.java:137)
	at org.springframework.security.web.FilterChainProxy.doFilterInternal(FilterChainProxy.java:233)
	at org.springframework.security.web.FilterChainProxy.doFilter(FilterChainProxy.java:191)
	at org.springframework.web.filter.CompositeFilter$VirtualFilterChain.doFilter(CompositeFilter.java:113)
	at org.springframework.web.filter.ServletRequestPathFilter.doFilter(ServletRequestPathFilter.java:52)
	at org.springframework.web.filter.CompositeFilter$VirtualFilterChain.doFilter(CompositeFilter.java:113)
	at org.springframework.web.filter.CompositeFilter.doFilter(CompositeFilter.java:74)
	at org.springframework.security.config.annotation.web.configuration.WebSecurityConfiguration$CompositeFilterChainProxy.doFilter(WebSecurityConfiguration.java:319)
	at org.springframework.web.filter.CompositeFilter$VirtualFilterChain.doFilter(CompositeFilter.java:113)
	at org.springframework.web.servlet.handler.HandlerMappingIntrospector.lambda$createCacheFilter$4(HandlerMappingIntrospector.java:267)
	at org.springframework.web.filter.CompositeFilter$VirtualFilterChain.doFilter(CompositeFilter.java:113)
	at org.springframework.web.filter.CompositeFilter.doFilter(CompositeFilter.java:74)
	at org.springframework.security.config.annotation.web.configuration.WebMvcSecurityConfiguration$CompositeFilterChainProxy.doFilter(WebMvcSecurityConfiguration.java:240)
	at org.springframework.web.filter.DelegatingFilterProxy.invokeDelegate(DelegatingFilterProxy.java:362)
	at org.springframework.web.filter.DelegatingFilterProxy.doFilter(DelegatingFilterProxy.java:278)
	at org.apache.catalina.core.ApplicationFilterChain.internalDoFilter(ApplicationFilterChain.java:164)
	at org.apache.catalina.core.ApplicationFilterChain.doFilter(ApplicationFilterChain.java:140)
	at org.springframework.web.filter.RequestContextFilter.doFilterInternal(RequestContextFilter.java:100)
	at org.springframework.web.filter.OncePerRequestFilter.doFilter(OncePerRequestFilter.java:116)
	at org.apache.catalina.core.ApplicationFilterChain.internalDoFilter(ApplicationFilterChain.java:164)
	at org.apache.catalina.core.ApplicationFilterChain.doFilter(ApplicationFilterChain.java:140)
	at org.springframework.web.filter.FormContentFilter.doFilterInternal(FormContentFilter.java:93)
	at org.springframework.web.filter.OncePerRequestFilter.doFilter(OncePerRequestFilter.java:116)
	at org.apache.catalina.core.ApplicationFilterChain.internalDoFilter(ApplicationFilterChain.java:164)
	at org.apache.catalina.core.ApplicationFilterChain.doFilter(ApplicationFilterChain.java:140)
	at org.springframework.web.filter.ServerHttpObservationFilter.doFilterInternal(ServerHttpObservationFilter.java:110)
	at org.springframework.web.filter.OncePerRequestFilter.doFilter(OncePerRequestFilter.java:116)
	at org.apache.catalina.core.ApplicationFilterChain.internalDoFilter(ApplicationFilterChain.java:164)
	at org.apache.catalina.core.ApplicationFilterChain.doFilter(ApplicationFilterChain.java:140)
	at org.springframework.web.filter.CharacterEncodingFilter.doFilterInternal(CharacterEncodingFilter.java:201)
	at org.springframework.web.filter.OncePerRequestFilter.doFilter(OncePerRequestFilter.java:116)
	at org.apache.catalina.core.ApplicationFilterChain.internalDoFilter(ApplicationFilterChain.java:164)
	at org.apache.catalina.core.ApplicationFilterChain.doFilter(ApplicationFilterChain.java:140)
	at org.apache.catalina.core.StandardWrapperValve.invoke(StandardWrapperValve.java:167)
	at org.apache.catalina.core.StandardContextValve.invoke(StandardContextValve.java:90)
	at org.apache.catalina.authenticator.AuthenticatorBase.invoke(AuthenticatorBase.java:483)
	at org.apache.catalina.core.StandardHostValve.invoke(StandardHostValve.java:116)
	at org.apache.catalina.valves.ErrorReportValve.invoke(ErrorReportValve.java:93)
	at org.apache.catalina.core.StandardEngineValve.invoke(StandardEngineValve.java:74)
	at org.apache.catalina.connector.CoyoteAdapter.service(CoyoteAdapter.java:344)
	at org.apache.coyote.http11.Http11Processor.service(Http11Processor.java:398)
	at org.apache.coyote.AbstractProcessorLight.process(AbstractProcessorLight.java:63)
	at org.apache.coyote.AbstractProtocol$ConnectionHandler.process(AbstractProtocol.java:903)
	at org.apache.tomcat.util.net.NioEndpoint$SocketProcessor.doRun(NioEndpoint.java:1769)
	at org.apache.tomcat.util.net.SocketProcessorBase.run(SocketProcessorBase.java:52)
	at org.apache.tomcat.util.threads.ThreadPoolExecutor.runWorker(ThreadPoolExecutor.java:1189)
	at org.apache.tomcat.util.threads.ThreadPoolExecutor$Worker.run(ThreadPoolExecutor.java:658)
	at org.apache.tomcat.util.threads.TaskThread$WrappingRunnable.run(TaskThread.java:63)
	at java.base/java.lang.Thread.run(Thread.java:1474)
2025-11-17 20:02:36 - Error de ejecución: Email already exists: carlos.rodriguez@pethome.cl
java.lang.RuntimeException: Email already exists: carlos.rodriguez@pethome.cl
	at cl.duoc.pethome_user_service.service.impl.AuthServiceImpl.register(AuthServiceImpl.java:119)
	at java.base/jdk.internal.reflect.DirectMethodHandleAccessor.invoke(DirectMethodHandleAccessor.java:104)
	at java.base/java.lang.reflect.Method.invoke(Method.java:565)
	at org.springframework.aop.support.AopUtils.invokeJoinpointUsingReflection(AopUtils.java:360)
	at org.springframework.aop.framework.ReflectiveMethodInvocation.invokeJoinpoint(ReflectiveMethodInvocation.java:196)
	at org.springframework.aop.framework.ReflectiveMethodInvocation.proceed(ReflectiveMethodInvocation.java:163)
	at org.springframework.transaction.interceptor.TransactionAspectSupport.invokeWithinTransaction(TransactionAspectSupport.java:380)
	at org.springframework.transaction.interceptor.TransactionInterceptor.invoke(TransactionInterceptor.java:119)
	at org.springframework.aop.framework.ReflectiveMethodInvocation.proceed(ReflectiveMethodInvocation.java:184)
	at org.springframework.aop.framework.CglibAopProxy$DynamicAdvisedInterceptor.intercept(CglibAopProxy.java:728)
	at cl.duoc.pethome_user_service.service.impl.AuthServiceImpl$$SpringCGLIB$$0.register(<generated>)
	at cl.duoc.pethome_user_service.controller.AuthController.register(AuthController.java:72)
	at java.base/jdk.internal.reflect.DirectMethodHandleAccessor.invoke(DirectMethodHandleAccessor.java:104)
	at java.base/java.lang.reflect.Method.invoke(Method.java:565)
	at org.springframework.web.method.support.InvocableHandlerMethod.doInvoke(InvocableHandlerMethod.java:258)
	at org.springframework.web.method.support.InvocableHandlerMethod.invokeForRequest(InvocableHandlerMethod.java:191)
	at org.springframework.web.servlet.mvc.method.annotation.ServletInvocableHandlerMethod.invokeAndHandle(ServletInvocableHandlerMethod.java:118)
	at org.springframework.web.servlet.mvc.method.annotation.RequestMappingHandlerAdapter.invokeHandlerMethod(RequestMappingHandlerAdapter.java:991)
	at org.springframework.web.servlet.mvc.method.annotation.RequestMappingHandlerAdapter.handleInternal(RequestMappingHandlerAdapter.java:896)
	at org.springframework.web.servlet.mvc.method.AbstractHandlerMethodAdapter.handle(AbstractHandlerMethodAdapter.java:87)
	at org.springframework.web.servlet.DispatcherServlet.doDispatch(DispatcherServlet.java:1089)
	at org.springframework.web.servlet.DispatcherServlet.doService(DispatcherServlet.java:979)
	at org.springframework.web.servlet.FrameworkServlet.processRequest(FrameworkServlet.java:1014)
	at org.springframework.web.servlet.FrameworkServlet.doPost(FrameworkServlet.java:914)
	at jakarta.servlet.http.HttpServlet.service(HttpServlet.java:590)
	at org.springframework.web.servlet.FrameworkServlet.service(FrameworkServlet.java:885)
	at jakarta.servlet.http.HttpServlet.service(HttpServlet.java:658)
	at org.apache.catalina.core.ApplicationFilterChain.internalDoFilter(ApplicationFilterChain.java:195)
	at org.apache.catalina.core.ApplicationFilterChain.doFilter(ApplicationFilterChain.java:140)
	at org.apache.tomcat.websocket.server.WsFilter.doFilter(WsFilter.java:51)
	at org.apache.catalina.core.ApplicationFilterChain.internalDoFilter(ApplicationFilterChain.java:164)
	at org.apache.catalina.core.ApplicationFilterChain.doFilter(ApplicationFilterChain.java:140)
	at org.springframework.web.filter.OncePerRequestFilter.doFilter(OncePerRequestFilter.java:110)
	at org.apache.catalina.core.ApplicationFilterChain.internalDoFilter(ApplicationFilterChain.java:164)
	at org.apache.catalina.core.ApplicationFilterChain.doFilter(ApplicationFilterChain.java:140)
	at org.springframework.web.filter.CompositeFilter$VirtualFilterChain.doFilter(CompositeFilter.java:108)
	at org.springframework.web.filter.CompositeFilter$VirtualFilterChain.doFilter(CompositeFilter.java:108)
	at org.springframework.security.web.FilterChainProxy.lambda$doFilterInternal$3(FilterChainProxy.java:231)
	at org.springframework.security.web.ObservationFilterChainDecorator$FilterObservation$SimpleFilterObservation.lambda$wrap$1(ObservationFilterChainDecorator.java:479)
	at org.springframework.security.web.ObservationFilterChainDecorator$AroundFilterObservation$SimpleAroundFilterObservation.lambda$wrap$1(ObservationFilterChainDecorator.java:340)
	at org.springframework.security.web.ObservationFilterChainDecorator.lambda$wrapSecured$0(ObservationFilterChainDecorator.java:82)
	at org.springframework.security.web.ObservationFilterChainDecorator$VirtualFilterChain.doFilter(ObservationFilterChainDecorator.java:128)
	at org.springframework.security.web.access.intercept.AuthorizationFilter.doFilter(AuthorizationFilter.java:101)
	at org.springframework.security.web.ObservationFilterChainDecorator$ObservationFilter.wrapFilter(ObservationFilterChainDecorator.java:240)
	at org.springframework.security.web.ObservationFilterChainDecorator$ObservationFilter.doFilter(ObservationFilterChainDecorator.java:227)
	at org.springframework.security.web.ObservationFilterChainDecorator$VirtualFilterChain.doFilter(ObservationFilterChainDecorator.java:137)
	at org.springframework.security.web.access.ExceptionTranslationFilter.doFilter(ExceptionTranslationFilter.java:125)
	at org.springframework.security.web.access.ExceptionTranslationFilter.doFilter(ExceptionTranslationFilter.java:119)
	at org.springframework.security.web.ObservationFilterChainDecorator$ObservationFilter.wrapFilter(ObservationFilterChainDecorator.java:240)
	at org.springframework.security.web.ObservationFilterChainDecorator$ObservationFilter.doFilter(ObservationFilterChainDecorator.java:227)
	at org.springframework.security.web.ObservationFilterChainDecorator$VirtualFilterChain.doFilter(ObservationFilterChainDecorator.java:137)
	at org.springframework.security.web.session.SessionManagementFilter.doFilter(SessionManagementFilter.java:131)
	at org.springframework.security.web.session.SessionManagementFilter.doFilter(SessionManagementFilter.java:85)
	at org.springframework.security.web.ObservationFilterChainDecorator$ObservationFilter.wrapFilter(ObservationFilterChainDecorator.java:240)
	at org.springframework.security.web.ObservationFilterChainDecorator$ObservationFilter.doFilter(ObservationFilterChainDecorator.java:227)
	at org.springframework.security.web.ObservationFilterChainDecorator$VirtualFilterChain.doFilter(ObservationFilterChainDecorator.java:137)
	at org.springframework.security.web.authentication.AnonymousAuthenticationFilter.doFilter(AnonymousAuthenticationFilter.java:100)
	at org.springframework.security.web.ObservationFilterChainDecorator$ObservationFilter.wrapFilter(ObservationFilterChainDecorator.java:240)
	at org.springframework.security.web.ObservationFilterChainDecorator$ObservationFilter.doFilter(ObservationFilterChainDecorator.java:227)
	at org.springframework.security.web.ObservationFilterChainDecorator$VirtualFilterChain.doFilter(ObservationFilterChainDecorator.java:137)
	at org.springframework.security.web.servletapi.SecurityContextHolderAwareRequestFilter.doFilter(SecurityContextHolderAwareRequestFilter.java:179)
	at org.springframework.security.web.ObservationFilterChainDecorator$ObservationFilter.wrapFilter(ObservationFilterChainDecorator.java:240)
	at org.springframework.security.web.ObservationFilterChainDecorator$ObservationFilter.doFilter(ObservationFilterChainDecorator.java:227)
	at org.springframework.security.web.ObservationFilterChainDecorator$VirtualFilterChain.doFilter(ObservationFilterChainDecorator.java:137)
	at org.springframework.security.web.savedrequest.RequestCacheAwareFilter.doFilter(RequestCacheAwareFilter.java:63)
	at org.springframework.security.web.ObservationFilterChainDecorator$ObservationFilter.wrapFilter(ObservationFilterChainDecorator.java:240)
	at org.springframework.security.web.ObservationFilterChainDecorator$ObservationFilter.doFilter(ObservationFilterChainDecorator.java:227)
	at org.springframework.security.web.ObservationFilterChainDecorator$VirtualFilterChain.doFilter(ObservationFilterChainDecorator.java:137)
	at cl.duoc.pethome_user_service.security.JwtAuthenticationFilter.doFilterInternal(JwtAuthenticationFilter.java:130)
	at org.springframework.web.filter.OncePerRequestFilter.doFilter(OncePerRequestFilter.java:116)
	at org.springframework.security.web.ObservationFilterChainDecorator$ObservationFilter.wrapFilter(ObservationFilterChainDecorator.java:240)
	at org.springframework.security.web.ObservationFilterChainDecorator$ObservationFilter.doFilter(ObservationFilterChainDecorator.java:227)
	at org.springframework.security.web.ObservationFilterChainDecorator$VirtualFilterChain.doFilter(ObservationFilterChainDecorator.java:137)
	at org.springframework.security.web.authentication.logout.LogoutFilter.doFilter(LogoutFilter.java:107)
	at org.springframework.security.web.authentication.logout.LogoutFilter.doFilter(LogoutFilter.java:93)
	at org.springframework.security.web.ObservationFilterChainDecorator$ObservationFilter.wrapFilter(ObservationFilterChainDecorator.java:240)
	at org.springframework.security.web.ObservationFilterChainDecorator$ObservationFilter.doFilter(ObservationFilterChainDecorator.java:227)
	at org.springframework.security.web.ObservationFilterChainDecorator$VirtualFilterChain.doFilter(ObservationFilterChainDecorator.java:137)
	at org.springframework.security.web.header.HeaderWriterFilter.doHeadersAfter(HeaderWriterFilter.java:90)
	at org.springframework.security.web.header.HeaderWriterFilter.doFilterInternal(HeaderWriterFilter.java:75)
	at org.springframework.web.filter.OncePerRequestFilter.doFilter(OncePerRequestFilter.java:116)
	at org.springframework.security.web.ObservationFilterChainDecorator$ObservationFilter.wrapFilter(ObservationFilterChainDecorator.java:240)
	at org.springframework.security.web.ObservationFilterChainDecorator$ObservationFilter.doFilter(ObservationFilterChainDecorator.java:227)
	at org.springframework.security.web.ObservationFilterChainDecorator$VirtualFilterChain.doFilter(ObservationFilterChainDecorator.java:137)
	at org.springframework.security.web.context.SecurityContextHolderFilter.doFilter(SecurityContextHolderFilter.java:82)
	at org.springframework.security.web.context.SecurityContextHolderFilter.doFilter(SecurityContextHolderFilter.java:69)
	at org.springframework.security.web.ObservationFilterChainDecorator$ObservationFilter.wrapFilter(ObservationFilterChainDecorator.java:240)
	at org.springframework.security.web.ObservationFilterChainDecorator$ObservationFilter.doFilter(ObservationFilterChainDecorator.java:227)
	at org.springframework.security.web.ObservationFilterChainDecorator$VirtualFilterChain.doFilter(ObservationFilterChainDecorator.java:137)
	at org.springframework.security.web.context.request.async.WebAsyncManagerIntegrationFilter.doFilterInternal(WebAsyncManagerIntegrationFilter.java:62)
	at org.springframework.web.filter.OncePerRequestFilter.doFilter(OncePerRequestFilter.java:116)
	at org.springframework.security.web.ObservationFilterChainDecorator$ObservationFilter.wrapFilter(ObservationFilterChainDecorator.java:240)
	at org.springframework.security.web.ObservationFilterChainDecorator$ObservationFilter.doFilter(ObservationFilterChainDecorator.java:227)
	at org.springframework.security.web.ObservationFilterChainDecorator$VirtualFilterChain.doFilter(ObservationFilterChainDecorator.java:137)
	at org.springframework.security.web.session.DisableEncodeUrlFilter.doFilterInternal(DisableEncodeUrlFilter.java:42)
	at org.springframework.web.filter.OncePerRequestFilter.doFilter(OncePerRequestFilter.java:116)
	at org.springframework.security.web.ObservationFilterChainDecorator$ObservationFilter.wrapFilter(ObservationFilterChainDecorator.java:240)
	at org.springframework.security.web.ObservationFilterChainDecorator$AroundFilterObservation$SimpleAroundFilterObservation.lambda$wrap$0(ObservationFilterChainDecorator.java:323)
	at org.springframework.security.web.ObservationFilterChainDecorator$ObservationFilter.doFilter(ObservationFilterChainDecorator.java:224)
	at org.springframework.security.web.ObservationFilterChainDecorator$VirtualFilterChain.doFilter(ObservationFilterChainDecorator.java:137)
	at org.springframework.security.web.FilterChainProxy.doFilterInternal(FilterChainProxy.java:233)
	at org.springframework.security.web.FilterChainProxy.doFilter(FilterChainProxy.java:191)
	at org.springframework.web.filter.CompositeFilter$VirtualFilterChain.doFilter(CompositeFilter.java:113)
	at org.springframework.web.filter.ServletRequestPathFilter.doFilter(ServletRequestPathFilter.java:52)
	at org.springframework.web.filter.CompositeFilter$VirtualFilterChain.doFilter(CompositeFilter.java:113)
	at org.springframework.web.filter.CompositeFilter.doFilter(CompositeFilter.java:74)
	at org.springframework.security.config.annotation.web.configuration.WebSecurityConfiguration$CompositeFilterChainProxy.doFilter(WebSecurityConfiguration.java:319)
	at org.springframework.web.filter.CompositeFilter$VirtualFilterChain.doFilter(CompositeFilter.java:113)
	at org.springframework.web.servlet.handler.HandlerMappingIntrospector.lambda$createCacheFilter$4(HandlerMappingIntrospector.java:267)
	at org.springframework.web.filter.CompositeFilter$VirtualFilterChain.doFilter(CompositeFilter.java:113)
	at org.springframework.web.filter.CompositeFilter.doFilter(CompositeFilter.java:74)
	at org.springframework.security.config.annotation.web.configuration.WebMvcSecurityConfiguration$CompositeFilterChainProxy.doFilter(WebMvcSecurityConfiguration.java:240)
	at org.springframework.web.filter.DelegatingFilterProxy.invokeDelegate(DelegatingFilterProxy.java:362)
	at org.springframework.web.filter.DelegatingFilterProxy.doFilter(DelegatingFilterProxy.java:278)
	at org.apache.catalina.core.ApplicationFilterChain.internalDoFilter(ApplicationFilterChain.java:164)
	at org.apache.catalina.core.ApplicationFilterChain.doFilter(ApplicationFilterChain.java:140)
	at org.springframework.web.filter.RequestContextFilter.doFilterInternal(RequestContextFilter.java:100)
	at org.springframework.web.filter.OncePerRequestFilter.doFilter(OncePerRequestFilter.java:116)
	at org.apache.catalina.core.ApplicationFilterChain.internalDoFilter(ApplicationFilterChain.java:164)
	at org.apache.catalina.core.ApplicationFilterChain.doFilter(ApplicationFilterChain.java:140)
	at org.springframework.web.filter.FormContentFilter.doFilterInternal(FormContentFilter.java:93)
	at org.springframework.web.filter.OncePerRequestFilter.doFilter(OncePerRequestFilter.java:116)
	at org.apache.catalina.core.ApplicationFilterChain.internalDoFilter(ApplicationFilterChain.java:164)
	at org.apache.catalina.core.ApplicationFilterChain.doFilter(ApplicationFilterChain.java:140)
	at org.springframework.web.filter.ServerHttpObservationFilter.doFilterInternal(ServerHttpObservationFilter.java:110)
	at org.springframework.web.filter.OncePerRequestFilter.doFilter(OncePerRequestFilter.java:116)
	at org.apache.catalina.core.ApplicationFilterChain.internalDoFilter(ApplicationFilterChain.java:164)
	at org.apache.catalina.core.ApplicationFilterChain.doFilter(ApplicationFilterChain.java:140)
	at org.springframework.web.filter.CharacterEncodingFilter.doFilterInternal(CharacterEncodingFilter.java:201)
	at org.springframework.web.filter.OncePerRequestFilter.doFilter(OncePerRequestFilter.java:116)
	at org.apache.catalina.core.ApplicationFilterChain.internalDoFilter(ApplicationFilterChain.java:164)
	at org.apache.catalina.core.ApplicationFilterChain.doFilter(ApplicationFilterChain.java:140)
	at org.apache.catalina.core.StandardWrapperValve.invoke(StandardWrapperValve.java:167)
	at org.apache.catalina.core.StandardContextValve.invoke(StandardContextValve.java:90)
	at org.apache.catalina.authenticator.AuthenticatorBase.invoke(AuthenticatorBase.java:483)
	at org.apache.catalina.core.StandardHostValve.invoke(StandardHostValve.java:116)
	at org.apache.catalina.valves.ErrorReportValve.invoke(ErrorReportValve.java:93)
	at org.apache.catalina.core.StandardEngineValve.invoke(StandardEngineValve.java:74)
	at org.apache.catalina.connector.CoyoteAdapter.service(CoyoteAdapter.java:344)
	at org.apache.coyote.http11.Http11Processor.service(Http11Processor.java:398)
	at org.apache.coyote.AbstractProcessorLight.process(AbstractProcessorLight.java:63)
	at org.apache.coyote.AbstractProtocol$ConnectionHandler.process(AbstractProtocol.java:903)
	at org.apache.tomcat.util.net.NioEndpoint$SocketProcessor.doRun(NioEndpoint.java:1769)
	at org.apache.tomcat.util.net.SocketProcessorBase.run(SocketProcessorBase.java:52)
	at org.apache.tomcat.util.threads.ThreadPoolExecutor.runWorker(ThreadPoolExecutor.java:1189)
	at org.apache.tomcat.util.threads.ThreadPoolExecutor$Worker.run(ThreadPoolExecutor.java:658)
	at org.apache.tomcat.util.threads.TaskThread$WrappingRunnable.run(TaskThread.java:63)
	at java.base/java.lang.Thread.run(Thread.java:1474)
2025-11-17 20:02:36 - No JWT token found in request headers
2025-11-17 20:02:36 - Registration attempt for email: maria.gonzalez@pethome.cl
2025-11-17 20:02:36 - Registration attempt for email: maria.gonzalez@pethome.cl
2025-11-17 20:02:36 - Checking if email exists: maria.gonzalez@pethome.cl
2025-11-17 20:02:36 - 
    select
        u1_0.id 
    from
        users u1_0 
    where
        u1_0.email=? 
    fetch
        first ? rows only
Hibernate: 
    select
        u1_0.id 
    from
        users u1_0 
    where
        u1_0.email=? 
    fetch
        first ? rows only
2025-11-17 20:02:36 - Email maria.gonzalez@pethome.cl exists: true
2025-11-17 20:02:36 - Email already exists: maria.gonzalez@pethome.cl
2025-11-17 20:02:36 - Registration failed for email: maria.gonzalez@pethome.cl
java.lang.RuntimeException: Email already exists: maria.gonzalez@pethome.cl
	at cl.duoc.pethome_user_service.service.impl.AuthServiceImpl.register(AuthServiceImpl.java:119)
	at java.base/jdk.internal.reflect.DirectMethodHandleAccessor.invoke(DirectMethodHandleAccessor.java:104)
	at java.base/java.lang.reflect.Method.invoke(Method.java:565)
	at org.springframework.aop.support.AopUtils.invokeJoinpointUsingReflection(AopUtils.java:360)
	at org.springframework.aop.framework.ReflectiveMethodInvocation.invokeJoinpoint(ReflectiveMethodInvocation.java:196)
	at org.springframework.aop.framework.ReflectiveMethodInvocation.proceed(ReflectiveMethodInvocation.java:163)
	at org.springframework.transaction.interceptor.TransactionAspectSupport.invokeWithinTransaction(TransactionAspectSupport.java:380)
	at org.springframework.transaction.interceptor.TransactionInterceptor.invoke(TransactionInterceptor.java:119)
	at org.springframework.aop.framework.ReflectiveMethodInvocation.proceed(ReflectiveMethodInvocation.java:184)
	at org.springframework.aop.framework.CglibAopProxy$DynamicAdvisedInterceptor.intercept(CglibAopProxy.java:728)
	at cl.duoc.pethome_user_service.service.impl.AuthServiceImpl$$SpringCGLIB$$0.register(<generated>)
	at cl.duoc.pethome_user_service.controller.AuthController.register(AuthController.java:72)
	at java.base/jdk.internal.reflect.DirectMethodHandleAccessor.invoke(DirectMethodHandleAccessor.java:104)
	at java.base/java.lang.reflect.Method.invoke(Method.java:565)
	at org.springframework.web.method.support.InvocableHandlerMethod.doInvoke(InvocableHandlerMethod.java:258)
	at org.springframework.web.method.support.InvocableHandlerMethod.invokeForRequest(InvocableHandlerMethod.java:191)
	at org.springframework.web.servlet.mvc.method.annotation.ServletInvocableHandlerMethod.invokeAndHandle(ServletInvocableHandlerMethod.java:118)
	at org.springframework.web.servlet.mvc.method.annotation.RequestMappingHandlerAdapter.invokeHandlerMethod(RequestMappingHandlerAdapter.java:991)
	at org.springframework.web.servlet.mvc.method.annotation.RequestMappingHandlerAdapter.handleInternal(RequestMappingHandlerAdapter.java:896)
	at org.springframework.web.servlet.mvc.method.AbstractHandlerMethodAdapter.handle(AbstractHandlerMethodAdapter.java:87)
	at org.springframework.web.servlet.DispatcherServlet.doDispatch(DispatcherServlet.java:1089)
	at org.springframework.web.servlet.DispatcherServlet.doService(DispatcherServlet.java:979)
	at org.springframework.web.servlet.FrameworkServlet.processRequest(FrameworkServlet.java:1014)
	at org.springframework.web.servlet.FrameworkServlet.doPost(FrameworkServlet.java:914)
	at jakarta.servlet.http.HttpServlet.service(HttpServlet.java:590)
	at org.springframework.web.servlet.FrameworkServlet.service(FrameworkServlet.java:885)
	at jakarta.servlet.http.HttpServlet.service(HttpServlet.java:658)
	at org.apache.catalina.core.ApplicationFilterChain.internalDoFilter(ApplicationFilterChain.java:195)
	at org.apache.catalina.core.ApplicationFilterChain.doFilter(ApplicationFilterChain.java:140)
	at org.apache.tomcat.websocket.server.WsFilter.doFilter(WsFilter.java:51)
	at org.apache.catalina.core.ApplicationFilterChain.internalDoFilter(ApplicationFilterChain.java:164)
	at org.apache.catalina.core.ApplicationFilterChain.doFilter(ApplicationFilterChain.java:140)
	at org.springframework.web.filter.OncePerRequestFilter.doFilter(OncePerRequestFilter.java:110)
	at org.apache.catalina.core.ApplicationFilterChain.internalDoFilter(ApplicationFilterChain.java:164)
	at org.apache.catalina.core.ApplicationFilterChain.doFilter(ApplicationFilterChain.java:140)
	at org.springframework.web.filter.CompositeFilter$VirtualFilterChain.doFilter(CompositeFilter.java:108)
	at org.springframework.web.filter.CompositeFilter$VirtualFilterChain.doFilter(CompositeFilter.java:108)
	at org.springframework.security.web.FilterChainProxy.lambda$doFilterInternal$3(FilterChainProxy.java:231)
	at org.springframework.security.web.ObservationFilterChainDecorator$FilterObservation$SimpleFilterObservation.lambda$wrap$1(ObservationFilterChainDecorator.java:479)
	at org.springframework.security.web.ObservationFilterChainDecorator$AroundFilterObservation$SimpleAroundFilterObservation.lambda$wrap$1(ObservationFilterChainDecorator.java:340)
	at org.springframework.security.web.ObservationFilterChainDecorator.lambda$wrapSecured$0(ObservationFilterChainDecorator.java:82)
	at org.springframework.security.web.ObservationFilterChainDecorator$VirtualFilterChain.doFilter(ObservationFilterChainDecorator.java:128)
	at org.springframework.security.web.access.intercept.AuthorizationFilter.doFilter(AuthorizationFilter.java:101)
	at org.springframework.security.web.ObservationFilterChainDecorator$ObservationFilter.wrapFilter(ObservationFilterChainDecorator.java:240)
	at org.springframework.security.web.ObservationFilterChainDecorator$ObservationFilter.doFilter(ObservationFilterChainDecorator.java:227)
	at org.springframework.security.web.ObservationFilterChainDecorator$VirtualFilterChain.doFilter(ObservationFilterChainDecorator.java:137)
	at org.springframework.security.web.access.ExceptionTranslationFilter.doFilter(ExceptionTranslationFilter.java:125)
	at org.springframework.security.web.access.ExceptionTranslationFilter.doFilter(ExceptionTranslationFilter.java:119)
	at org.springframework.security.web.ObservationFilterChainDecorator$ObservationFilter.wrapFilter(ObservationFilterChainDecorator.java:240)
	at org.springframework.security.web.ObservationFilterChainDecorator$ObservationFilter.doFilter(ObservationFilterChainDecorator.java:227)
	at org.springframework.security.web.ObservationFilterChainDecorator$VirtualFilterChain.doFilter(ObservationFilterChainDecorator.java:137)
	at org.springframework.security.web.session.SessionManagementFilter.doFilter(SessionManagementFilter.java:131)
	at org.springframework.security.web.session.SessionManagementFilter.doFilter(SessionManagementFilter.java:85)
	at org.springframework.security.web.ObservationFilterChainDecorator$ObservationFilter.wrapFilter(ObservationFilterChainDecorator.java:240)
	at org.springframework.security.web.ObservationFilterChainDecorator$ObservationFilter.doFilter(ObservationFilterChainDecorator.java:227)
	at org.springframework.security.web.ObservationFilterChainDecorator$VirtualFilterChain.doFilter(ObservationFilterChainDecorator.java:137)
	at org.springframework.security.web.authentication.AnonymousAuthenticationFilter.doFilter(AnonymousAuthenticationFilter.java:100)
	at org.springframework.security.web.ObservationFilterChainDecorator$ObservationFilter.wrapFilter(ObservationFilterChainDecorator.java:240)
	at org.springframework.security.web.ObservationFilterChainDecorator$ObservationFilter.doFilter(ObservationFilterChainDecorator.java:227)
	at org.springframework.security.web.ObservationFilterChainDecorator$VirtualFilterChain.doFilter(ObservationFilterChainDecorator.java:137)
	at org.springframework.security.web.servletapi.SecurityContextHolderAwareRequestFilter.doFilter(SecurityContextHolderAwareRequestFilter.java:179)
	at org.springframework.security.web.ObservationFilterChainDecorator$ObservationFilter.wrapFilter(ObservationFilterChainDecorator.java:240)
	at org.springframework.security.web.ObservationFilterChainDecorator$ObservationFilter.doFilter(ObservationFilterChainDecorator.java:227)
	at org.springframework.security.web.ObservationFilterChainDecorator$VirtualFilterChain.doFilter(ObservationFilterChainDecorator.java:137)
	at org.springframework.security.web.savedrequest.RequestCacheAwareFilter.doFilter(RequestCacheAwareFilter.java:63)
	at org.springframework.security.web.ObservationFilterChainDecorator$ObservationFilter.wrapFilter(ObservationFilterChainDecorator.java:240)
	at org.springframework.security.web.ObservationFilterChainDecorator$ObservationFilter.doFilter(ObservationFilterChainDecorator.java:227)
	at org.springframework.security.web.ObservationFilterChainDecorator$VirtualFilterChain.doFilter(ObservationFilterChainDecorator.java:137)
	at cl.duoc.pethome_user_service.security.JwtAuthenticationFilter.doFilterInternal(JwtAuthenticationFilter.java:130)
	at org.springframework.web.filter.OncePerRequestFilter.doFilter(OncePerRequestFilter.java:116)
	at org.springframework.security.web.ObservationFilterChainDecorator$ObservationFilter.wrapFilter(ObservationFilterChainDecorator.java:240)
	at org.springframework.security.web.ObservationFilterChainDecorator$ObservationFilter.doFilter(ObservationFilterChainDecorator.java:227)
	at org.springframework.security.web.ObservationFilterChainDecorator$VirtualFilterChain.doFilter(ObservationFilterChainDecorator.java:137)
	at org.springframework.security.web.authentication.logout.LogoutFilter.doFilter(LogoutFilter.java:107)
	at org.springframework.security.web.authentication.logout.LogoutFilter.doFilter(LogoutFilter.java:93)
	at org.springframework.security.web.ObservationFilterChainDecorator$ObservationFilter.wrapFilter(ObservationFilterChainDecorator.java:240)
	at org.springframework.security.web.ObservationFilterChainDecorator$ObservationFilter.doFilter(ObservationFilterChainDecorator.java:227)
	at org.springframework.security.web.ObservationFilterChainDecorator$VirtualFilterChain.doFilter(ObservationFilterChainDecorator.java:137)
	at org.springframework.security.web.header.HeaderWriterFilter.doHeadersAfter(HeaderWriterFilter.java:90)
	at org.springframework.security.web.header.HeaderWriterFilter.doFilterInternal(HeaderWriterFilter.java:75)
	at org.springframework.web.filter.OncePerRequestFilter.doFilter(OncePerRequestFilter.java:116)
	at org.springframework.security.web.ObservationFilterChainDecorator$ObservationFilter.wrapFilter(ObservationFilterChainDecorator.java:240)
	at org.springframework.security.web.ObservationFilterChainDecorator$ObservationFilter.doFilter(ObservationFilterChainDecorator.java:227)
	at org.springframework.security.web.ObservationFilterChainDecorator$VirtualFilterChain.doFilter(ObservationFilterChainDecorator.java:137)
	at org.springframework.security.web.context.SecurityContextHolderFilter.doFilter(SecurityContextHolderFilter.java:82)
	at org.springframework.security.web.context.SecurityContextHolderFilter.doFilter(SecurityContextHolderFilter.java:69)
	at org.springframework.security.web.ObservationFilterChainDecorator$ObservationFilter.wrapFilter(ObservationFilterChainDecorator.java:240)
	at org.springframework.security.web.ObservationFilterChainDecorator$ObservationFilter.doFilter(ObservationFilterChainDecorator.java:227)
	at org.springframework.security.web.ObservationFilterChainDecorator$VirtualFilterChain.doFilter(ObservationFilterChainDecorator.java:137)
	at org.springframework.security.web.context.request.async.WebAsyncManagerIntegrationFilter.doFilterInternal(WebAsyncManagerIntegrationFilter.java:62)
	at org.springframework.web.filter.OncePerRequestFilter.doFilter(OncePerRequestFilter.java:116)
	at org.springframework.security.web.ObservationFilterChainDecorator$ObservationFilter.wrapFilter(ObservationFilterChainDecorator.java:240)
	at org.springframework.security.web.ObservationFilterChainDecorator$ObservationFilter.doFilter(ObservationFilterChainDecorator.java:227)
	at org.springframework.security.web.ObservationFilterChainDecorator$VirtualFilterChain.doFilter(ObservationFilterChainDecorator.java:137)
	at org.springframework.security.web.session.DisableEncodeUrlFilter.doFilterInternal(DisableEncodeUrlFilter.java:42)
	at org.springframework.web.filter.OncePerRequestFilter.doFilter(OncePerRequestFilter.java:116)
	at org.springframework.security.web.ObservationFilterChainDecorator$ObservationFilter.wrapFilter(ObservationFilterChainDecorator.java:240)
	at org.springframework.security.web.ObservationFilterChainDecorator$AroundFilterObservation$SimpleAroundFilterObservation.lambda$wrap$0(ObservationFilterChainDecorator.java:323)
	at org.springframework.security.web.ObservationFilterChainDecorator$ObservationFilter.doFilter(ObservationFilterChainDecorator.java:224)
	at org.springframework.security.web.ObservationFilterChainDecorator$VirtualFilterChain.doFilter(ObservationFilterChainDecorator.java:137)
	at org.springframework.security.web.FilterChainProxy.doFilterInternal(FilterChainProxy.java:233)
	at org.springframework.security.web.FilterChainProxy.doFilter(FilterChainProxy.java:191)
	at org.springframework.web.filter.CompositeFilter$VirtualFilterChain.doFilter(CompositeFilter.java:113)
	at org.springframework.web.filter.ServletRequestPathFilter.doFilter(ServletRequestPathFilter.java:52)
	at org.springframework.web.filter.CompositeFilter$VirtualFilterChain.doFilter(CompositeFilter.java:113)
	at org.springframework.web.filter.CompositeFilter.doFilter(CompositeFilter.java:74)
	at org.springframework.security.config.annotation.web.configuration.WebSecurityConfiguration$CompositeFilterChainProxy.doFilter(WebSecurityConfiguration.java:319)
	at org.springframework.web.filter.CompositeFilter$VirtualFilterChain.doFilter(CompositeFilter.java:113)
	at org.springframework.web.servlet.handler.HandlerMappingIntrospector.lambda$createCacheFilter$4(HandlerMappingIntrospector.java:267)
	at org.springframework.web.filter.CompositeFilter$VirtualFilterChain.doFilter(CompositeFilter.java:113)
	at org.springframework.web.filter.CompositeFilter.doFilter(CompositeFilter.java:74)
	at org.springframework.security.config.annotation.web.configuration.WebMvcSecurityConfiguration$CompositeFilterChainProxy.doFilter(WebMvcSecurityConfiguration.java:240)
	at org.springframework.web.filter.DelegatingFilterProxy.invokeDelegate(DelegatingFilterProxy.java:362)
	at org.springframework.web.filter.DelegatingFilterProxy.doFilter(DelegatingFilterProxy.java:278)
	at org.apache.catalina.core.ApplicationFilterChain.internalDoFilter(ApplicationFilterChain.java:164)
	at org.apache.catalina.core.ApplicationFilterChain.doFilter(ApplicationFilterChain.java:140)
	at org.springframework.web.filter.RequestContextFilter.doFilterInternal(RequestContextFilter.java:100)
	at org.springframework.web.filter.OncePerRequestFilter.doFilter(OncePerRequestFilter.java:116)
	at org.apache.catalina.core.ApplicationFilterChain.internalDoFilter(ApplicationFilterChain.java:164)
	at org.apache.catalina.core.ApplicationFilterChain.doFilter(ApplicationFilterChain.java:140)
	at org.springframework.web.filter.FormContentFilter.doFilterInternal(FormContentFilter.java:93)
	at org.springframework.web.filter.OncePerRequestFilter.doFilter(OncePerRequestFilter.java:116)
	at org.apache.catalina.core.ApplicationFilterChain.internalDoFilter(ApplicationFilterChain.java:164)
	at org.apache.catalina.core.ApplicationFilterChain.doFilter(ApplicationFilterChain.java:140)
	at org.springframework.web.filter.ServerHttpObservationFilter.doFilterInternal(ServerHttpObservationFilter.java:110)
	at org.springframework.web.filter.OncePerRequestFilter.doFilter(OncePerRequestFilter.java:116)
	at org.apache.catalina.core.ApplicationFilterChain.internalDoFilter(ApplicationFilterChain.java:164)
	at org.apache.catalina.core.ApplicationFilterChain.doFilter(ApplicationFilterChain.java:140)
	at org.springframework.web.filter.CharacterEncodingFilter.doFilterInternal(CharacterEncodingFilter.java:201)
	at org.springframework.web.filter.OncePerRequestFilter.doFilter(OncePerRequestFilter.java:116)
	at org.apache.catalina.core.ApplicationFilterChain.internalDoFilter(ApplicationFilterChain.java:164)
	at org.apache.catalina.core.ApplicationFilterChain.doFilter(ApplicationFilterChain.java:140)
	at org.apache.catalina.core.StandardWrapperValve.invoke(StandardWrapperValve.java:167)
	at org.apache.catalina.core.StandardContextValve.invoke(StandardContextValve.java:90)
	at org.apache.catalina.authenticator.AuthenticatorBase.invoke(AuthenticatorBase.java:483)
	at org.apache.catalina.core.StandardHostValve.invoke(StandardHostValve.java:116)
	at org.apache.catalina.valves.ErrorReportValve.invoke(ErrorReportValve.java:93)
	at org.apache.catalina.core.StandardEngineValve.invoke(StandardEngineValve.java:74)
	at org.apache.catalina.connector.CoyoteAdapter.service(CoyoteAdapter.java:344)
	at org.apache.coyote.http11.Http11Processor.service(Http11Processor.java:398)
	at org.apache.coyote.AbstractProcessorLight.process(AbstractProcessorLight.java:63)
	at org.apache.coyote.AbstractProtocol$ConnectionHandler.process(AbstractProtocol.java:903)
	at org.apache.tomcat.util.net.NioEndpoint$SocketProcessor.doRun(NioEndpoint.java:1769)
	at org.apache.tomcat.util.net.SocketProcessorBase.run(SocketProcessorBase.java:52)
	at org.apache.tomcat.util.threads.ThreadPoolExecutor.runWorker(ThreadPoolExecutor.java:1189)
	at org.apache.tomcat.util.threads.ThreadPoolExecutor$Worker.run(ThreadPoolExecutor.java:658)
	at org.apache.tomcat.util.threads.TaskThread$WrappingRunnable.run(TaskThread.java:63)
	at java.base/java.lang.Thread.run(Thread.java:1474)
2025-11-17 20:02:36 - Error de ejecución: Email already exists: maria.gonzalez@pethome.cl
java.lang.RuntimeException: Email already exists: maria.gonzalez@pethome.cl
	at cl.duoc.pethome_user_service.service.impl.AuthServiceImpl.register(AuthServiceImpl.java:119)
	at java.base/jdk.internal.reflect.DirectMethodHandleAccessor.invoke(DirectMethodHandleAccessor.java:104)
	at java.base/java.lang.reflect.Method.invoke(Method.java:565)
	at org.springframework.aop.support.AopUtils.invokeJoinpointUsingReflection(AopUtils.java:360)
	at org.springframework.aop.framework.ReflectiveMethodInvocation.invokeJoinpoint(ReflectiveMethodInvocation.java:196)
	at org.springframework.aop.framework.ReflectiveMethodInvocation.proceed(ReflectiveMethodInvocation.java:163)
	at org.springframework.transaction.interceptor.TransactionAspectSupport.invokeWithinTransaction(TransactionAspectSupport.java:380)
	at org.springframework.transaction.interceptor.TransactionInterceptor.invoke(TransactionInterceptor.java:119)
	at org.springframework.aop.framework.ReflectiveMethodInvocation.proceed(ReflectiveMethodInvocation.java:184)
	at org.springframework.aop.framework.CglibAopProxy$DynamicAdvisedInterceptor.intercept(CglibAopProxy.java:728)
	at cl.duoc.pethome_user_service.service.impl.AuthServiceImpl$$SpringCGLIB$$0.register(<generated>)
	at cl.duoc.pethome_user_service.controller.AuthController.register(AuthController.java:72)
	at java.base/jdk.internal.reflect.DirectMethodHandleAccessor.invoke(DirectMethodHandleAccessor.java:104)
	at java.base/java.lang.reflect.Method.invoke(Method.java:565)
	at org.springframework.web.method.support.InvocableHandlerMethod.doInvoke(InvocableHandlerMethod.java:258)
	at org.springframework.web.method.support.InvocableHandlerMethod.invokeForRequest(InvocableHandlerMethod.java:191)
	at org.springframework.web.servlet.mvc.method.annotation.ServletInvocableHandlerMethod.invokeAndHandle(ServletInvocableHandlerMethod.java:118)
	at org.springframework.web.servlet.mvc.method.annotation.RequestMappingHandlerAdapter.invokeHandlerMethod(RequestMappingHandlerAdapter.java:991)
	at org.springframework.web.servlet.mvc.method.annotation.RequestMappingHandlerAdapter.handleInternal(RequestMappingHandlerAdapter.java:896)
	at org.springframework.web.servlet.mvc.method.AbstractHandlerMethodAdapter.handle(AbstractHandlerMethodAdapter.java:87)
	at org.springframework.web.servlet.DispatcherServlet.doDispatch(DispatcherServlet.java:1089)
	at org.springframework.web.servlet.DispatcherServlet.doService(DispatcherServlet.java:979)
	at org.springframework.web.servlet.FrameworkServlet.processRequest(FrameworkServlet.java:1014)
	at org.springframework.web.servlet.FrameworkServlet.doPost(FrameworkServlet.java:914)
	at jakarta.servlet.http.HttpServlet.service(HttpServlet.java:590)
	at org.springframework.web.servlet.FrameworkServlet.service(FrameworkServlet.java:885)
	at jakarta.servlet.http.HttpServlet.service(HttpServlet.java:658)
	at org.apache.catalina.core.ApplicationFilterChain.internalDoFilter(ApplicationFilterChain.java:195)
	at org.apache.catalina.core.ApplicationFilterChain.doFilter(ApplicationFilterChain.java:140)
	at org.apache.tomcat.websocket.server.WsFilter.doFilter(WsFilter.java:51)
	at org.apache.catalina.core.ApplicationFilterChain.internalDoFilter(ApplicationFilterChain.java:164)
	at org.apache.catalina.core.ApplicationFilterChain.doFilter(ApplicationFilterChain.java:140)
	at org.springframework.web.filter.OncePerRequestFilter.doFilter(OncePerRequestFilter.java:110)
	at org.apache.catalina.core.ApplicationFilterChain.internalDoFilter(ApplicationFilterChain.java:164)
	at org.apache.catalina.core.ApplicationFilterChain.doFilter(ApplicationFilterChain.java:140)
	at org.springframework.web.filter.CompositeFilter$VirtualFilterChain.doFilter(CompositeFilter.java:108)
	at org.springframework.web.filter.CompositeFilter$VirtualFilterChain.doFilter(CompositeFilter.java:108)
	at org.springframework.security.web.FilterChainProxy.lambda$doFilterInternal$3(FilterChainProxy.java:231)
	at org.springframework.security.web.ObservationFilterChainDecorator$FilterObservation$SimpleFilterObservation.lambda$wrap$1(ObservationFilterChainDecorator.java:479)
	at org.springframework.security.web.ObservationFilterChainDecorator$AroundFilterObservation$SimpleAroundFilterObservation.lambda$wrap$1(ObservationFilterChainDecorator.java:340)
	at org.springframework.security.web.ObservationFilterChainDecorator.lambda$wrapSecured$0(ObservationFilterChainDecorator.java:82)
	at org.springframework.security.web.ObservationFilterChainDecorator$VirtualFilterChain.doFilter(ObservationFilterChainDecorator.java:128)
	at org.springframework.security.web.access.intercept.AuthorizationFilter.doFilter(AuthorizationFilter.java:101)
	at org.springframework.security.web.ObservationFilterChainDecorator$ObservationFilter.wrapFilter(ObservationFilterChainDecorator.java:240)
	at org.springframework.security.web.ObservationFilterChainDecorator$ObservationFilter.doFilter(ObservationFilterChainDecorator.java:227)
	at org.springframework.security.web.ObservationFilterChainDecorator$VirtualFilterChain.doFilter(ObservationFilterChainDecorator.java:137)
	at org.springframework.security.web.access.ExceptionTranslationFilter.doFilter(ExceptionTranslationFilter.java:125)
	at org.springframework.security.web.access.ExceptionTranslationFilter.doFilter(ExceptionTranslationFilter.java:119)
	at org.springframework.security.web.ObservationFilterChainDecorator$ObservationFilter.wrapFilter(ObservationFilterChainDecorator.java:240)
	at org.springframework.security.web.ObservationFilterChainDecorator$ObservationFilter.doFilter(ObservationFilterChainDecorator.java:227)
	at org.springframework.security.web.ObservationFilterChainDecorator$VirtualFilterChain.doFilter(ObservationFilterChainDecorator.java:137)
	at org.springframework.security.web.session.SessionManagementFilter.doFilter(SessionManagementFilter.java:131)
	at org.springframework.security.web.session.SessionManagementFilter.doFilter(SessionManagementFilter.java:85)
	at org.springframework.security.web.ObservationFilterChainDecorator$ObservationFilter.wrapFilter(ObservationFilterChainDecorator.java:240)
	at org.springframework.security.web.ObservationFilterChainDecorator$ObservationFilter.doFilter(ObservationFilterChainDecorator.java:227)
	at org.springframework.security.web.ObservationFilterChainDecorator$VirtualFilterChain.doFilter(ObservationFilterChainDecorator.java:137)
	at org.springframework.security.web.authentication.AnonymousAuthenticationFilter.doFilter(AnonymousAuthenticationFilter.java:100)
	at org.springframework.security.web.ObservationFilterChainDecorator$ObservationFilter.wrapFilter(ObservationFilterChainDecorator.java:240)
	at org.springframework.security.web.ObservationFilterChainDecorator$ObservationFilter.doFilter(ObservationFilterChainDecorator.java:227)
	at org.springframework.security.web.ObservationFilterChainDecorator$VirtualFilterChain.doFilter(ObservationFilterChainDecorator.java:137)
	at org.springframework.security.web.servletapi.SecurityContextHolderAwareRequestFilter.doFilter(SecurityContextHolderAwareRequestFilter.java:179)
	at org.springframework.security.web.ObservationFilterChainDecorator$ObservationFilter.wrapFilter(ObservationFilterChainDecorator.java:240)
	at org.springframework.security.web.ObservationFilterChainDecorator$ObservationFilter.doFilter(ObservationFilterChainDecorator.java:227)
	at org.springframework.security.web.ObservationFilterChainDecorator$VirtualFilterChain.doFilter(ObservationFilterChainDecorator.java:137)
	at org.springframework.security.web.savedrequest.RequestCacheAwareFilter.doFilter(RequestCacheAwareFilter.java:63)
	at org.springframework.security.web.ObservationFilterChainDecorator$ObservationFilter.wrapFilter(ObservationFilterChainDecorator.java:240)
	at org.springframework.security.web.ObservationFilterChainDecorator$ObservationFilter.doFilter(ObservationFilterChainDecorator.java:227)
	at org.springframework.security.web.ObservationFilterChainDecorator$VirtualFilterChain.doFilter(ObservationFilterChainDecorator.java:137)
	at cl.duoc.pethome_user_service.security.JwtAuthenticationFilter.doFilterInternal(JwtAuthenticationFilter.java:130)
	at org.springframework.web.filter.OncePerRequestFilter.doFilter(OncePerRequestFilter.java:116)
	at org.springframework.security.web.ObservationFilterChainDecorator$ObservationFilter.wrapFilter(ObservationFilterChainDecorator.java:240)
	at org.springframework.security.web.ObservationFilterChainDecorator$ObservationFilter.doFilter(ObservationFilterChainDecorator.java:227)
	at org.springframework.security.web.ObservationFilterChainDecorator$VirtualFilterChain.doFilter(ObservationFilterChainDecorator.java:137)
	at org.springframework.security.web.authentication.logout.LogoutFilter.doFilter(LogoutFilter.java:107)
	at org.springframework.security.web.authentication.logout.LogoutFilter.doFilter(LogoutFilter.java:93)
	at org.springframework.security.web.ObservationFilterChainDecorator$ObservationFilter.wrapFilter(ObservationFilterChainDecorator.java:240)
	at org.springframework.security.web.ObservationFilterChainDecorator$ObservationFilter.doFilter(ObservationFilterChainDecorator.java:227)
	at org.springframework.security.web.ObservationFilterChainDecorator$VirtualFilterChain.doFilter(ObservationFilterChainDecorator.java:137)
	at org.springframework.security.web.header.HeaderWriterFilter.doHeadersAfter(HeaderWriterFilter.java:90)
	at org.springframework.security.web.header.HeaderWriterFilter.doFilterInternal(HeaderWriterFilter.java:75)
	at org.springframework.web.filter.OncePerRequestFilter.doFilter(OncePerRequestFilter.java:116)
	at org.springframework.security.web.ObservationFilterChainDecorator$ObservationFilter.wrapFilter(ObservationFilterChainDecorator.java:240)
	at org.springframework.security.web.ObservationFilterChainDecorator$ObservationFilter.doFilter(ObservationFilterChainDecorator.java:227)
	at org.springframework.security.web.ObservationFilterChainDecorator$VirtualFilterChain.doFilter(ObservationFilterChainDecorator.java:137)
	at org.springframework.security.web.context.SecurityContextHolderFilter.doFilter(SecurityContextHolderFilter.java:82)
	at org.springframework.security.web.context.SecurityContextHolderFilter.doFilter(SecurityContextHolderFilter.java:69)
	at org.springframework.security.web.ObservationFilterChainDecorator$ObservationFilter.wrapFilter(ObservationFilterChainDecorator.java:240)
	at org.springframework.security.web.ObservationFilterChainDecorator$ObservationFilter.doFilter(ObservationFilterChainDecorator.java:227)
	at org.springframework.security.web.ObservationFilterChainDecorator$VirtualFilterChain.doFilter(ObservationFilterChainDecorator.java:137)
	at org.springframework.security.web.context.request.async.WebAsyncManagerIntegrationFilter.doFilterInternal(WebAsyncManagerIntegrationFilter.java:62)
	at org.springframework.web.filter.OncePerRequestFilter.doFilter(OncePerRequestFilter.java:116)
	at org.springframework.security.web.ObservationFilterChainDecorator$ObservationFilter.wrapFilter(ObservationFilterChainDecorator.java:240)
	at org.springframework.security.web.ObservationFilterChainDecorator$ObservationFilter.doFilter(ObservationFilterChainDecorator.java:227)
	at org.springframework.security.web.ObservationFilterChainDecorator$VirtualFilterChain.doFilter(ObservationFilterChainDecorator.java:137)
	at org.springframework.security.web.session.DisableEncodeUrlFilter.doFilterInternal(DisableEncodeUrlFilter.java:42)
	at org.springframework.web.filter.OncePerRequestFilter.doFilter(OncePerRequestFilter.java:116)
	at org.springframework.security.web.ObservationFilterChainDecorator$ObservationFilter.wrapFilter(ObservationFilterChainDecorator.java:240)
	at org.springframework.security.web.ObservationFilterChainDecorator$AroundFilterObservation$SimpleAroundFilterObservation.lambda$wrap$0(ObservationFilterChainDecorator.java:323)
	at org.springframework.security.web.ObservationFilterChainDecorator$ObservationFilter.doFilter(ObservationFilterChainDecorator.java:224)
	at org.springframework.security.web.ObservationFilterChainDecorator$VirtualFilterChain.doFilter(ObservationFilterChainDecorator.java:137)
	at org.springframework.security.web.FilterChainProxy.doFilterInternal(FilterChainProxy.java:233)
	at org.springframework.security.web.FilterChainProxy.doFilter(FilterChainProxy.java:191)
	at org.springframework.web.filter.CompositeFilter$VirtualFilterChain.doFilter(CompositeFilter.java:113)
	at org.springframework.web.filter.ServletRequestPathFilter.doFilter(ServletRequestPathFilter.java:52)
	at org.springframework.web.filter.CompositeFilter$VirtualFilterChain.doFilter(CompositeFilter.java:113)
	at org.springframework.web.filter.CompositeFilter.doFilter(CompositeFilter.java:74)
	at org.springframework.security.config.annotation.web.configuration.WebSecurityConfiguration$CompositeFilterChainProxy.doFilter(WebSecurityConfiguration.java:319)
	at org.springframework.web.filter.CompositeFilter$VirtualFilterChain.doFilter(CompositeFilter.java:113)
	at org.springframework.web.servlet.handler.HandlerMappingIntrospector.lambda$createCacheFilter$4(HandlerMappingIntrospector.java:267)
	at org.springframework.web.filter.CompositeFilter$VirtualFilterChain.doFilter(CompositeFilter.java:113)
	at org.springframework.web.filter.CompositeFilter.doFilter(CompositeFilter.java:74)
	at org.springframework.security.config.annotation.web.configuration.WebMvcSecurityConfiguration$CompositeFilterChainProxy.doFilter(WebMvcSecurityConfiguration.java:240)
	at org.springframework.web.filter.DelegatingFilterProxy.invokeDelegate(DelegatingFilterProxy.java:362)
	at org.springframework.web.filter.DelegatingFilterProxy.doFilter(DelegatingFilterProxy.java:278)
	at org.apache.catalina.core.ApplicationFilterChain.internalDoFilter(ApplicationFilterChain.java:164)
	at org.apache.catalina.core.ApplicationFilterChain.doFilter(ApplicationFilterChain.java:140)
	at org.springframework.web.filter.RequestContextFilter.doFilterInternal(RequestContextFilter.java:100)
	at org.springframework.web.filter.OncePerRequestFilter.doFilter(OncePerRequestFilter.java:116)
	at org.apache.catalina.core.ApplicationFilterChain.internalDoFilter(ApplicationFilterChain.java:164)
	at org.apache.catalina.core.ApplicationFilterChain.doFilter(ApplicationFilterChain.java:140)
	at org.springframework.web.filter.FormContentFilter.doFilterInternal(FormContentFilter.java:93)
	at org.springframework.web.filter.OncePerRequestFilter.doFilter(OncePerRequestFilter.java:116)
	at org.apache.catalina.core.ApplicationFilterChain.internalDoFilter(ApplicationFilterChain.java:164)
	at org.apache.catalina.core.ApplicationFilterChain.doFilter(ApplicationFilterChain.java:140)
	at org.springframework.web.filter.ServerHttpObservationFilter.doFilterInternal(ServerHttpObservationFilter.java:110)
	at org.springframework.web.filter.OncePerRequestFilter.doFilter(OncePerRequestFilter.java:116)
	at org.apache.catalina.core.ApplicationFilterChain.internalDoFilter(ApplicationFilterChain.java:164)
	at org.apache.catalina.core.ApplicationFilterChain.doFilter(ApplicationFilterChain.java:140)
	at org.springframework.web.filter.CharacterEncodingFilter.doFilterInternal(CharacterEncodingFilter.java:201)
	at org.springframework.web.filter.OncePerRequestFilter.doFilter(OncePerRequestFilter.java:116)
	at org.apache.catalina.core.ApplicationFilterChain.internalDoFilter(ApplicationFilterChain.java:164)
	at org.apache.catalina.core.ApplicationFilterChain.doFilter(ApplicationFilterChain.java:140)
	at org.apache.catalina.core.StandardWrapperValve.invoke(StandardWrapperValve.java:167)
	at org.apache.catalina.core.StandardContextValve.invoke(StandardContextValve.java:90)
	at org.apache.catalina.authenticator.AuthenticatorBase.invoke(AuthenticatorBase.java:483)
	at org.apache.catalina.core.StandardHostValve.invoke(StandardHostValve.java:116)
	at org.apache.catalina.valves.ErrorReportValve.invoke(ErrorReportValve.java:93)
	at org.apache.catalina.core.StandardEngineValve.invoke(StandardEngineValve.java:74)
	at org.apache.catalina.connector.CoyoteAdapter.service(CoyoteAdapter.java:344)
	at org.apache.coyote.http11.Http11Processor.service(Http11Processor.java:398)
	at org.apache.coyote.AbstractProcessorLight.process(AbstractProcessorLight.java:63)
	at org.apache.coyote.AbstractProtocol$ConnectionHandler.process(AbstractProtocol.java:903)
	at org.apache.tomcat.util.net.NioEndpoint$SocketProcessor.doRun(NioEndpoint.java:1769)
	at org.apache.tomcat.util.net.SocketProcessorBase.run(SocketProcessorBase.java:52)
	at org.apache.tomcat.util.threads.ThreadPoolExecutor.runWorker(ThreadPoolExecutor.java:1189)
	at org.apache.tomcat.util.threads.ThreadPoolExecutor$Worker.run(ThreadPoolExecutor.java:658)
	at org.apache.tomcat.util.threads.TaskThread$WrappingRunnable.run(TaskThread.java:63)
	at java.base/java.lang.Thread.run(Thread.java:1474)
2025-11-17 20:02:36 - No JWT token found in request headers
2025-11-17 20:02:36 - Registration attempt for email: jorge.fernandez@pethome.cl
2025-11-17 20:02:36 - Registration attempt for email: jorge.fernandez@pethome.cl
2025-11-17 20:02:36 - Checking if email exists: jorge.fernandez@pethome.cl
2025-11-17 20:02:36 - 
    select
        u1_0.id 
    from
        users u1_0 
    where
        u1_0.email=? 
    fetch
        first ? rows only
Hibernate: 
    select
        u1_0.id 
    from
        users u1_0 
    where
        u1_0.email=? 
    fetch
        first ? rows only
2025-11-17 20:02:36 - Email jorge.fernandez@pethome.cl exists: true
2025-11-17 20:02:36 - Email already exists: jorge.fernandez@pethome.cl
2025-11-17 20:02:36 - Registration failed for email: jorge.fernandez@pethome.cl
java.lang.RuntimeException: Email already exists: jorge.fernandez@pethome.cl
	at cl.duoc.pethome_user_service.service.impl.AuthServiceImpl.register(AuthServiceImpl.java:119)
	at java.base/jdk.internal.reflect.DirectMethodHandleAccessor.invoke(DirectMethodHandleAccessor.java:104)
	at java.base/java.lang.reflect.Method.invoke(Method.java:565)
	at org.springframework.aop.support.AopUtils.invokeJoinpointUsingReflection(AopUtils.java:360)
	at org.springframework.aop.framework.ReflectiveMethodInvocation.invokeJoinpoint(ReflectiveMethodInvocation.java:196)
	at org.springframework.aop.framework.ReflectiveMethodInvocation.proceed(ReflectiveMethodInvocation.java:163)
	at org.springframework.transaction.interceptor.TransactionAspectSupport.invokeWithinTransaction(TransactionAspectSupport.java:380)
	at org.springframework.transaction.interceptor.TransactionInterceptor.invoke(TransactionInterceptor.java:119)
	at org.springframework.aop.framework.ReflectiveMethodInvocation.proceed(ReflectiveMethodInvocation.java:184)
	at org.springframework.aop.framework.CglibAopProxy$DynamicAdvisedInterceptor.intercept(CglibAopProxy.java:728)
	at cl.duoc.pethome_user_service.service.impl.AuthServiceImpl$$SpringCGLIB$$0.register(<generated>)
	at cl.duoc.pethome_user_service.controller.AuthController.register(AuthController.java:72)
	at java.base/jdk.internal.reflect.DirectMethodHandleAccessor.invoke(DirectMethodHandleAccessor.java:104)
	at java.base/java.lang.reflect.Method.invoke(Method.java:565)
	at org.springframework.web.method.support.InvocableHandlerMethod.doInvoke(InvocableHandlerMethod.java:258)
	at org.springframework.web.method.support.InvocableHandlerMethod.invokeForRequest(InvocableHandlerMethod.java:191)
	at org.springframework.web.servlet.mvc.method.annotation.ServletInvocableHandlerMethod.invokeAndHandle(ServletInvocableHandlerMethod.java:118)
	at org.springframework.web.servlet.mvc.method.annotation.RequestMappingHandlerAdapter.invokeHandlerMethod(RequestMappingHandlerAdapter.java:991)
	at org.springframework.web.servlet.mvc.method.annotation.RequestMappingHandlerAdapter.handleInternal(RequestMappingHandlerAdapter.java:896)
	at org.springframework.web.servlet.mvc.method.AbstractHandlerMethodAdapter.handle(AbstractHandlerMethodAdapter.java:87)
	at org.springframework.web.servlet.DispatcherServlet.doDispatch(DispatcherServlet.java:1089)
	at org.springframework.web.servlet.DispatcherServlet.doService(DispatcherServlet.java:979)
	at org.springframework.web.servlet.FrameworkServlet.processRequest(FrameworkServlet.java:1014)
	at org.springframework.web.servlet.FrameworkServlet.doPost(FrameworkServlet.java:914)
	at jakarta.servlet.http.HttpServlet.service(HttpServlet.java:590)
	at org.springframework.web.servlet.FrameworkServlet.service(FrameworkServlet.java:885)
	at jakarta.servlet.http.HttpServlet.service(HttpServlet.java:658)
	at org.apache.catalina.core.ApplicationFilterChain.internalDoFilter(ApplicationFilterChain.java:195)
	at org.apache.catalina.core.ApplicationFilterChain.doFilter(ApplicationFilterChain.java:140)
	at org.apache.tomcat.websocket.server.WsFilter.doFilter(WsFilter.java:51)
	at org.apache.catalina.core.ApplicationFilterChain.internalDoFilter(ApplicationFilterChain.java:164)
	at org.apache.catalina.core.ApplicationFilterChain.doFilter(ApplicationFilterChain.java:140)
	at org.springframework.web.filter.OncePerRequestFilter.doFilter(OncePerRequestFilter.java:110)
	at org.apache.catalina.core.ApplicationFilterChain.internalDoFilter(ApplicationFilterChain.java:164)
	at org.apache.catalina.core.ApplicationFilterChain.doFilter(ApplicationFilterChain.java:140)
	at org.springframework.web.filter.CompositeFilter$VirtualFilterChain.doFilter(CompositeFilter.java:108)
	at org.springframework.web.filter.CompositeFilter$VirtualFilterChain.doFilter(CompositeFilter.java:108)
	at org.springframework.security.web.FilterChainProxy.lambda$doFilterInternal$3(FilterChainProxy.java:231)
	at org.springframework.security.web.ObservationFilterChainDecorator$FilterObservation$SimpleFilterObservation.lambda$wrap$1(ObservationFilterChainDecorator.java:479)
	at org.springframework.security.web.ObservationFilterChainDecorator$AroundFilterObservation$SimpleAroundFilterObservation.lambda$wrap$1(ObservationFilterChainDecorator.java:340)
	at org.springframework.security.web.ObservationFilterChainDecorator.lambda$wrapSecured$0(ObservationFilterChainDecorator.java:82)
	at org.springframework.security.web.ObservationFilterChainDecorator$VirtualFilterChain.doFilter(ObservationFilterChainDecorator.java:128)
	at org.springframework.security.web.access.intercept.AuthorizationFilter.doFilter(AuthorizationFilter.java:101)
	at org.springframework.security.web.ObservationFilterChainDecorator$ObservationFilter.wrapFilter(ObservationFilterChainDecorator.java:240)
	at org.springframework.security.web.ObservationFilterChainDecorator$ObservationFilter.doFilter(ObservationFilterChainDecorator.java:227)
	at org.springframework.security.web.ObservationFilterChainDecorator$VirtualFilterChain.doFilter(ObservationFilterChainDecorator.java:137)
	at org.springframework.security.web.access.ExceptionTranslationFilter.doFilter(ExceptionTranslationFilter.java:125)
	at org.springframework.security.web.access.ExceptionTranslationFilter.doFilter(ExceptionTranslationFilter.java:119)
	at org.springframework.security.web.ObservationFilterChainDecorator$ObservationFilter.wrapFilter(ObservationFilterChainDecorator.java:240)
	at org.springframework.security.web.ObservationFilterChainDecorator$ObservationFilter.doFilter(ObservationFilterChainDecorator.java:227)
	at org.springframework.security.web.ObservationFilterChainDecorator$VirtualFilterChain.doFilter(ObservationFilterChainDecorator.java:137)
	at org.springframework.security.web.session.SessionManagementFilter.doFilter(SessionManagementFilter.java:131)
	at org.springframework.security.web.session.SessionManagementFilter.doFilter(SessionManagementFilter.java:85)
	at org.springframework.security.web.ObservationFilterChainDecorator$ObservationFilter.wrapFilter(ObservationFilterChainDecorator.java:240)
	at org.springframework.security.web.ObservationFilterChainDecorator$ObservationFilter.doFilter(ObservationFilterChainDecorator.java:227)
	at org.springframework.security.web.ObservationFilterChainDecorator$VirtualFilterChain.doFilter(ObservationFilterChainDecorator.java:137)
	at org.springframework.security.web.authentication.AnonymousAuthenticationFilter.doFilter(AnonymousAuthenticationFilter.java:100)
	at org.springframework.security.web.ObservationFilterChainDecorator$ObservationFilter.wrapFilter(ObservationFilterChainDecorator.java:240)
	at org.springframework.security.web.ObservationFilterChainDecorator$ObservationFilter.doFilter(ObservationFilterChainDecorator.java:227)
	at org.springframework.security.web.ObservationFilterChainDecorator$VirtualFilterChain.doFilter(ObservationFilterChainDecorator.java:137)
	at org.springframework.security.web.servletapi.SecurityContextHolderAwareRequestFilter.doFilter(SecurityContextHolderAwareRequestFilter.java:179)
	at org.springframework.security.web.ObservationFilterChainDecorator$ObservationFilter.wrapFilter(ObservationFilterChainDecorator.java:240)
	at org.springframework.security.web.ObservationFilterChainDecorator$ObservationFilter.doFilter(ObservationFilterChainDecorator.java:227)
	at org.springframework.security.web.ObservationFilterChainDecorator$VirtualFilterChain.doFilter(ObservationFilterChainDecorator.java:137)
	at org.springframework.security.web.savedrequest.RequestCacheAwareFilter.doFilter(RequestCacheAwareFilter.java:63)
	at org.springframework.security.web.ObservationFilterChainDecorator$ObservationFilter.wrapFilter(ObservationFilterChainDecorator.java:240)
	at org.springframework.security.web.ObservationFilterChainDecorator$ObservationFilter.doFilter(ObservationFilterChainDecorator.java:227)
	at org.springframework.security.web.ObservationFilterChainDecorator$VirtualFilterChain.doFilter(ObservationFilterChainDecorator.java:137)
	at cl.duoc.pethome_user_service.security.JwtAuthenticationFilter.doFilterInternal(JwtAuthenticationFilter.java:130)
	at org.springframework.web.filter.OncePerRequestFilter.doFilter(OncePerRequestFilter.java:116)
	at org.springframework.security.web.ObservationFilterChainDecorator$ObservationFilter.wrapFilter(ObservationFilterChainDecorator.java:240)
	at org.springframework.security.web.ObservationFilterChainDecorator$ObservationFilter.doFilter(ObservationFilterChainDecorator.java:227)
	at org.springframework.security.web.ObservationFilterChainDecorator$VirtualFilterChain.doFilter(ObservationFilterChainDecorator.java:137)
	at org.springframework.security.web.authentication.logout.LogoutFilter.doFilter(LogoutFilter.java:107)
	at org.springframework.security.web.authentication.logout.LogoutFilter.doFilter(LogoutFilter.java:93)
	at org.springframework.security.web.ObservationFilterChainDecorator$ObservationFilter.wrapFilter(ObservationFilterChainDecorator.java:240)
	at org.springframework.security.web.ObservationFilterChainDecorator$ObservationFilter.doFilter(ObservationFilterChainDecorator.java:227)
	at org.springframework.security.web.ObservationFilterChainDecorator$VirtualFilterChain.doFilter(ObservationFilterChainDecorator.java:137)
	at org.springframework.security.web.header.HeaderWriterFilter.doHeadersAfter(HeaderWriterFilter.java:90)
	at org.springframework.security.web.header.HeaderWriterFilter.doFilterInternal(HeaderWriterFilter.java:75)
	at org.springframework.web.filter.OncePerRequestFilter.doFilter(OncePerRequestFilter.java:116)
	at org.springframework.security.web.ObservationFilterChainDecorator$ObservationFilter.wrapFilter(ObservationFilterChainDecorator.java:240)
	at org.springframework.security.web.ObservationFilterChainDecorator$ObservationFilter.doFilter(ObservationFilterChainDecorator.java:227)
	at org.springframework.security.web.ObservationFilterChainDecorator$VirtualFilterChain.doFilter(ObservationFilterChainDecorator.java:137)
	at org.springframework.security.web.context.SecurityContextHolderFilter.doFilter(SecurityContextHolderFilter.java:82)
	at org.springframework.security.web.context.SecurityContextHolderFilter.doFilter(SecurityContextHolderFilter.java:69)
	at org.springframework.security.web.ObservationFilterChainDecorator$ObservationFilter.wrapFilter(ObservationFilterChainDecorator.java:240)
	at org.springframework.security.web.ObservationFilterChainDecorator$ObservationFilter.doFilter(ObservationFilterChainDecorator.java:227)
	at org.springframework.security.web.ObservationFilterChainDecorator$VirtualFilterChain.doFilter(ObservationFilterChainDecorator.java:137)
	at org.springframework.security.web.context.request.async.WebAsyncManagerIntegrationFilter.doFilterInternal(WebAsyncManagerIntegrationFilter.java:62)
	at org.springframework.web.filter.OncePerRequestFilter.doFilter(OncePerRequestFilter.java:116)
	at org.springframework.security.web.ObservationFilterChainDecorator$ObservationFilter.wrapFilter(ObservationFilterChainDecorator.java:240)
	at org.springframework.security.web.ObservationFilterChainDecorator$ObservationFilter.doFilter(ObservationFilterChainDecorator.java:227)
	at org.springframework.security.web.ObservationFilterChainDecorator$VirtualFilterChain.doFilter(ObservationFilterChainDecorator.java:137)
	at org.springframework.security.web.session.DisableEncodeUrlFilter.doFilterInternal(DisableEncodeUrlFilter.java:42)
	at org.springframework.web.filter.OncePerRequestFilter.doFilter(OncePerRequestFilter.java:116)
	at org.springframework.security.web.ObservationFilterChainDecorator$ObservationFilter.wrapFilter(ObservationFilterChainDecorator.java:240)
	at org.springframework.security.web.ObservationFilterChainDecorator$AroundFilterObservation$SimpleAroundFilterObservation.lambda$wrap$0(ObservationFilterChainDecorator.java:323)
	at org.springframework.security.web.ObservationFilterChainDecorator$ObservationFilter.doFilter(ObservationFilterChainDecorator.java:224)
	at org.springframework.security.web.ObservationFilterChainDecorator$VirtualFilterChain.doFilter(ObservationFilterChainDecorator.java:137)
	at org.springframework.security.web.FilterChainProxy.doFilterInternal(FilterChainProxy.java:233)
	at org.springframework.security.web.FilterChainProxy.doFilter(FilterChainProxy.java:191)
	at org.springframework.web.filter.CompositeFilter$VirtualFilterChain.doFilter(CompositeFilter.java:113)
	at org.springframework.web.filter.ServletRequestPathFilter.doFilter(ServletRequestPathFilter.java:52)
	at org.springframework.web.filter.CompositeFilter$VirtualFilterChain.doFilter(CompositeFilter.java:113)
	at org.springframework.web.filter.CompositeFilter.doFilter(CompositeFilter.java:74)
	at org.springframework.security.config.annotation.web.configuration.WebSecurityConfiguration$CompositeFilterChainProxy.doFilter(WebSecurityConfiguration.java:319)
	at org.springframework.web.filter.CompositeFilter$VirtualFilterChain.doFilter(CompositeFilter.java:113)
	at org.springframework.web.servlet.handler.HandlerMappingIntrospector.lambda$createCacheFilter$4(HandlerMappingIntrospector.java:267)
	at org.springframework.web.filter.CompositeFilter$VirtualFilterChain.doFilter(CompositeFilter.java:113)
	at org.springframework.web.filter.CompositeFilter.doFilter(CompositeFilter.java:74)
	at org.springframework.security.config.annotation.web.configuration.WebMvcSecurityConfiguration$CompositeFilterChainProxy.doFilter(WebMvcSecurityConfiguration.java:240)
	at org.springframework.web.filter.DelegatingFilterProxy.invokeDelegate(DelegatingFilterProxy.java:362)
	at org.springframework.web.filter.DelegatingFilterProxy.doFilter(DelegatingFilterProxy.java:278)
	at org.apache.catalina.core.ApplicationFilterChain.internalDoFilter(ApplicationFilterChain.java:164)
	at org.apache.catalina.core.ApplicationFilterChain.doFilter(ApplicationFilterChain.java:140)
	at org.springframework.web.filter.RequestContextFilter.doFilterInternal(RequestContextFilter.java:100)
	at org.springframework.web.filter.OncePerRequestFilter.doFilter(OncePerRequestFilter.java:116)
	at org.apache.catalina.core.ApplicationFilterChain.internalDoFilter(ApplicationFilterChain.java:164)
	at org.apache.catalina.core.ApplicationFilterChain.doFilter(ApplicationFilterChain.java:140)
	at org.springframework.web.filter.FormContentFilter.doFilterInternal(FormContentFilter.java:93)
	at org.springframework.web.filter.OncePerRequestFilter.doFilter(OncePerRequestFilter.java:116)
	at org.apache.catalina.core.ApplicationFilterChain.internalDoFilter(ApplicationFilterChain.java:164)
	at org.apache.catalina.core.ApplicationFilterChain.doFilter(ApplicationFilterChain.java:140)
	at org.springframework.web.filter.ServerHttpObservationFilter.doFilterInternal(ServerHttpObservationFilter.java:110)
	at org.springframework.web.filter.OncePerRequestFilter.doFilter(OncePerRequestFilter.java:116)
	at org.apache.catalina.core.ApplicationFilterChain.internalDoFilter(ApplicationFilterChain.java:164)
	at org.apache.catalina.core.ApplicationFilterChain.doFilter(ApplicationFilterChain.java:140)
	at org.springframework.web.filter.CharacterEncodingFilter.doFilterInternal(CharacterEncodingFilter.java:201)
	at org.springframework.web.filter.OncePerRequestFilter.doFilter(OncePerRequestFilter.java:116)
	at org.apache.catalina.core.ApplicationFilterChain.internalDoFilter(ApplicationFilterChain.java:164)
	at org.apache.catalina.core.ApplicationFilterChain.doFilter(ApplicationFilterChain.java:140)
	at org.apache.catalina.core.StandardWrapperValve.invoke(StandardWrapperValve.java:167)
	at org.apache.catalina.core.StandardContextValve.invoke(StandardContextValve.java:90)
	at org.apache.catalina.authenticator.AuthenticatorBase.invoke(AuthenticatorBase.java:483)
	at org.apache.catalina.core.StandardHostValve.invoke(StandardHostValve.java:116)
	at org.apache.catalina.valves.ErrorReportValve.invoke(ErrorReportValve.java:93)
	at org.apache.catalina.core.StandardEngineValve.invoke(StandardEngineValve.java:74)
	at org.apache.catalina.connector.CoyoteAdapter.service(CoyoteAdapter.java:344)
	at org.apache.coyote.http11.Http11Processor.service(Http11Processor.java:398)
	at org.apache.coyote.AbstractProcessorLight.process(AbstractProcessorLight.java:63)
	at org.apache.coyote.AbstractProtocol$ConnectionHandler.process(AbstractProtocol.java:903)
	at org.apache.tomcat.util.net.NioEndpoint$SocketProcessor.doRun(NioEndpoint.java:1769)
	at org.apache.tomcat.util.net.SocketProcessorBase.run(SocketProcessorBase.java:52)
	at org.apache.tomcat.util.threads.ThreadPoolExecutor.runWorker(ThreadPoolExecutor.java:1189)
	at org.apache.tomcat.util.threads.ThreadPoolExecutor$Worker.run(ThreadPoolExecutor.java:658)
	at org.apache.tomcat.util.threads.TaskThread$WrappingRunnable.run(TaskThread.java:63)
	at java.base/java.lang.Thread.run(Thread.java:1474)
2025-11-17 20:02:36 - Error de ejecución: Email already exists: jorge.fernandez@pethome.cl
java.lang.RuntimeException: Email already exists: jorge.fernandez@pethome.cl
	at cl.duoc.pethome_user_service.service.impl.AuthServiceImpl.register(AuthServiceImpl.java:119)
	at java.base/jdk.internal.reflect.DirectMethodHandleAccessor.invoke(DirectMethodHandleAccessor.java:104)
	at java.base/java.lang.reflect.Method.invoke(Method.java:565)
	at org.springframework.aop.support.AopUtils.invokeJoinpointUsingReflection(AopUtils.java:360)
	at org.springframework.aop.framework.ReflectiveMethodInvocation.invokeJoinpoint(ReflectiveMethodInvocation.java:196)
	at org.springframework.aop.framework.ReflectiveMethodInvocation.proceed(ReflectiveMethodInvocation.java:163)
	at org.springframework.transaction.interceptor.TransactionAspectSupport.invokeWithinTransaction(TransactionAspectSupport.java:380)
	at org.springframework.transaction.interceptor.TransactionInterceptor.invoke(TransactionInterceptor.java:119)
	at org.springframework.aop.framework.ReflectiveMethodInvocation.proceed(ReflectiveMethodInvocation.java:184)
	at org.springframework.aop.framework.CglibAopProxy$DynamicAdvisedInterceptor.intercept(CglibAopProxy.java:728)
	at cl.duoc.pethome_user_service.service.impl.AuthServiceImpl$$SpringCGLIB$$0.register(<generated>)
	at cl.duoc.pethome_user_service.controller.AuthController.register(AuthController.java:72)
	at java.base/jdk.internal.reflect.DirectMethodHandleAccessor.invoke(DirectMethodHandleAccessor.java:104)
	at java.base/java.lang.reflect.Method.invoke(Method.java:565)
	at org.springframework.web.method.support.InvocableHandlerMethod.doInvoke(InvocableHandlerMethod.java:258)
	at org.springframework.web.method.support.InvocableHandlerMethod.invokeForRequest(InvocableHandlerMethod.java:191)
	at org.springframework.web.servlet.mvc.method.annotation.ServletInvocableHandlerMethod.invokeAndHandle(ServletInvocableHandlerMethod.java:118)
	at org.springframework.web.servlet.mvc.method.annotation.RequestMappingHandlerAdapter.invokeHandlerMethod(RequestMappingHandlerAdapter.java:991)
	at org.springframework.web.servlet.mvc.method.annotation.RequestMappingHandlerAdapter.handleInternal(RequestMappingHandlerAdapter.java:896)
	at org.springframework.web.servlet.mvc.method.AbstractHandlerMethodAdapter.handle(AbstractHandlerMethodAdapter.java:87)
	at org.springframework.web.servlet.DispatcherServlet.doDispatch(DispatcherServlet.java:1089)
	at org.springframework.web.servlet.DispatcherServlet.doService(DispatcherServlet.java:979)
	at org.springframework.web.servlet.FrameworkServlet.processRequest(FrameworkServlet.java:1014)
	at org.springframework.web.servlet.FrameworkServlet.doPost(FrameworkServlet.java:914)
	at jakarta.servlet.http.HttpServlet.service(HttpServlet.java:590)
	at org.springframework.web.servlet.FrameworkServlet.service(FrameworkServlet.java:885)
	at jakarta.servlet.http.HttpServlet.service(HttpServlet.java:658)
	at org.apache.catalina.core.ApplicationFilterChain.internalDoFilter(ApplicationFilterChain.java:195)
	at org.apache.catalina.core.ApplicationFilterChain.doFilter(ApplicationFilterChain.java:140)
	at org.apache.tomcat.websocket.server.WsFilter.doFilter(WsFilter.java:51)
	at org.apache.catalina.core.ApplicationFilterChain.internalDoFilter(ApplicationFilterChain.java:164)
	at org.apache.catalina.core.ApplicationFilterChain.doFilter(ApplicationFilterChain.java:140)
	at org.springframework.web.filter.OncePerRequestFilter.doFilter(OncePerRequestFilter.java:110)
	at org.apache.catalina.core.ApplicationFilterChain.internalDoFilter(ApplicationFilterChain.java:164)
	at org.apache.catalina.core.ApplicationFilterChain.doFilter(ApplicationFilterChain.java:140)
	at org.springframework.web.filter.CompositeFilter$VirtualFilterChain.doFilter(CompositeFilter.java:108)
	at org.springframework.web.filter.CompositeFilter$VirtualFilterChain.doFilter(CompositeFilter.java:108)
	at org.springframework.security.web.FilterChainProxy.lambda$doFilterInternal$3(FilterChainProxy.java:231)
	at org.springframework.security.web.ObservationFilterChainDecorator$FilterObservation$SimpleFilterObservation.lambda$wrap$1(ObservationFilterChainDecorator.java:479)
	at org.springframework.security.web.ObservationFilterChainDecorator$AroundFilterObservation$SimpleAroundFilterObservation.lambda$wrap$1(ObservationFilterChainDecorator.java:340)
	at org.springframework.security.web.ObservationFilterChainDecorator.lambda$wrapSecured$0(ObservationFilterChainDecorator.java:82)
	at org.springframework.security.web.ObservationFilterChainDecorator$VirtualFilterChain.doFilter(ObservationFilterChainDecorator.java:128)
	at org.springframework.security.web.access.intercept.AuthorizationFilter.doFilter(AuthorizationFilter.java:101)
	at org.springframework.security.web.ObservationFilterChainDecorator$ObservationFilter.wrapFilter(ObservationFilterChainDecorator.java:240)
	at org.springframework.security.web.ObservationFilterChainDecorator$ObservationFilter.doFilter(ObservationFilterChainDecorator.java:227)
	at org.springframework.security.web.ObservationFilterChainDecorator$VirtualFilterChain.doFilter(ObservationFilterChainDecorator.java:137)
	at org.springframework.security.web.access.ExceptionTranslationFilter.doFilter(ExceptionTranslationFilter.java:125)
	at org.springframework.security.web.access.ExceptionTranslationFilter.doFilter(ExceptionTranslationFilter.java:119)
	at org.springframework.security.web.ObservationFilterChainDecorator$ObservationFilter.wrapFilter(ObservationFilterChainDecorator.java:240)
	at org.springframework.security.web.ObservationFilterChainDecorator$ObservationFilter.doFilter(ObservationFilterChainDecorator.java:227)
	at org.springframework.security.web.ObservationFilterChainDecorator$VirtualFilterChain.doFilter(ObservationFilterChainDecorator.java:137)
	at org.springframework.security.web.session.SessionManagementFilter.doFilter(SessionManagementFilter.java:131)
	at org.springframework.security.web.session.SessionManagementFilter.doFilter(SessionManagementFilter.java:85)
	at org.springframework.security.web.ObservationFilterChainDecorator$ObservationFilter.wrapFilter(ObservationFilterChainDecorator.java:240)
	at org.springframework.security.web.ObservationFilterChainDecorator$ObservationFilter.doFilter(ObservationFilterChainDecorator.java:227)
	at org.springframework.security.web.ObservationFilterChainDecorator$VirtualFilterChain.doFilter(ObservationFilterChainDecorator.java:137)
	at org.springframework.security.web.authentication.AnonymousAuthenticationFilter.doFilter(AnonymousAuthenticationFilter.java:100)
	at org.springframework.security.web.ObservationFilterChainDecorator$ObservationFilter.wrapFilter(ObservationFilterChainDecorator.java:240)
	at org.springframework.security.web.ObservationFilterChainDecorator$ObservationFilter.doFilter(ObservationFilterChainDecorator.java:227)
	at org.springframework.security.web.ObservationFilterChainDecorator$VirtualFilterChain.doFilter(ObservationFilterChainDecorator.java:137)
	at org.springframework.security.web.servletapi.SecurityContextHolderAwareRequestFilter.doFilter(SecurityContextHolderAwareRequestFilter.java:179)
	at org.springframework.security.web.ObservationFilterChainDecorator$ObservationFilter.wrapFilter(ObservationFilterChainDecorator.java:240)
	at org.springframework.security.web.ObservationFilterChainDecorator$ObservationFilter.doFilter(ObservationFilterChainDecorator.java:227)
	at org.springframework.security.web.ObservationFilterChainDecorator$VirtualFilterChain.doFilter(ObservationFilterChainDecorator.java:137)
	at org.springframework.security.web.savedrequest.RequestCacheAwareFilter.doFilter(RequestCacheAwareFilter.java:63)
	at org.springframework.security.web.ObservationFilterChainDecorator$ObservationFilter.wrapFilter(ObservationFilterChainDecorator.java:240)
	at org.springframework.security.web.ObservationFilterChainDecorator$ObservationFilter.doFilter(ObservationFilterChainDecorator.java:227)
	at org.springframework.security.web.ObservationFilterChainDecorator$VirtualFilterChain.doFilter(ObservationFilterChainDecorator.java:137)
	at cl.duoc.pethome_user_service.security.JwtAuthenticationFilter.doFilterInternal(JwtAuthenticationFilter.java:130)
	at org.springframework.web.filter.OncePerRequestFilter.doFilter(OncePerRequestFilter.java:116)
	at org.springframework.security.web.ObservationFilterChainDecorator$ObservationFilter.wrapFilter(ObservationFilterChainDecorator.java:240)
	at org.springframework.security.web.ObservationFilterChainDecorator$ObservationFilter.doFilter(ObservationFilterChainDecorator.java:227)
	at org.springframework.security.web.ObservationFilterChainDecorator$VirtualFilterChain.doFilter(ObservationFilterChainDecorator.java:137)
	at org.springframework.security.web.authentication.logout.LogoutFilter.doFilter(LogoutFilter.java:107)
	at org.springframework.security.web.authentication.logout.LogoutFilter.doFilter(LogoutFilter.java:93)
	at org.springframework.security.web.ObservationFilterChainDecorator$ObservationFilter.wrapFilter(ObservationFilterChainDecorator.java:240)
	at org.springframework.security.web.ObservationFilterChainDecorator$ObservationFilter.doFilter(ObservationFilterChainDecorator.java:227)
	at org.springframework.security.web.ObservationFilterChainDecorator$VirtualFilterChain.doFilter(ObservationFilterChainDecorator.java:137)
	at org.springframework.security.web.header.HeaderWriterFilter.doHeadersAfter(HeaderWriterFilter.java:90)
	at org.springframework.security.web.header.HeaderWriterFilter.doFilterInternal(HeaderWriterFilter.java:75)
	at org.springframework.web.filter.OncePerRequestFilter.doFilter(OncePerRequestFilter.java:116)
	at org.springframework.security.web.ObservationFilterChainDecorator$ObservationFilter.wrapFilter(ObservationFilterChainDecorator.java:240)
	at org.springframework.security.web.ObservationFilterChainDecorator$ObservationFilter.doFilter(ObservationFilterChainDecorator.java:227)
	at org.springframework.security.web.ObservationFilterChainDecorator$VirtualFilterChain.doFilter(ObservationFilterChainDecorator.java:137)
	at org.springframework.security.web.context.SecurityContextHolderFilter.doFilter(SecurityContextHolderFilter.java:82)
	at org.springframework.security.web.context.SecurityContextHolderFilter.doFilter(SecurityContextHolderFilter.java:69)
	at org.springframework.security.web.ObservationFilterChainDecorator$ObservationFilter.wrapFilter(ObservationFilterChainDecorator.java:240)
	at org.springframework.security.web.ObservationFilterChainDecorator$ObservationFilter.doFilter(ObservationFilterChainDecorator.java:227)
	at org.springframework.security.web.ObservationFilterChainDecorator$VirtualFilterChain.doFilter(ObservationFilterChainDecorator.java:137)
	at org.springframework.security.web.context.request.async.WebAsyncManagerIntegrationFilter.doFilterInternal(WebAsyncManagerIntegrationFilter.java:62)
	at org.springframework.web.filter.OncePerRequestFilter.doFilter(OncePerRequestFilter.java:116)
	at org.springframework.security.web.ObservationFilterChainDecorator$ObservationFilter.wrapFilter(ObservationFilterChainDecorator.java:240)
	at org.springframework.security.web.ObservationFilterChainDecorator$ObservationFilter.doFilter(ObservationFilterChainDecorator.java:227)
	at org.springframework.security.web.ObservationFilterChainDecorator$VirtualFilterChain.doFilter(ObservationFilterChainDecorator.java:137)
	at org.springframework.security.web.session.DisableEncodeUrlFilter.doFilterInternal(DisableEncodeUrlFilter.java:42)
	at org.springframework.web.filter.OncePerRequestFilter.doFilter(OncePerRequestFilter.java:116)
	at org.springframework.security.web.ObservationFilterChainDecorator$ObservationFilter.wrapFilter(ObservationFilterChainDecorator.java:240)
	at org.springframework.security.web.ObservationFilterChainDecorator$AroundFilterObservation$SimpleAroundFilterObservation.lambda$wrap$0(ObservationFilterChainDecorator.java:323)
	at org.springframework.security.web.ObservationFilterChainDecorator$ObservationFilter.doFilter(ObservationFilterChainDecorator.java:224)
	at org.springframework.security.web.ObservationFilterChainDecorator$VirtualFilterChain.doFilter(ObservationFilterChainDecorator.java:137)
	at org.springframework.security.web.FilterChainProxy.doFilterInternal(FilterChainProxy.java:233)
	at org.springframework.security.web.FilterChainProxy.doFilter(FilterChainProxy.java:191)
	at org.springframework.web.filter.CompositeFilter$VirtualFilterChain.doFilter(CompositeFilter.java:113)
	at org.springframework.web.filter.ServletRequestPathFilter.doFilter(ServletRequestPathFilter.java:52)
	at org.springframework.web.filter.CompositeFilter$VirtualFilterChain.doFilter(CompositeFilter.java:113)
	at org.springframework.web.filter.CompositeFilter.doFilter(CompositeFilter.java:74)
	at org.springframework.security.config.annotation.web.configuration.WebSecurityConfiguration$CompositeFilterChainProxy.doFilter(WebSecurityConfiguration.java:319)
	at org.springframework.web.filter.CompositeFilter$VirtualFilterChain.doFilter(CompositeFilter.java:113)
	at org.springframework.web.servlet.handler.HandlerMappingIntrospector.lambda$createCacheFilter$4(HandlerMappingIntrospector.java:267)
	at org.springframework.web.filter.CompositeFilter$VirtualFilterChain.doFilter(CompositeFilter.java:113)
	at org.springframework.web.filter.CompositeFilter.doFilter(CompositeFilter.java:74)
	at org.springframework.security.config.annotation.web.configuration.WebMvcSecurityConfiguration$CompositeFilterChainProxy.doFilter(WebMvcSecurityConfiguration.java:240)
	at org.springframework.web.filter.DelegatingFilterProxy.invokeDelegate(DelegatingFilterProxy.java:362)
	at org.springframework.web.filter.DelegatingFilterProxy.doFilter(DelegatingFilterProxy.java:278)
	at org.apache.catalina.core.ApplicationFilterChain.internalDoFilter(ApplicationFilterChain.java:164)
	at org.apache.catalina.core.ApplicationFilterChain.doFilter(ApplicationFilterChain.java:140)
	at org.springframework.web.filter.RequestContextFilter.doFilterInternal(RequestContextFilter.java:100)
	at org.springframework.web.filter.OncePerRequestFilter.doFilter(OncePerRequestFilter.java:116)
	at org.apache.catalina.core.ApplicationFilterChain.internalDoFilter(ApplicationFilterChain.java:164)
	at org.apache.catalina.core.ApplicationFilterChain.doFilter(ApplicationFilterChain.java:140)
	at org.springframework.web.filter.FormContentFilter.doFilterInternal(FormContentFilter.java:93)
	at org.springframework.web.filter.OncePerRequestFilter.doFilter(OncePerRequestFilter.java:116)
	at org.apache.catalina.core.ApplicationFilterChain.internalDoFilter(ApplicationFilterChain.java:164)
	at org.apache.catalina.core.ApplicationFilterChain.doFilter(ApplicationFilterChain.java:140)
	at org.springframework.web.filter.ServerHttpObservationFilter.doFilterInternal(ServerHttpObservationFilter.java:110)
	at org.springframework.web.filter.OncePerRequestFilter.doFilter(OncePerRequestFilter.java:116)
	at org.apache.catalina.core.ApplicationFilterChain.internalDoFilter(ApplicationFilterChain.java:164)
	at org.apache.catalina.core.ApplicationFilterChain.doFilter(ApplicationFilterChain.java:140)
	at org.springframework.web.filter.CharacterEncodingFilter.doFilterInternal(CharacterEncodingFilter.java:201)
	at org.springframework.web.filter.OncePerRequestFilter.doFilter(OncePerRequestFilter.java:116)
	at org.apache.catalina.core.ApplicationFilterChain.internalDoFilter(ApplicationFilterChain.java:164)
	at org.apache.catalina.core.ApplicationFilterChain.doFilter(ApplicationFilterChain.java:140)
	at org.apache.catalina.core.StandardWrapperValve.invoke(StandardWrapperValve.java:167)
	at org.apache.catalina.core.StandardContextValve.invoke(StandardContextValve.java:90)
	at org.apache.catalina.authenticator.AuthenticatorBase.invoke(AuthenticatorBase.java:483)
	at org.apache.catalina.core.StandardHostValve.invoke(StandardHostValve.java:116)
	at org.apache.catalina.valves.ErrorReportValve.invoke(ErrorReportValve.java:93)
	at org.apache.catalina.core.StandardEngineValve.invoke(StandardEngineValve.java:74)
	at org.apache.catalina.connector.CoyoteAdapter.service(CoyoteAdapter.java:344)
	at org.apache.coyote.http11.Http11Processor.service(Http11Processor.java:398)
	at org.apache.coyote.AbstractProcessorLight.process(AbstractProcessorLight.java:63)
	at org.apache.coyote.AbstractProtocol$ConnectionHandler.process(AbstractProtocol.java:903)
	at org.apache.tomcat.util.net.NioEndpoint$SocketProcessor.doRun(NioEndpoint.java:1769)
	at org.apache.tomcat.util.net.SocketProcessorBase.run(SocketProcessorBase.java:52)
	at org.apache.tomcat.util.threads.ThreadPoolExecutor.runWorker(ThreadPoolExecutor.java:1189)
	at org.apache.tomcat.util.threads.ThreadPoolExecutor$Worker.run(ThreadPoolExecutor.java:658)
	at org.apache.tomcat.util.threads.TaskThread$WrappingRunnable.run(TaskThread.java:63)
	at java.base/java.lang.Thread.run(Thread.java:1474)
2025-11-17 20:02:37 - No JWT token found in request headers
2025-11-17 20:02:37 - Registration attempt for email: ana.silva@pethome.cl
2025-11-17 20:02:37 - Registration attempt for email: ana.silva@pethome.cl
2025-11-17 20:02:37 - Checking if email exists: ana.silva@pethome.cl
2025-11-17 20:02:37 - 
    select
        u1_0.id 
    from
        users u1_0 
    where
        u1_0.email=? 
    fetch
        first ? rows only
Hibernate: 
    select
        u1_0.id 
    from
        users u1_0 
    where
        u1_0.email=? 
    fetch
        first ? rows only
2025-11-17 20:02:37 - Email ana.silva@pethome.cl exists: true
2025-11-17 20:02:37 - Email already exists: ana.silva@pethome.cl
2025-11-17 20:02:37 - Registration failed for email: ana.silva@pethome.cl
java.lang.RuntimeException: Email already exists: ana.silva@pethome.cl
	at cl.duoc.pethome_user_service.service.impl.AuthServiceImpl.register(AuthServiceImpl.java:119)
	at java.base/jdk.internal.reflect.DirectMethodHandleAccessor.invoke(DirectMethodHandleAccessor.java:104)
	at java.base/java.lang.reflect.Method.invoke(Method.java:565)
	at org.springframework.aop.support.AopUtils.invokeJoinpointUsingReflection(AopUtils.java:360)
	at org.springframework.aop.framework.ReflectiveMethodInvocation.invokeJoinpoint(ReflectiveMethodInvocation.java:196)
	at org.springframework.aop.framework.ReflectiveMethodInvocation.proceed(ReflectiveMethodInvocation.java:163)
	at org.springframework.transaction.interceptor.TransactionAspectSupport.invokeWithinTransaction(TransactionAspectSupport.java:380)
	at org.springframework.transaction.interceptor.TransactionInterceptor.invoke(TransactionInterceptor.java:119)
	at org.springframework.aop.framework.ReflectiveMethodInvocation.proceed(ReflectiveMethodInvocation.java:184)
	at org.springframework.aop.framework.CglibAopProxy$DynamicAdvisedInterceptor.intercept(CglibAopProxy.java:728)
	at cl.duoc.pethome_user_service.service.impl.AuthServiceImpl$$SpringCGLIB$$0.register(<generated>)
	at cl.duoc.pethome_user_service.controller.AuthController.register(AuthController.java:72)
	at java.base/jdk.internal.reflect.DirectMethodHandleAccessor.invoke(DirectMethodHandleAccessor.java:104)
	at java.base/java.lang.reflect.Method.invoke(Method.java:565)
	at org.springframework.web.method.support.InvocableHandlerMethod.doInvoke(InvocableHandlerMethod.java:258)
	at org.springframework.web.method.support.InvocableHandlerMethod.invokeForRequest(InvocableHandlerMethod.java:191)
	at org.springframework.web.servlet.mvc.method.annotation.ServletInvocableHandlerMethod.invokeAndHandle(ServletInvocableHandlerMethod.java:118)
	at org.springframework.web.servlet.mvc.method.annotation.RequestMappingHandlerAdapter.invokeHandlerMethod(RequestMappingHandlerAdapter.java:991)
	at org.springframework.web.servlet.mvc.method.annotation.RequestMappingHandlerAdapter.handleInternal(RequestMappingHandlerAdapter.java:896)
	at org.springframework.web.servlet.mvc.method.AbstractHandlerMethodAdapter.handle(AbstractHandlerMethodAdapter.java:87)
	at org.springframework.web.servlet.DispatcherServlet.doDispatch(DispatcherServlet.java:1089)
	at org.springframework.web.servlet.DispatcherServlet.doService(DispatcherServlet.java:979)
	at org.springframework.web.servlet.FrameworkServlet.processRequest(FrameworkServlet.java:1014)
	at org.springframework.web.servlet.FrameworkServlet.doPost(FrameworkServlet.java:914)
	at jakarta.servlet.http.HttpServlet.service(HttpServlet.java:590)
	at org.springframework.web.servlet.FrameworkServlet.service(FrameworkServlet.java:885)
	at jakarta.servlet.http.HttpServlet.service(HttpServlet.java:658)
	at org.apache.catalina.core.ApplicationFilterChain.internalDoFilter(ApplicationFilterChain.java:195)
	at org.apache.catalina.core.ApplicationFilterChain.doFilter(ApplicationFilterChain.java:140)
	at org.apache.tomcat.websocket.server.WsFilter.doFilter(WsFilter.java:51)
	at org.apache.catalina.core.ApplicationFilterChain.internalDoFilter(ApplicationFilterChain.java:164)
	at org.apache.catalina.core.ApplicationFilterChain.doFilter(ApplicationFilterChain.java:140)
	at org.springframework.web.filter.OncePerRequestFilter.doFilter(OncePerRequestFilter.java:110)
	at org.apache.catalina.core.ApplicationFilterChain.internalDoFilter(ApplicationFilterChain.java:164)
	at org.apache.catalina.core.ApplicationFilterChain.doFilter(ApplicationFilterChain.java:140)
	at org.springframework.web.filter.CompositeFilter$VirtualFilterChain.doFilter(CompositeFilter.java:108)
	at org.springframework.web.filter.CompositeFilter$VirtualFilterChain.doFilter(CompositeFilter.java:108)
	at org.springframework.security.web.FilterChainProxy.lambda$doFilterInternal$3(FilterChainProxy.java:231)
	at org.springframework.security.web.ObservationFilterChainDecorator$FilterObservation$SimpleFilterObservation.lambda$wrap$1(ObservationFilterChainDecorator.java:479)
	at org.springframework.security.web.ObservationFilterChainDecorator$AroundFilterObservation$SimpleAroundFilterObservation.lambda$wrap$1(ObservationFilterChainDecorator.java:340)
	at org.springframework.security.web.ObservationFilterChainDecorator.lambda$wrapSecured$0(ObservationFilterChainDecorator.java:82)
	at org.springframework.security.web.ObservationFilterChainDecorator$VirtualFilterChain.doFilter(ObservationFilterChainDecorator.java:128)
	at org.springframework.security.web.access.intercept.AuthorizationFilter.doFilter(AuthorizationFilter.java:101)
	at org.springframework.security.web.ObservationFilterChainDecorator$ObservationFilter.wrapFilter(ObservationFilterChainDecorator.java:240)
	at org.springframework.security.web.ObservationFilterChainDecorator$ObservationFilter.doFilter(ObservationFilterChainDecorator.java:227)
	at org.springframework.security.web.ObservationFilterChainDecorator$VirtualFilterChain.doFilter(ObservationFilterChainDecorator.java:137)
	at org.springframework.security.web.access.ExceptionTranslationFilter.doFilter(ExceptionTranslationFilter.java:125)
	at org.springframework.security.web.access.ExceptionTranslationFilter.doFilter(ExceptionTranslationFilter.java:119)
	at org.springframework.security.web.ObservationFilterChainDecorator$ObservationFilter.wrapFilter(ObservationFilterChainDecorator.java:240)
	at org.springframework.security.web.ObservationFilterChainDecorator$ObservationFilter.doFilter(ObservationFilterChainDecorator.java:227)
	at org.springframework.security.web.ObservationFilterChainDecorator$VirtualFilterChain.doFilter(ObservationFilterChainDecorator.java:137)
	at org.springframework.security.web.session.SessionManagementFilter.doFilter(SessionManagementFilter.java:131)
	at org.springframework.security.web.session.SessionManagementFilter.doFilter(SessionManagementFilter.java:85)
	at org.springframework.security.web.ObservationFilterChainDecorator$ObservationFilter.wrapFilter(ObservationFilterChainDecorator.java:240)
	at org.springframework.security.web.ObservationFilterChainDecorator$ObservationFilter.doFilter(ObservationFilterChainDecorator.java:227)
	at org.springframework.security.web.ObservationFilterChainDecorator$VirtualFilterChain.doFilter(ObservationFilterChainDecorator.java:137)
	at org.springframework.security.web.authentication.AnonymousAuthenticationFilter.doFilter(AnonymousAuthenticationFilter.java:100)
	at org.springframework.security.web.ObservationFilterChainDecorator$ObservationFilter.wrapFilter(ObservationFilterChainDecorator.java:240)
	at org.springframework.security.web.ObservationFilterChainDecorator$ObservationFilter.doFilter(ObservationFilterChainDecorator.java:227)
	at org.springframework.security.web.ObservationFilterChainDecorator$VirtualFilterChain.doFilter(ObservationFilterChainDecorator.java:137)
	at org.springframework.security.web.servletapi.SecurityContextHolderAwareRequestFilter.doFilter(SecurityContextHolderAwareRequestFilter.java:179)
	at org.springframework.security.web.ObservationFilterChainDecorator$ObservationFilter.wrapFilter(ObservationFilterChainDecorator.java:240)
	at org.springframework.security.web.ObservationFilterChainDecorator$ObservationFilter.doFilter(ObservationFilterChainDecorator.java:227)
	at org.springframework.security.web.ObservationFilterChainDecorator$VirtualFilterChain.doFilter(ObservationFilterChainDecorator.java:137)
	at org.springframework.security.web.savedrequest.RequestCacheAwareFilter.doFilter(RequestCacheAwareFilter.java:63)
	at org.springframework.security.web.ObservationFilterChainDecorator$ObservationFilter.wrapFilter(ObservationFilterChainDecorator.java:240)
	at org.springframework.security.web.ObservationFilterChainDecorator$ObservationFilter.doFilter(ObservationFilterChainDecorator.java:227)
	at org.springframework.security.web.ObservationFilterChainDecorator$VirtualFilterChain.doFilter(ObservationFilterChainDecorator.java:137)
	at cl.duoc.pethome_user_service.security.JwtAuthenticationFilter.doFilterInternal(JwtAuthenticationFilter.java:130)
	at org.springframework.web.filter.OncePerRequestFilter.doFilter(OncePerRequestFilter.java:116)
	at org.springframework.security.web.ObservationFilterChainDecorator$ObservationFilter.wrapFilter(ObservationFilterChainDecorator.java:240)
	at org.springframework.security.web.ObservationFilterChainDecorator$ObservationFilter.doFilter(ObservationFilterChainDecorator.java:227)
	at org.springframework.security.web.ObservationFilterChainDecorator$VirtualFilterChain.doFilter(ObservationFilterChainDecorator.java:137)
	at org.springframework.security.web.authentication.logout.LogoutFilter.doFilter(LogoutFilter.java:107)
	at org.springframework.security.web.authentication.logout.LogoutFilter.doFilter(LogoutFilter.java:93)
	at org.springframework.security.web.ObservationFilterChainDecorator$ObservationFilter.wrapFilter(ObservationFilterChainDecorator.java:240)
	at org.springframework.security.web.ObservationFilterChainDecorator$ObservationFilter.doFilter(ObservationFilterChainDecorator.java:227)
	at org.springframework.security.web.ObservationFilterChainDecorator$VirtualFilterChain.doFilter(ObservationFilterChainDecorator.java:137)
	at org.springframework.security.web.header.HeaderWriterFilter.doHeadersAfter(HeaderWriterFilter.java:90)
	at org.springframework.security.web.header.HeaderWriterFilter.doFilterInternal(HeaderWriterFilter.java:75)
	at org.springframework.web.filter.OncePerRequestFilter.doFilter(OncePerRequestFilter.java:116)
	at org.springframework.security.web.ObservationFilterChainDecorator$ObservationFilter.wrapFilter(ObservationFilterChainDecorator.java:240)
	at org.springframework.security.web.ObservationFilterChainDecorator$ObservationFilter.doFilter(ObservationFilterChainDecorator.java:227)
	at org.springframework.security.web.ObservationFilterChainDecorator$VirtualFilterChain.doFilter(ObservationFilterChainDecorator.java:137)
	at org.springframework.security.web.context.SecurityContextHolderFilter.doFilter(SecurityContextHolderFilter.java:82)
	at org.springframework.security.web.context.SecurityContextHolderFilter.doFilter(SecurityContextHolderFilter.java:69)
	at org.springframework.security.web.ObservationFilterChainDecorator$ObservationFilter.wrapFilter(ObservationFilterChainDecorator.java:240)
	at org.springframework.security.web.ObservationFilterChainDecorator$ObservationFilter.doFilter(ObservationFilterChainDecorator.java:227)
	at org.springframework.security.web.ObservationFilterChainDecorator$VirtualFilterChain.doFilter(ObservationFilterChainDecorator.java:137)
	at org.springframework.security.web.context.request.async.WebAsyncManagerIntegrationFilter.doFilterInternal(WebAsyncManagerIntegrationFilter.java:62)
	at org.springframework.web.filter.OncePerRequestFilter.doFilter(OncePerRequestFilter.java:116)
	at org.springframework.security.web.ObservationFilterChainDecorator$ObservationFilter.wrapFilter(ObservationFilterChainDecorator.java:240)
	at org.springframework.security.web.ObservationFilterChainDecorator$ObservationFilter.doFilter(ObservationFilterChainDecorator.java:227)
	at org.springframework.security.web.ObservationFilterChainDecorator$VirtualFilterChain.doFilter(ObservationFilterChainDecorator.java:137)
	at org.springframework.security.web.session.DisableEncodeUrlFilter.doFilterInternal(DisableEncodeUrlFilter.java:42)
	at org.springframework.web.filter.OncePerRequestFilter.doFilter(OncePerRequestFilter.java:116)
	at org.springframework.security.web.ObservationFilterChainDecorator$ObservationFilter.wrapFilter(ObservationFilterChainDecorator.java:240)
	at org.springframework.security.web.ObservationFilterChainDecorator$AroundFilterObservation$SimpleAroundFilterObservation.lambda$wrap$0(ObservationFilterChainDecorator.java:323)
	at org.springframework.security.web.ObservationFilterChainDecorator$ObservationFilter.doFilter(ObservationFilterChainDecorator.java:224)
	at org.springframework.security.web.ObservationFilterChainDecorator$VirtualFilterChain.doFilter(ObservationFilterChainDecorator.java:137)
	at org.springframework.security.web.FilterChainProxy.doFilterInternal(FilterChainProxy.java:233)
	at org.springframework.security.web.FilterChainProxy.doFilter(FilterChainProxy.java:191)
	at org.springframework.web.filter.CompositeFilter$VirtualFilterChain.doFilter(CompositeFilter.java:113)
	at org.springframework.web.filter.ServletRequestPathFilter.doFilter(ServletRequestPathFilter.java:52)
	at org.springframework.web.filter.CompositeFilter$VirtualFilterChain.doFilter(CompositeFilter.java:113)
	at org.springframework.web.filter.CompositeFilter.doFilter(CompositeFilter.java:74)
	at org.springframework.security.config.annotation.web.configuration.WebSecurityConfiguration$CompositeFilterChainProxy.doFilter(WebSecurityConfiguration.java:319)
	at org.springframework.web.filter.CompositeFilter$VirtualFilterChain.doFilter(CompositeFilter.java:113)
	at org.springframework.web.servlet.handler.HandlerMappingIntrospector.lambda$createCacheFilter$4(HandlerMappingIntrospector.java:267)
	at org.springframework.web.filter.CompositeFilter$VirtualFilterChain.doFilter(CompositeFilter.java:113)
	at org.springframework.web.filter.CompositeFilter.doFilter(CompositeFilter.java:74)
	at org.springframework.security.config.annotation.web.configuration.WebMvcSecurityConfiguration$CompositeFilterChainProxy.doFilter(WebMvcSecurityConfiguration.java:240)
	at org.springframework.web.filter.DelegatingFilterProxy.invokeDelegate(DelegatingFilterProxy.java:362)
	at org.springframework.web.filter.DelegatingFilterProxy.doFilter(DelegatingFilterProxy.java:278)
	at org.apache.catalina.core.ApplicationFilterChain.internalDoFilter(ApplicationFilterChain.java:164)
	at org.apache.catalina.core.ApplicationFilterChain.doFilter(ApplicationFilterChain.java:140)
	at org.springframework.web.filter.RequestContextFilter.doFilterInternal(RequestContextFilter.java:100)
	at org.springframework.web.filter.OncePerRequestFilter.doFilter(OncePerRequestFilter.java:116)
	at org.apache.catalina.core.ApplicationFilterChain.internalDoFilter(ApplicationFilterChain.java:164)
	at org.apache.catalina.core.ApplicationFilterChain.doFilter(ApplicationFilterChain.java:140)
	at org.springframework.web.filter.FormContentFilter.doFilterInternal(FormContentFilter.java:93)
	at org.springframework.web.filter.OncePerRequestFilter.doFilter(OncePerRequestFilter.java:116)
	at org.apache.catalina.core.ApplicationFilterChain.internalDoFilter(ApplicationFilterChain.java:164)
	at org.apache.catalina.core.ApplicationFilterChain.doFilter(ApplicationFilterChain.java:140)
	at org.springframework.web.filter.ServerHttpObservationFilter.doFilterInternal(ServerHttpObservationFilter.java:110)
	at org.springframework.web.filter.OncePerRequestFilter.doFilter(OncePerRequestFilter.java:116)
	at org.apache.catalina.core.ApplicationFilterChain.internalDoFilter(ApplicationFilterChain.java:164)
	at org.apache.catalina.core.ApplicationFilterChain.doFilter(ApplicationFilterChain.java:140)
	at org.springframework.web.filter.CharacterEncodingFilter.doFilterInternal(CharacterEncodingFilter.java:201)
	at org.springframework.web.filter.OncePerRequestFilter.doFilter(OncePerRequestFilter.java:116)
	at org.apache.catalina.core.ApplicationFilterChain.internalDoFilter(ApplicationFilterChain.java:164)
	at org.apache.catalina.core.ApplicationFilterChain.doFilter(ApplicationFilterChain.java:140)
	at org.apache.catalina.core.StandardWrapperValve.invoke(StandardWrapperValve.java:167)
	at org.apache.catalina.core.StandardContextValve.invoke(StandardContextValve.java:90)
	at org.apache.catalina.authenticator.AuthenticatorBase.invoke(AuthenticatorBase.java:483)
	at org.apache.catalina.core.StandardHostValve.invoke(StandardHostValve.java:116)
	at org.apache.catalina.valves.ErrorReportValve.invoke(ErrorReportValve.java:93)
	at org.apache.catalina.core.StandardEngineValve.invoke(StandardEngineValve.java:74)
	at org.apache.catalina.connector.CoyoteAdapter.service(CoyoteAdapter.java:344)
	at org.apache.coyote.http11.Http11Processor.service(Http11Processor.java:398)
	at org.apache.coyote.AbstractProcessorLight.process(AbstractProcessorLight.java:63)
	at org.apache.coyote.AbstractProtocol$ConnectionHandler.process(AbstractProtocol.java:903)
	at org.apache.tomcat.util.net.NioEndpoint$SocketProcessor.doRun(NioEndpoint.java:1769)
	at org.apache.tomcat.util.net.SocketProcessorBase.run(SocketProcessorBase.java:52)
	at org.apache.tomcat.util.threads.ThreadPoolExecutor.runWorker(ThreadPoolExecutor.java:1189)
	at org.apache.tomcat.util.threads.ThreadPoolExecutor$Worker.run(ThreadPoolExecutor.java:658)
	at org.apache.tomcat.util.threads.TaskThread$WrappingRunnable.run(TaskThread.java:63)
	at java.base/java.lang.Thread.run(Thread.java:1474)
2025-11-17 20:02:37 - Error de ejecución: Email already exists: ana.silva@pethome.cl
java.lang.RuntimeException: Email already exists: ana.silva@pethome.cl
	at cl.duoc.pethome_user_service.service.impl.AuthServiceImpl.register(AuthServiceImpl.java:119)
	at java.base/jdk.internal.reflect.DirectMethodHandleAccessor.invoke(DirectMethodHandleAccessor.java:104)
	at java.base/java.lang.reflect.Method.invoke(Method.java:565)
	at org.springframework.aop.support.AopUtils.invokeJoinpointUsingReflection(AopUtils.java:360)
	at org.springframework.aop.framework.ReflectiveMethodInvocation.invokeJoinpoint(ReflectiveMethodInvocation.java:196)
	at org.springframework.aop.framework.ReflectiveMethodInvocation.proceed(ReflectiveMethodInvocation.java:163)
	at org.springframework.transaction.interceptor.TransactionAspectSupport.invokeWithinTransaction(TransactionAspectSupport.java:380)
	at org.springframework.transaction.interceptor.TransactionInterceptor.invoke(TransactionInterceptor.java:119)
	at org.springframework.aop.framework.ReflectiveMethodInvocation.proceed(ReflectiveMethodInvocation.java:184)
	at org.springframework.aop.framework.CglibAopProxy$DynamicAdvisedInterceptor.intercept(CglibAopProxy.java:728)
	at cl.duoc.pethome_user_service.service.impl.AuthServiceImpl$$SpringCGLIB$$0.register(<generated>)
	at cl.duoc.pethome_user_service.controller.AuthController.register(AuthController.java:72)
	at java.base/jdk.internal.reflect.DirectMethodHandleAccessor.invoke(DirectMethodHandleAccessor.java:104)
	at java.base/java.lang.reflect.Method.invoke(Method.java:565)
	at org.springframework.web.method.support.InvocableHandlerMethod.doInvoke(InvocableHandlerMethod.java:258)
	at org.springframework.web.method.support.InvocableHandlerMethod.invokeForRequest(InvocableHandlerMethod.java:191)
	at org.springframework.web.servlet.mvc.method.annotation.ServletInvocableHandlerMethod.invokeAndHandle(ServletInvocableHandlerMethod.java:118)
	at org.springframework.web.servlet.mvc.method.annotation.RequestMappingHandlerAdapter.invokeHandlerMethod(RequestMappingHandlerAdapter.java:991)
	at org.springframework.web.servlet.mvc.method.annotation.RequestMappingHandlerAdapter.handleInternal(RequestMappingHandlerAdapter.java:896)
	at org.springframework.web.servlet.mvc.method.AbstractHandlerMethodAdapter.handle(AbstractHandlerMethodAdapter.java:87)
	at org.springframework.web.servlet.DispatcherServlet.doDispatch(DispatcherServlet.java:1089)
	at org.springframework.web.servlet.DispatcherServlet.doService(DispatcherServlet.java:979)
	at org.springframework.web.servlet.FrameworkServlet.processRequest(FrameworkServlet.java:1014)
	at org.springframework.web.servlet.FrameworkServlet.doPost(FrameworkServlet.java:914)
	at jakarta.servlet.http.HttpServlet.service(HttpServlet.java:590)
	at org.springframework.web.servlet.FrameworkServlet.service(FrameworkServlet.java:885)
	at jakarta.servlet.http.HttpServlet.service(HttpServlet.java:658)
	at org.apache.catalina.core.ApplicationFilterChain.internalDoFilter(ApplicationFilterChain.java:195)
	at org.apache.catalina.core.ApplicationFilterChain.doFilter(ApplicationFilterChain.java:140)
	at org.apache.tomcat.websocket.server.WsFilter.doFilter(WsFilter.java:51)
	at org.apache.catalina.core.ApplicationFilterChain.internalDoFilter(ApplicationFilterChain.java:164)
	at org.apache.catalina.core.ApplicationFilterChain.doFilter(ApplicationFilterChain.java:140)
	at org.springframework.web.filter.OncePerRequestFilter.doFilter(OncePerRequestFilter.java:110)
	at org.apache.catalina.core.ApplicationFilterChain.internalDoFilter(ApplicationFilterChain.java:164)
	at org.apache.catalina.core.ApplicationFilterChain.doFilter(ApplicationFilterChain.java:140)
	at org.springframework.web.filter.CompositeFilter$VirtualFilterChain.doFilter(CompositeFilter.java:108)
	at org.springframework.web.filter.CompositeFilter$VirtualFilterChain.doFilter(CompositeFilter.java:108)
	at org.springframework.security.web.FilterChainProxy.lambda$doFilterInternal$3(FilterChainProxy.java:231)
	at org.springframework.security.web.ObservationFilterChainDecorator$FilterObservation$SimpleFilterObservation.lambda$wrap$1(ObservationFilterChainDecorator.java:479)
	at org.springframework.security.web.ObservationFilterChainDecorator$AroundFilterObservation$SimpleAroundFilterObservation.lambda$wrap$1(ObservationFilterChainDecorator.java:340)
	at org.springframework.security.web.ObservationFilterChainDecorator.lambda$wrapSecured$0(ObservationFilterChainDecorator.java:82)
	at org.springframework.security.web.ObservationFilterChainDecorator$VirtualFilterChain.doFilter(ObservationFilterChainDecorator.java:128)
	at org.springframework.security.web.access.intercept.AuthorizationFilter.doFilter(AuthorizationFilter.java:101)
	at org.springframework.security.web.ObservationFilterChainDecorator$ObservationFilter.wrapFilter(ObservationFilterChainDecorator.java:240)
	at org.springframework.security.web.ObservationFilterChainDecorator$ObservationFilter.doFilter(ObservationFilterChainDecorator.java:227)
	at org.springframework.security.web.ObservationFilterChainDecorator$VirtualFilterChain.doFilter(ObservationFilterChainDecorator.java:137)
	at org.springframework.security.web.access.ExceptionTranslationFilter.doFilter(ExceptionTranslationFilter.java:125)
	at org.springframework.security.web.access.ExceptionTranslationFilter.doFilter(ExceptionTranslationFilter.java:119)
	at org.springframework.security.web.ObservationFilterChainDecorator$ObservationFilter.wrapFilter(ObservationFilterChainDecorator.java:240)
	at org.springframework.security.web.ObservationFilterChainDecorator$ObservationFilter.doFilter(ObservationFilterChainDecorator.java:227)
	at org.springframework.security.web.ObservationFilterChainDecorator$VirtualFilterChain.doFilter(ObservationFilterChainDecorator.java:137)
	at org.springframework.security.web.session.SessionManagementFilter.doFilter(SessionManagementFilter.java:131)
	at org.springframework.security.web.session.SessionManagementFilter.doFilter(SessionManagementFilter.java:85)
	at org.springframework.security.web.ObservationFilterChainDecorator$ObservationFilter.wrapFilter(ObservationFilterChainDecorator.java:240)
	at org.springframework.security.web.ObservationFilterChainDecorator$ObservationFilter.doFilter(ObservationFilterChainDecorator.java:227)
	at org.springframework.security.web.ObservationFilterChainDecorator$VirtualFilterChain.doFilter(ObservationFilterChainDecorator.java:137)
	at org.springframework.security.web.authentication.AnonymousAuthenticationFilter.doFilter(AnonymousAuthenticationFilter.java:100)
	at org.springframework.security.web.ObservationFilterChainDecorator$ObservationFilter.wrapFilter(ObservationFilterChainDecorator.java:240)
	at org.springframework.security.web.ObservationFilterChainDecorator$ObservationFilter.doFilter(ObservationFilterChainDecorator.java:227)
	at org.springframework.security.web.ObservationFilterChainDecorator$VirtualFilterChain.doFilter(ObservationFilterChainDecorator.java:137)
	at org.springframework.security.web.servletapi.SecurityContextHolderAwareRequestFilter.doFilter(SecurityContextHolderAwareRequestFilter.java:179)
	at org.springframework.security.web.ObservationFilterChainDecorator$ObservationFilter.wrapFilter(ObservationFilterChainDecorator.java:240)
	at org.springframework.security.web.ObservationFilterChainDecorator$ObservationFilter.doFilter(ObservationFilterChainDecorator.java:227)
	at org.springframework.security.web.ObservationFilterChainDecorator$VirtualFilterChain.doFilter(ObservationFilterChainDecorator.java:137)
	at org.springframework.security.web.savedrequest.RequestCacheAwareFilter.doFilter(RequestCacheAwareFilter.java:63)
	at org.springframework.security.web.ObservationFilterChainDecorator$ObservationFilter.wrapFilter(ObservationFilterChainDecorator.java:240)
	at org.springframework.security.web.ObservationFilterChainDecorator$ObservationFilter.doFilter(ObservationFilterChainDecorator.java:227)
	at org.springframework.security.web.ObservationFilterChainDecorator$VirtualFilterChain.doFilter(ObservationFilterChainDecorator.java:137)
	at cl.duoc.pethome_user_service.security.JwtAuthenticationFilter.doFilterInternal(JwtAuthenticationFilter.java:130)
	at org.springframework.web.filter.OncePerRequestFilter.doFilter(OncePerRequestFilter.java:116)
	at org.springframework.security.web.ObservationFilterChainDecorator$ObservationFilter.wrapFilter(ObservationFilterChainDecorator.java:240)
	at org.springframework.security.web.ObservationFilterChainDecorator$ObservationFilter.doFilter(ObservationFilterChainDecorator.java:227)
	at org.springframework.security.web.ObservationFilterChainDecorator$VirtualFilterChain.doFilter(ObservationFilterChainDecorator.java:137)
	at org.springframework.security.web.authentication.logout.LogoutFilter.doFilter(LogoutFilter.java:107)
	at org.springframework.security.web.authentication.logout.LogoutFilter.doFilter(LogoutFilter.java:93)
	at org.springframework.security.web.ObservationFilterChainDecorator$ObservationFilter.wrapFilter(ObservationFilterChainDecorator.java:240)
	at org.springframework.security.web.ObservationFilterChainDecorator$ObservationFilter.doFilter(ObservationFilterChainDecorator.java:227)
	at org.springframework.security.web.ObservationFilterChainDecorator$VirtualFilterChain.doFilter(ObservationFilterChainDecorator.java:137)
	at org.springframework.security.web.header.HeaderWriterFilter.doHeadersAfter(HeaderWriterFilter.java:90)
	at org.springframework.security.web.header.HeaderWriterFilter.doFilterInternal(HeaderWriterFilter.java:75)
	at org.springframework.web.filter.OncePerRequestFilter.doFilter(OncePerRequestFilter.java:116)
	at org.springframework.security.web.ObservationFilterChainDecorator$ObservationFilter.wrapFilter(ObservationFilterChainDecorator.java:240)
	at org.springframework.security.web.ObservationFilterChainDecorator$ObservationFilter.doFilter(ObservationFilterChainDecorator.java:227)
	at org.springframework.security.web.ObservationFilterChainDecorator$VirtualFilterChain.doFilter(ObservationFilterChainDecorator.java:137)
	at org.springframework.security.web.context.SecurityContextHolderFilter.doFilter(SecurityContextHolderFilter.java:82)
	at org.springframework.security.web.context.SecurityContextHolderFilter.doFilter(SecurityContextHolderFilter.java:69)
	at org.springframework.security.web.ObservationFilterChainDecorator$ObservationFilter.wrapFilter(ObservationFilterChainDecorator.java:240)
	at org.springframework.security.web.ObservationFilterChainDecorator$ObservationFilter.doFilter(ObservationFilterChainDecorator.java:227)
	at org.springframework.security.web.ObservationFilterChainDecorator$VirtualFilterChain.doFilter(ObservationFilterChainDecorator.java:137)
	at org.springframework.security.web.context.request.async.WebAsyncManagerIntegrationFilter.doFilterInternal(WebAsyncManagerIntegrationFilter.java:62)
	at org.springframework.web.filter.OncePerRequestFilter.doFilter(OncePerRequestFilter.java:116)
	at org.springframework.security.web.ObservationFilterChainDecorator$ObservationFilter.wrapFilter(ObservationFilterChainDecorator.java:240)
	at org.springframework.security.web.ObservationFilterChainDecorator$ObservationFilter.doFilter(ObservationFilterChainDecorator.java:227)
	at org.springframework.security.web.ObservationFilterChainDecorator$VirtualFilterChain.doFilter(ObservationFilterChainDecorator.java:137)
	at org.springframework.security.web.session.DisableEncodeUrlFilter.doFilterInternal(DisableEncodeUrlFilter.java:42)
	at org.springframework.web.filter.OncePerRequestFilter.doFilter(OncePerRequestFilter.java:116)
	at org.springframework.security.web.ObservationFilterChainDecorator$ObservationFilter.wrapFilter(ObservationFilterChainDecorator.java:240)
	at org.springframework.security.web.ObservationFilterChainDecorator$AroundFilterObservation$SimpleAroundFilterObservation.lambda$wrap$0(ObservationFilterChainDecorator.java:323)
	at org.springframework.security.web.ObservationFilterChainDecorator$ObservationFilter.doFilter(ObservationFilterChainDecorator.java:224)
	at org.springframework.security.web.ObservationFilterChainDecorator$VirtualFilterChain.doFilter(ObservationFilterChainDecorator.java:137)
	at org.springframework.security.web.FilterChainProxy.doFilterInternal(FilterChainProxy.java:233)
	at org.springframework.security.web.FilterChainProxy.doFilter(FilterChainProxy.java:191)
	at org.springframework.web.filter.CompositeFilter$VirtualFilterChain.doFilter(CompositeFilter.java:113)
	at org.springframework.web.filter.ServletRequestPathFilter.doFilter(ServletRequestPathFilter.java:52)
	at org.springframework.web.filter.CompositeFilter$VirtualFilterChain.doFilter(CompositeFilter.java:113)
	at org.springframework.web.filter.CompositeFilter.doFilter(CompositeFilter.java:74)
	at org.springframework.security.config.annotation.web.configuration.WebSecurityConfiguration$CompositeFilterChainProxy.doFilter(WebSecurityConfiguration.java:319)
	at org.springframework.web.filter.CompositeFilter$VirtualFilterChain.doFilter(CompositeFilter.java:113)
	at org.springframework.web.servlet.handler.HandlerMappingIntrospector.lambda$createCacheFilter$4(HandlerMappingIntrospector.java:267)
	at org.springframework.web.filter.CompositeFilter$VirtualFilterChain.doFilter(CompositeFilter.java:113)
	at org.springframework.web.filter.CompositeFilter.doFilter(CompositeFilter.java:74)
	at org.springframework.security.config.annotation.web.configuration.WebMvcSecurityConfiguration$CompositeFilterChainProxy.doFilter(WebMvcSecurityConfiguration.java:240)
	at org.springframework.web.filter.DelegatingFilterProxy.invokeDelegate(DelegatingFilterProxy.java:362)
	at org.springframework.web.filter.DelegatingFilterProxy.doFilter(DelegatingFilterProxy.java:278)
	at org.apache.catalina.core.ApplicationFilterChain.internalDoFilter(ApplicationFilterChain.java:164)
	at org.apache.catalina.core.ApplicationFilterChain.doFilter(ApplicationFilterChain.java:140)
	at org.springframework.web.filter.RequestContextFilter.doFilterInternal(RequestContextFilter.java:100)
	at org.springframework.web.filter.OncePerRequestFilter.doFilter(OncePerRequestFilter.java:116)
	at org.apache.catalina.core.ApplicationFilterChain.internalDoFilter(ApplicationFilterChain.java:164)
	at org.apache.catalina.core.ApplicationFilterChain.doFilter(ApplicationFilterChain.java:140)
	at org.springframework.web.filter.FormContentFilter.doFilterInternal(FormContentFilter.java:93)
	at org.springframework.web.filter.OncePerRequestFilter.doFilter(OncePerRequestFilter.java:116)
	at org.apache.catalina.core.ApplicationFilterChain.internalDoFilter(ApplicationFilterChain.java:164)
	at org.apache.catalina.core.ApplicationFilterChain.doFilter(ApplicationFilterChain.java:140)
	at org.springframework.web.filter.ServerHttpObservationFilter.doFilterInternal(ServerHttpObservationFilter.java:110)
	at org.springframework.web.filter.OncePerRequestFilter.doFilter(OncePerRequestFilter.java:116)
	at org.apache.catalina.core.ApplicationFilterChain.internalDoFilter(ApplicationFilterChain.java:164)
	at org.apache.catalina.core.ApplicationFilterChain.doFilter(ApplicationFilterChain.java:140)
	at org.springframework.web.filter.CharacterEncodingFilter.doFilterInternal(CharacterEncodingFilter.java:201)
	at org.springframework.web.filter.OncePerRequestFilter.doFilter(OncePerRequestFilter.java:116)
	at org.apache.catalina.core.ApplicationFilterChain.internalDoFilter(ApplicationFilterChain.java:164)
	at org.apache.catalina.core.ApplicationFilterChain.doFilter(ApplicationFilterChain.java:140)
	at org.apache.catalina.core.StandardWrapperValve.invoke(StandardWrapperValve.java:167)
	at org.apache.catalina.core.StandardContextValve.invoke(StandardContextValve.java:90)
	at org.apache.catalina.authenticator.AuthenticatorBase.invoke(AuthenticatorBase.java:483)
	at org.apache.catalina.core.StandardHostValve.invoke(StandardHostValve.java:116)
	at org.apache.catalina.valves.ErrorReportValve.invoke(ErrorReportValve.java:93)
	at org.apache.catalina.core.StandardEngineValve.invoke(StandardEngineValve.java:74)
	at org.apache.catalina.connector.CoyoteAdapter.service(CoyoteAdapter.java:344)
	at org.apache.coyote.http11.Http11Processor.service(Http11Processor.java:398)
	at org.apache.coyote.AbstractProcessorLight.process(AbstractProcessorLight.java:63)
	at org.apache.coyote.AbstractProtocol$ConnectionHandler.process(AbstractProtocol.java:903)
	at org.apache.tomcat.util.net.NioEndpoint$SocketProcessor.doRun(NioEndpoint.java:1769)
	at org.apache.tomcat.util.net.SocketProcessorBase.run(SocketProcessorBase.java:52)
	at org.apache.tomcat.util.threads.ThreadPoolExecutor.runWorker(ThreadPoolExecutor.java:1189)
	at org.apache.tomcat.util.threads.ThreadPoolExecutor$Worker.run(ThreadPoolExecutor.java:658)
	at org.apache.tomcat.util.threads.TaskThread$WrappingRunnable.run(TaskThread.java:63)
	at java.base/java.lang.Thread.run(Thread.java:1474)
2025-11-17 20:02:37 - No JWT token found in request headers
2025-11-17 20:02:37 - Registration attempt for email: ricardo.morales@pethome.cl
2025-11-17 20:02:37 - Registration attempt for email: ricardo.morales@pethome.cl
2025-11-17 20:02:37 - Checking if email exists: ricardo.morales@pethome.cl
2025-11-17 20:02:37 - 
    select
        u1_0.id 
    from
        users u1_0 
    where
        u1_0.email=? 
    fetch
        first ? rows only
Hibernate: 
    select
        u1_0.id 
    from
        users u1_0 
    where
        u1_0.email=? 
    fetch
        first ? rows only
2025-11-17 20:02:37 - Email ricardo.morales@pethome.cl exists: true
2025-11-17 20:02:37 - Email already exists: ricardo.morales@pethome.cl
2025-11-17 20:02:37 - Registration failed for email: ricardo.morales@pethome.cl
java.lang.RuntimeException: Email already exists: ricardo.morales@pethome.cl
	at cl.duoc.pethome_user_service.service.impl.AuthServiceImpl.register(AuthServiceImpl.java:119)
	at java.base/jdk.internal.reflect.DirectMethodHandleAccessor.invoke(DirectMethodHandleAccessor.java:104)
	at java.base/java.lang.reflect.Method.invoke(Method.java:565)
	at org.springframework.aop.support.AopUtils.invokeJoinpointUsingReflection(AopUtils.java:360)
	at org.springframework.aop.framework.ReflectiveMethodInvocation.invokeJoinpoint(ReflectiveMethodInvocation.java:196)
	at org.springframework.aop.framework.ReflectiveMethodInvocation.proceed(ReflectiveMethodInvocation.java:163)
	at org.springframework.transaction.interceptor.TransactionAspectSupport.invokeWithinTransaction(TransactionAspectSupport.java:380)
	at org.springframework.transaction.interceptor.TransactionInterceptor.invoke(TransactionInterceptor.java:119)
	at org.springframework.aop.framework.ReflectiveMethodInvocation.proceed(ReflectiveMethodInvocation.java:184)
	at org.springframework.aop.framework.CglibAopProxy$DynamicAdvisedInterceptor.intercept(CglibAopProxy.java:728)
	at cl.duoc.pethome_user_service.service.impl.AuthServiceImpl$$SpringCGLIB$$0.register(<generated>)
	at cl.duoc.pethome_user_service.controller.AuthController.register(AuthController.java:72)
	at java.base/jdk.internal.reflect.DirectMethodHandleAccessor.invoke(DirectMethodHandleAccessor.java:104)
	at java.base/java.lang.reflect.Method.invoke(Method.java:565)
	at org.springframework.web.method.support.InvocableHandlerMethod.doInvoke(InvocableHandlerMethod.java:258)
	at org.springframework.web.method.support.InvocableHandlerMethod.invokeForRequest(InvocableHandlerMethod.java:191)
	at org.springframework.web.servlet.mvc.method.annotation.ServletInvocableHandlerMethod.invokeAndHandle(ServletInvocableHandlerMethod.java:118)
	at org.springframework.web.servlet.mvc.method.annotation.RequestMappingHandlerAdapter.invokeHandlerMethod(RequestMappingHandlerAdapter.java:991)
	at org.springframework.web.servlet.mvc.method.annotation.RequestMappingHandlerAdapter.handleInternal(RequestMappingHandlerAdapter.java:896)
	at org.springframework.web.servlet.mvc.method.AbstractHandlerMethodAdapter.handle(AbstractHandlerMethodAdapter.java:87)
	at org.springframework.web.servlet.DispatcherServlet.doDispatch(DispatcherServlet.java:1089)
	at org.springframework.web.servlet.DispatcherServlet.doService(DispatcherServlet.java:979)
	at org.springframework.web.servlet.FrameworkServlet.processRequest(FrameworkServlet.java:1014)
	at org.springframework.web.servlet.FrameworkServlet.doPost(FrameworkServlet.java:914)
	at jakarta.servlet.http.HttpServlet.service(HttpServlet.java:590)
	at org.springframework.web.servlet.FrameworkServlet.service(FrameworkServlet.java:885)
	at jakarta.servlet.http.HttpServlet.service(HttpServlet.java:658)
	at org.apache.catalina.core.ApplicationFilterChain.internalDoFilter(ApplicationFilterChain.java:195)
	at org.apache.catalina.core.ApplicationFilterChain.doFilter(ApplicationFilterChain.java:140)
	at org.apache.tomcat.websocket.server.WsFilter.doFilter(WsFilter.java:51)
	at org.apache.catalina.core.ApplicationFilterChain.internalDoFilter(ApplicationFilterChain.java:164)
	at org.apache.catalina.core.ApplicationFilterChain.doFilter(ApplicationFilterChain.java:140)
	at org.springframework.web.filter.OncePerRequestFilter.doFilter(OncePerRequestFilter.java:110)
	at org.apache.catalina.core.ApplicationFilterChain.internalDoFilter(ApplicationFilterChain.java:164)
	at org.apache.catalina.core.ApplicationFilterChain.doFilter(ApplicationFilterChain.java:140)
	at org.springframework.web.filter.CompositeFilter$VirtualFilterChain.doFilter(CompositeFilter.java:108)
	at org.springframework.web.filter.CompositeFilter$VirtualFilterChain.doFilter(CompositeFilter.java:108)
	at org.springframework.security.web.FilterChainProxy.lambda$doFilterInternal$3(FilterChainProxy.java:231)
	at org.springframework.security.web.ObservationFilterChainDecorator$FilterObservation$SimpleFilterObservation.lambda$wrap$1(ObservationFilterChainDecorator.java:479)
	at org.springframework.security.web.ObservationFilterChainDecorator$AroundFilterObservation$SimpleAroundFilterObservation.lambda$wrap$1(ObservationFilterChainDecorator.java:340)
	at org.springframework.security.web.ObservationFilterChainDecorator.lambda$wrapSecured$0(ObservationFilterChainDecorator.java:82)
	at org.springframework.security.web.ObservationFilterChainDecorator$VirtualFilterChain.doFilter(ObservationFilterChainDecorator.java:128)
	at org.springframework.security.web.access.intercept.AuthorizationFilter.doFilter(AuthorizationFilter.java:101)
	at org.springframework.security.web.ObservationFilterChainDecorator$ObservationFilter.wrapFilter(ObservationFilterChainDecorator.java:240)
	at org.springframework.security.web.ObservationFilterChainDecorator$ObservationFilter.doFilter(ObservationFilterChainDecorator.java:227)
	at org.springframework.security.web.ObservationFilterChainDecorator$VirtualFilterChain.doFilter(ObservationFilterChainDecorator.java:137)
	at org.springframework.security.web.access.ExceptionTranslationFilter.doFilter(ExceptionTranslationFilter.java:125)
	at org.springframework.security.web.access.ExceptionTranslationFilter.doFilter(ExceptionTranslationFilter.java:119)
	at org.springframework.security.web.ObservationFilterChainDecorator$ObservationFilter.wrapFilter(ObservationFilterChainDecorator.java:240)
	at org.springframework.security.web.ObservationFilterChainDecorator$ObservationFilter.doFilter(ObservationFilterChainDecorator.java:227)
	at org.springframework.security.web.ObservationFilterChainDecorator$VirtualFilterChain.doFilter(ObservationFilterChainDecorator.java:137)
	at org.springframework.security.web.session.SessionManagementFilter.doFilter(SessionManagementFilter.java:131)
	at org.springframework.security.web.session.SessionManagementFilter.doFilter(SessionManagementFilter.java:85)
	at org.springframework.security.web.ObservationFilterChainDecorator$ObservationFilter.wrapFilter(ObservationFilterChainDecorator.java:240)
	at org.springframework.security.web.ObservationFilterChainDecorator$ObservationFilter.doFilter(ObservationFilterChainDecorator.java:227)
	at org.springframework.security.web.ObservationFilterChainDecorator$VirtualFilterChain.doFilter(ObservationFilterChainDecorator.java:137)
	at org.springframework.security.web.authentication.AnonymousAuthenticationFilter.doFilter(AnonymousAuthenticationFilter.java:100)
	at org.springframework.security.web.ObservationFilterChainDecorator$ObservationFilter.wrapFilter(ObservationFilterChainDecorator.java:240)
	at org.springframework.security.web.ObservationFilterChainDecorator$ObservationFilter.doFilter(ObservationFilterChainDecorator.java:227)
	at org.springframework.security.web.ObservationFilterChainDecorator$VirtualFilterChain.doFilter(ObservationFilterChainDecorator.java:137)
	at org.springframework.security.web.servletapi.SecurityContextHolderAwareRequestFilter.doFilter(SecurityContextHolderAwareRequestFilter.java:179)
	at org.springframework.security.web.ObservationFilterChainDecorator$ObservationFilter.wrapFilter(ObservationFilterChainDecorator.java:240)
	at org.springframework.security.web.ObservationFilterChainDecorator$ObservationFilter.doFilter(ObservationFilterChainDecorator.java:227)
	at org.springframework.security.web.ObservationFilterChainDecorator$VirtualFilterChain.doFilter(ObservationFilterChainDecorator.java:137)
	at org.springframework.security.web.savedrequest.RequestCacheAwareFilter.doFilter(RequestCacheAwareFilter.java:63)
	at org.springframework.security.web.ObservationFilterChainDecorator$ObservationFilter.wrapFilter(ObservationFilterChainDecorator.java:240)
	at org.springframework.security.web.ObservationFilterChainDecorator$ObservationFilter.doFilter(ObservationFilterChainDecorator.java:227)
	at org.springframework.security.web.ObservationFilterChainDecorator$VirtualFilterChain.doFilter(ObservationFilterChainDecorator.java:137)
	at cl.duoc.pethome_user_service.security.JwtAuthenticationFilter.doFilterInternal(JwtAuthenticationFilter.java:130)
	at org.springframework.web.filter.OncePerRequestFilter.doFilter(OncePerRequestFilter.java:116)
	at org.springframework.security.web.ObservationFilterChainDecorator$ObservationFilter.wrapFilter(ObservationFilterChainDecorator.java:240)
	at org.springframework.security.web.ObservationFilterChainDecorator$ObservationFilter.doFilter(ObservationFilterChainDecorator.java:227)
	at org.springframework.security.web.ObservationFilterChainDecorator$VirtualFilterChain.doFilter(ObservationFilterChainDecorator.java:137)
	at org.springframework.security.web.authentication.logout.LogoutFilter.doFilter(LogoutFilter.java:107)
	at org.springframework.security.web.authentication.logout.LogoutFilter.doFilter(LogoutFilter.java:93)
	at org.springframework.security.web.ObservationFilterChainDecorator$ObservationFilter.wrapFilter(ObservationFilterChainDecorator.java:240)
	at org.springframework.security.web.ObservationFilterChainDecorator$ObservationFilter.doFilter(ObservationFilterChainDecorator.java:227)
	at org.springframework.security.web.ObservationFilterChainDecorator$VirtualFilterChain.doFilter(ObservationFilterChainDecorator.java:137)
	at org.springframework.security.web.header.HeaderWriterFilter.doHeadersAfter(HeaderWriterFilter.java:90)
	at org.springframework.security.web.header.HeaderWriterFilter.doFilterInternal(HeaderWriterFilter.java:75)
	at org.springframework.web.filter.OncePerRequestFilter.doFilter(OncePerRequestFilter.java:116)
	at org.springframework.security.web.ObservationFilterChainDecorator$ObservationFilter.wrapFilter(ObservationFilterChainDecorator.java:240)
	at org.springframework.security.web.ObservationFilterChainDecorator$ObservationFilter.doFilter(ObservationFilterChainDecorator.java:227)
	at org.springframework.security.web.ObservationFilterChainDecorator$VirtualFilterChain.doFilter(ObservationFilterChainDecorator.java:137)
	at org.springframework.security.web.context.SecurityContextHolderFilter.doFilter(SecurityContextHolderFilter.java:82)
	at org.springframework.security.web.context.SecurityContextHolderFilter.doFilter(SecurityContextHolderFilter.java:69)
	at org.springframework.security.web.ObservationFilterChainDecorator$ObservationFilter.wrapFilter(ObservationFilterChainDecorator.java:240)
	at org.springframework.security.web.ObservationFilterChainDecorator$ObservationFilter.doFilter(ObservationFilterChainDecorator.java:227)
	at org.springframework.security.web.ObservationFilterChainDecorator$VirtualFilterChain.doFilter(ObservationFilterChainDecorator.java:137)
	at org.springframework.security.web.context.request.async.WebAsyncManagerIntegrationFilter.doFilterInternal(WebAsyncManagerIntegrationFilter.java:62)
	at org.springframework.web.filter.OncePerRequestFilter.doFilter(OncePerRequestFilter.java:116)
	at org.springframework.security.web.ObservationFilterChainDecorator$ObservationFilter.wrapFilter(ObservationFilterChainDecorator.java:240)
	at org.springframework.security.web.ObservationFilterChainDecorator$ObservationFilter.doFilter(ObservationFilterChainDecorator.java:227)
	at org.springframework.security.web.ObservationFilterChainDecorator$VirtualFilterChain.doFilter(ObservationFilterChainDecorator.java:137)
	at org.springframework.security.web.session.DisableEncodeUrlFilter.doFilterInternal(DisableEncodeUrlFilter.java:42)
	at org.springframework.web.filter.OncePerRequestFilter.doFilter(OncePerRequestFilter.java:116)
	at org.springframework.security.web.ObservationFilterChainDecorator$ObservationFilter.wrapFilter(ObservationFilterChainDecorator.java:240)
	at org.springframework.security.web.ObservationFilterChainDecorator$AroundFilterObservation$SimpleAroundFilterObservation.lambda$wrap$0(ObservationFilterChainDecorator.java:323)
	at org.springframework.security.web.ObservationFilterChainDecorator$ObservationFilter.doFilter(ObservationFilterChainDecorator.java:224)
	at org.springframework.security.web.ObservationFilterChainDecorator$VirtualFilterChain.doFilter(ObservationFilterChainDecorator.java:137)
	at org.springframework.security.web.FilterChainProxy.doFilterInternal(FilterChainProxy.java:233)
	at org.springframework.security.web.FilterChainProxy.doFilter(FilterChainProxy.java:191)
	at org.springframework.web.filter.CompositeFilter$VirtualFilterChain.doFilter(CompositeFilter.java:113)
	at org.springframework.web.filter.ServletRequestPathFilter.doFilter(ServletRequestPathFilter.java:52)
	at org.springframework.web.filter.CompositeFilter$VirtualFilterChain.doFilter(CompositeFilter.java:113)
	at org.springframework.web.filter.CompositeFilter.doFilter(CompositeFilter.java:74)
	at org.springframework.security.config.annotation.web.configuration.WebSecurityConfiguration$CompositeFilterChainProxy.doFilter(WebSecurityConfiguration.java:319)
	at org.springframework.web.filter.CompositeFilter$VirtualFilterChain.doFilter(CompositeFilter.java:113)
	at org.springframework.web.servlet.handler.HandlerMappingIntrospector.lambda$createCacheFilter$4(HandlerMappingIntrospector.java:267)
	at org.springframework.web.filter.CompositeFilter$VirtualFilterChain.doFilter(CompositeFilter.java:113)
	at org.springframework.web.filter.CompositeFilter.doFilter(CompositeFilter.java:74)
	at org.springframework.security.config.annotation.web.configuration.WebMvcSecurityConfiguration$CompositeFilterChainProxy.doFilter(WebMvcSecurityConfiguration.java:240)
	at org.springframework.web.filter.DelegatingFilterProxy.invokeDelegate(DelegatingFilterProxy.java:362)
	at org.springframework.web.filter.DelegatingFilterProxy.doFilter(DelegatingFilterProxy.java:278)
	at org.apache.catalina.core.ApplicationFilterChain.internalDoFilter(ApplicationFilterChain.java:164)
	at org.apache.catalina.core.ApplicationFilterChain.doFilter(ApplicationFilterChain.java:140)
	at org.springframework.web.filter.RequestContextFilter.doFilterInternal(RequestContextFilter.java:100)
	at org.springframework.web.filter.OncePerRequestFilter.doFilter(OncePerRequestFilter.java:116)
	at org.apache.catalina.core.ApplicationFilterChain.internalDoFilter(ApplicationFilterChain.java:164)
	at org.apache.catalina.core.ApplicationFilterChain.doFilter(ApplicationFilterChain.java:140)
	at org.springframework.web.filter.FormContentFilter.doFilterInternal(FormContentFilter.java:93)
	at org.springframework.web.filter.OncePerRequestFilter.doFilter(OncePerRequestFilter.java:116)
	at org.apache.catalina.core.ApplicationFilterChain.internalDoFilter(ApplicationFilterChain.java:164)
	at org.apache.catalina.core.ApplicationFilterChain.doFilter(ApplicationFilterChain.java:140)
	at org.springframework.web.filter.ServerHttpObservationFilter.doFilterInternal(ServerHttpObservationFilter.java:110)
	at org.springframework.web.filter.OncePerRequestFilter.doFilter(OncePerRequestFilter.java:116)
	at org.apache.catalina.core.ApplicationFilterChain.internalDoFilter(ApplicationFilterChain.java:164)
	at org.apache.catalina.core.ApplicationFilterChain.doFilter(ApplicationFilterChain.java:140)
	at org.springframework.web.filter.CharacterEncodingFilter.doFilterInternal(CharacterEncodingFilter.java:201)
	at org.springframework.web.filter.OncePerRequestFilter.doFilter(OncePerRequestFilter.java:116)
	at org.apache.catalina.core.ApplicationFilterChain.internalDoFilter(ApplicationFilterChain.java:164)
	at org.apache.catalina.core.ApplicationFilterChain.doFilter(ApplicationFilterChain.java:140)
	at org.apache.catalina.core.StandardWrapperValve.invoke(StandardWrapperValve.java:167)
	at org.apache.catalina.core.StandardContextValve.invoke(StandardContextValve.java:90)
	at org.apache.catalina.authenticator.AuthenticatorBase.invoke(AuthenticatorBase.java:483)
	at org.apache.catalina.core.StandardHostValve.invoke(StandardHostValve.java:116)
	at org.apache.catalina.valves.ErrorReportValve.invoke(ErrorReportValve.java:93)
	at org.apache.catalina.core.StandardEngineValve.invoke(StandardEngineValve.java:74)
	at org.apache.catalina.connector.CoyoteAdapter.service(CoyoteAdapter.java:344)
	at org.apache.coyote.http11.Http11Processor.service(Http11Processor.java:398)
	at org.apache.coyote.AbstractProcessorLight.process(AbstractProcessorLight.java:63)
	at org.apache.coyote.AbstractProtocol$ConnectionHandler.process(AbstractProtocol.java:903)
	at org.apache.tomcat.util.net.NioEndpoint$SocketProcessor.doRun(NioEndpoint.java:1769)
	at org.apache.tomcat.util.net.SocketProcessorBase.run(SocketProcessorBase.java:52)
	at org.apache.tomcat.util.threads.ThreadPoolExecutor.runWorker(ThreadPoolExecutor.java:1189)
	at org.apache.tomcat.util.threads.ThreadPoolExecutor$Worker.run(ThreadPoolExecutor.java:658)
	at org.apache.tomcat.util.threads.TaskThread$WrappingRunnable.run(TaskThread.java:63)
	at java.base/java.lang.Thread.run(Thread.java:1474)
2025-11-17 20:02:37 - Error de ejecución: Email already exists: ricardo.morales@pethome.cl
java.lang.RuntimeException: Email already exists: ricardo.morales@pethome.cl
	at cl.duoc.pethome_user_service.service.impl.AuthServiceImpl.register(AuthServiceImpl.java:119)
	at java.base/jdk.internal.reflect.DirectMethodHandleAccessor.invoke(DirectMethodHandleAccessor.java:104)
	at java.base/java.lang.reflect.Method.invoke(Method.java:565)
	at org.springframework.aop.support.AopUtils.invokeJoinpointUsingReflection(AopUtils.java:360)
	at org.springframework.aop.framework.ReflectiveMethodInvocation.invokeJoinpoint(ReflectiveMethodInvocation.java:196)
	at org.springframework.aop.framework.ReflectiveMethodInvocation.proceed(ReflectiveMethodInvocation.java:163)
	at org.springframework.transaction.interceptor.TransactionAspectSupport.invokeWithinTransaction(TransactionAspectSupport.java:380)
	at org.springframework.transaction.interceptor.TransactionInterceptor.invoke(TransactionInterceptor.java:119)
	at org.springframework.aop.framework.ReflectiveMethodInvocation.proceed(ReflectiveMethodInvocation.java:184)
	at org.springframework.aop.framework.CglibAopProxy$DynamicAdvisedInterceptor.intercept(CglibAopProxy.java:728)
	at cl.duoc.pethome_user_service.service.impl.AuthServiceImpl$$SpringCGLIB$$0.register(<generated>)
	at cl.duoc.pethome_user_service.controller.AuthController.register(AuthController.java:72)
	at java.base/jdk.internal.reflect.DirectMethodHandleAccessor.invoke(DirectMethodHandleAccessor.java:104)
	at java.base/java.lang.reflect.Method.invoke(Method.java:565)
	at org.springframework.web.method.support.InvocableHandlerMethod.doInvoke(InvocableHandlerMethod.java:258)
	at org.springframework.web.method.support.InvocableHandlerMethod.invokeForRequest(InvocableHandlerMethod.java:191)
	at org.springframework.web.servlet.mvc.method.annotation.ServletInvocableHandlerMethod.invokeAndHandle(ServletInvocableHandlerMethod.java:118)
	at org.springframework.web.servlet.mvc.method.annotation.RequestMappingHandlerAdapter.invokeHandlerMethod(RequestMappingHandlerAdapter.java:991)
	at org.springframework.web.servlet.mvc.method.annotation.RequestMappingHandlerAdapter.handleInternal(RequestMappingHandlerAdapter.java:896)
	at org.springframework.web.servlet.mvc.method.AbstractHandlerMethodAdapter.handle(AbstractHandlerMethodAdapter.java:87)
	at org.springframework.web.servlet.DispatcherServlet.doDispatch(DispatcherServlet.java:1089)
	at org.springframework.web.servlet.DispatcherServlet.doService(DispatcherServlet.java:979)
	at org.springframework.web.servlet.FrameworkServlet.processRequest(FrameworkServlet.java:1014)
	at org.springframework.web.servlet.FrameworkServlet.doPost(FrameworkServlet.java:914)
	at jakarta.servlet.http.HttpServlet.service(HttpServlet.java:590)
	at org.springframework.web.servlet.FrameworkServlet.service(FrameworkServlet.java:885)
	at jakarta.servlet.http.HttpServlet.service(HttpServlet.java:658)
	at org.apache.catalina.core.ApplicationFilterChain.internalDoFilter(ApplicationFilterChain.java:195)
	at org.apache.catalina.core.ApplicationFilterChain.doFilter(ApplicationFilterChain.java:140)
	at org.apache.tomcat.websocket.server.WsFilter.doFilter(WsFilter.java:51)
	at org.apache.catalina.core.ApplicationFilterChain.internalDoFilter(ApplicationFilterChain.java:164)
	at org.apache.catalina.core.ApplicationFilterChain.doFilter(ApplicationFilterChain.java:140)
	at org.springframework.web.filter.OncePerRequestFilter.doFilter(OncePerRequestFilter.java:110)
	at org.apache.catalina.core.ApplicationFilterChain.internalDoFilter(ApplicationFilterChain.java:164)
	at org.apache.catalina.core.ApplicationFilterChain.doFilter(ApplicationFilterChain.java:140)
	at org.springframework.web.filter.CompositeFilter$VirtualFilterChain.doFilter(CompositeFilter.java:108)
	at org.springframework.web.filter.CompositeFilter$VirtualFilterChain.doFilter(CompositeFilter.java:108)
	at org.springframework.security.web.FilterChainProxy.lambda$doFilterInternal$3(FilterChainProxy.java:231)
	at org.springframework.security.web.ObservationFilterChainDecorator$FilterObservation$SimpleFilterObservation.lambda$wrap$1(ObservationFilterChainDecorator.java:479)
	at org.springframework.security.web.ObservationFilterChainDecorator$AroundFilterObservation$SimpleAroundFilterObservation.lambda$wrap$1(ObservationFilterChainDecorator.java:340)
	at org.springframework.security.web.ObservationFilterChainDecorator.lambda$wrapSecured$0(ObservationFilterChainDecorator.java:82)
	at org.springframework.security.web.ObservationFilterChainDecorator$VirtualFilterChain.doFilter(ObservationFilterChainDecorator.java:128)
	at org.springframework.security.web.access.intercept.AuthorizationFilter.doFilter(AuthorizationFilter.java:101)
	at org.springframework.security.web.ObservationFilterChainDecorator$ObservationFilter.wrapFilter(ObservationFilterChainDecorator.java:240)
	at org.springframework.security.web.ObservationFilterChainDecorator$ObservationFilter.doFilter(ObservationFilterChainDecorator.java:227)
	at org.springframework.security.web.ObservationFilterChainDecorator$VirtualFilterChain.doFilter(ObservationFilterChainDecorator.java:137)
	at org.springframework.security.web.access.ExceptionTranslationFilter.doFilter(ExceptionTranslationFilter.java:125)
	at org.springframework.security.web.access.ExceptionTranslationFilter.doFilter(ExceptionTranslationFilter.java:119)
	at org.springframework.security.web.ObservationFilterChainDecorator$ObservationFilter.wrapFilter(ObservationFilterChainDecorator.java:240)
	at org.springframework.security.web.ObservationFilterChainDecorator$ObservationFilter.doFilter(ObservationFilterChainDecorator.java:227)
	at org.springframework.security.web.ObservationFilterChainDecorator$VirtualFilterChain.doFilter(ObservationFilterChainDecorator.java:137)
	at org.springframework.security.web.session.SessionManagementFilter.doFilter(SessionManagementFilter.java:131)
	at org.springframework.security.web.session.SessionManagementFilter.doFilter(SessionManagementFilter.java:85)
	at org.springframework.security.web.ObservationFilterChainDecorator$ObservationFilter.wrapFilter(ObservationFilterChainDecorator.java:240)
	at org.springframework.security.web.ObservationFilterChainDecorator$ObservationFilter.doFilter(ObservationFilterChainDecorator.java:227)
	at org.springframework.security.web.ObservationFilterChainDecorator$VirtualFilterChain.doFilter(ObservationFilterChainDecorator.java:137)
	at org.springframework.security.web.authentication.AnonymousAuthenticationFilter.doFilter(AnonymousAuthenticationFilter.java:100)
	at org.springframework.security.web.ObservationFilterChainDecorator$ObservationFilter.wrapFilter(ObservationFilterChainDecorator.java:240)
	at org.springframework.security.web.ObservationFilterChainDecorator$ObservationFilter.doFilter(ObservationFilterChainDecorator.java:227)
	at org.springframework.security.web.ObservationFilterChainDecorator$VirtualFilterChain.doFilter(ObservationFilterChainDecorator.java:137)
	at org.springframework.security.web.servletapi.SecurityContextHolderAwareRequestFilter.doFilter(SecurityContextHolderAwareRequestFilter.java:179)
	at org.springframework.security.web.ObservationFilterChainDecorator$ObservationFilter.wrapFilter(ObservationFilterChainDecorator.java:240)
	at org.springframework.security.web.ObservationFilterChainDecorator$ObservationFilter.doFilter(ObservationFilterChainDecorator.java:227)
	at org.springframework.security.web.ObservationFilterChainDecorator$VirtualFilterChain.doFilter(ObservationFilterChainDecorator.java:137)
	at org.springframework.security.web.savedrequest.RequestCacheAwareFilter.doFilter(RequestCacheAwareFilter.java:63)
	at org.springframework.security.web.ObservationFilterChainDecorator$ObservationFilter.wrapFilter(ObservationFilterChainDecorator.java:240)
	at org.springframework.security.web.ObservationFilterChainDecorator$ObservationFilter.doFilter(ObservationFilterChainDecorator.java:227)
	at org.springframework.security.web.ObservationFilterChainDecorator$VirtualFilterChain.doFilter(ObservationFilterChainDecorator.java:137)
	at cl.duoc.pethome_user_service.security.JwtAuthenticationFilter.doFilterInternal(JwtAuthenticationFilter.java:130)
	at org.springframework.web.filter.OncePerRequestFilter.doFilter(OncePerRequestFilter.java:116)
	at org.springframework.security.web.ObservationFilterChainDecorator$ObservationFilter.wrapFilter(ObservationFilterChainDecorator.java:240)
	at org.springframework.security.web.ObservationFilterChainDecorator$ObservationFilter.doFilter(ObservationFilterChainDecorator.java:227)
	at org.springframework.security.web.ObservationFilterChainDecorator$VirtualFilterChain.doFilter(ObservationFilterChainDecorator.java:137)
	at org.springframework.security.web.authentication.logout.LogoutFilter.doFilter(LogoutFilter.java:107)
	at org.springframework.security.web.authentication.logout.LogoutFilter.doFilter(LogoutFilter.java:93)
	at org.springframework.security.web.ObservationFilterChainDecorator$ObservationFilter.wrapFilter(ObservationFilterChainDecorator.java:240)
	at org.springframework.security.web.ObservationFilterChainDecorator$ObservationFilter.doFilter(ObservationFilterChainDecorator.java:227)
	at org.springframework.security.web.ObservationFilterChainDecorator$VirtualFilterChain.doFilter(ObservationFilterChainDecorator.java:137)
	at org.springframework.security.web.header.HeaderWriterFilter.doHeadersAfter(HeaderWriterFilter.java:90)
	at org.springframework.security.web.header.HeaderWriterFilter.doFilterInternal(HeaderWriterFilter.java:75)
	at org.springframework.web.filter.OncePerRequestFilter.doFilter(OncePerRequestFilter.java:116)
	at org.springframework.security.web.ObservationFilterChainDecorator$ObservationFilter.wrapFilter(ObservationFilterChainDecorator.java:240)
	at org.springframework.security.web.ObservationFilterChainDecorator$ObservationFilter.doFilter(ObservationFilterChainDecorator.java:227)
	at org.springframework.security.web.ObservationFilterChainDecorator$VirtualFilterChain.doFilter(ObservationFilterChainDecorator.java:137)
	at org.springframework.security.web.context.SecurityContextHolderFilter.doFilter(SecurityContextHolderFilter.java:82)
	at org.springframework.security.web.context.SecurityContextHolderFilter.doFilter(SecurityContextHolderFilter.java:69)
	at org.springframework.security.web.ObservationFilterChainDecorator$ObservationFilter.wrapFilter(ObservationFilterChainDecorator.java:240)
	at org.springframework.security.web.ObservationFilterChainDecorator$ObservationFilter.doFilter(ObservationFilterChainDecorator.java:227)
	at org.springframework.security.web.ObservationFilterChainDecorator$VirtualFilterChain.doFilter(ObservationFilterChainDecorator.java:137)
	at org.springframework.security.web.context.request.async.WebAsyncManagerIntegrationFilter.doFilterInternal(WebAsyncManagerIntegrationFilter.java:62)
	at org.springframework.web.filter.OncePerRequestFilter.doFilter(OncePerRequestFilter.java:116)
	at org.springframework.security.web.ObservationFilterChainDecorator$ObservationFilter.wrapFilter(ObservationFilterChainDecorator.java:240)
	at org.springframework.security.web.ObservationFilterChainDecorator$ObservationFilter.doFilter(ObservationFilterChainDecorator.java:227)
	at org.springframework.security.web.ObservationFilterChainDecorator$VirtualFilterChain.doFilter(ObservationFilterChainDecorator.java:137)
	at org.springframework.security.web.session.DisableEncodeUrlFilter.doFilterInternal(DisableEncodeUrlFilter.java:42)
	at org.springframework.web.filter.OncePerRequestFilter.doFilter(OncePerRequestFilter.java:116)
	at org.springframework.security.web.ObservationFilterChainDecorator$ObservationFilter.wrapFilter(ObservationFilterChainDecorator.java:240)
	at org.springframework.security.web.ObservationFilterChainDecorator$AroundFilterObservation$SimpleAroundFilterObservation.lambda$wrap$0(ObservationFilterChainDecorator.java:323)
	at org.springframework.security.web.ObservationFilterChainDecorator$ObservationFilter.doFilter(ObservationFilterChainDecorator.java:224)
	at org.springframework.security.web.ObservationFilterChainDecorator$VirtualFilterChain.doFilter(ObservationFilterChainDecorator.java:137)
	at org.springframework.security.web.FilterChainProxy.doFilterInternal(FilterChainProxy.java:233)
	at org.springframework.security.web.FilterChainProxy.doFilter(FilterChainProxy.java:191)
	at org.springframework.web.filter.CompositeFilter$VirtualFilterChain.doFilter(CompositeFilter.java:113)
	at org.springframework.web.filter.ServletRequestPathFilter.doFilter(ServletRequestPathFilter.java:52)
	at org.springframework.web.filter.CompositeFilter$VirtualFilterChain.doFilter(CompositeFilter.java:113)
	at org.springframework.web.filter.CompositeFilter.doFilter(CompositeFilter.java:74)
	at org.springframework.security.config.annotation.web.configuration.WebSecurityConfiguration$CompositeFilterChainProxy.doFilter(WebSecurityConfiguration.java:319)
	at org.springframework.web.filter.CompositeFilter$VirtualFilterChain.doFilter(CompositeFilter.java:113)
	at org.springframework.web.servlet.handler.HandlerMappingIntrospector.lambda$createCacheFilter$4(HandlerMappingIntrospector.java:267)
	at org.springframework.web.filter.CompositeFilter$VirtualFilterChain.doFilter(CompositeFilter.java:113)
	at org.springframework.web.filter.CompositeFilter.doFilter(CompositeFilter.java:74)
	at org.springframework.security.config.annotation.web.configuration.WebMvcSecurityConfiguration$CompositeFilterChainProxy.doFilter(WebMvcSecurityConfiguration.java:240)
	at org.springframework.web.filter.DelegatingFilterProxy.invokeDelegate(DelegatingFilterProxy.java:362)
	at org.springframework.web.filter.DelegatingFilterProxy.doFilter(DelegatingFilterProxy.java:278)
	at org.apache.catalina.core.ApplicationFilterChain.internalDoFilter(ApplicationFilterChain.java:164)
	at org.apache.catalina.core.ApplicationFilterChain.doFilter(ApplicationFilterChain.java:140)
	at org.springframework.web.filter.RequestContextFilter.doFilterInternal(RequestContextFilter.java:100)
	at org.springframework.web.filter.OncePerRequestFilter.doFilter(OncePerRequestFilter.java:116)
	at org.apache.catalina.core.ApplicationFilterChain.internalDoFilter(ApplicationFilterChain.java:164)
	at org.apache.catalina.core.ApplicationFilterChain.doFilter(ApplicationFilterChain.java:140)
	at org.springframework.web.filter.FormContentFilter.doFilterInternal(FormContentFilter.java:93)
	at org.springframework.web.filter.OncePerRequestFilter.doFilter(OncePerRequestFilter.java:116)
	at org.apache.catalina.core.ApplicationFilterChain.internalDoFilter(ApplicationFilterChain.java:164)
	at org.apache.catalina.core.ApplicationFilterChain.doFilter(ApplicationFilterChain.java:140)
	at org.springframework.web.filter.ServerHttpObservationFilter.doFilterInternal(ServerHttpObservationFilter.java:110)
	at org.springframework.web.filter.OncePerRequestFilter.doFilter(OncePerRequestFilter.java:116)
	at org.apache.catalina.core.ApplicationFilterChain.internalDoFilter(ApplicationFilterChain.java:164)
	at org.apache.catalina.core.ApplicationFilterChain.doFilter(ApplicationFilterChain.java:140)
	at org.springframework.web.filter.CharacterEncodingFilter.doFilterInternal(CharacterEncodingFilter.java:201)
	at org.springframework.web.filter.OncePerRequestFilter.doFilter(OncePerRequestFilter.java:116)
	at org.apache.catalina.core.ApplicationFilterChain.internalDoFilter(ApplicationFilterChain.java:164)
	at org.apache.catalina.core.ApplicationFilterChain.doFilter(ApplicationFilterChain.java:140)
	at org.apache.catalina.core.StandardWrapperValve.invoke(StandardWrapperValve.java:167)
	at org.apache.catalina.core.StandardContextValve.invoke(StandardContextValve.java:90)
	at org.apache.catalina.authenticator.AuthenticatorBase.invoke(AuthenticatorBase.java:483)
	at org.apache.catalina.core.StandardHostValve.invoke(StandardHostValve.java:116)
	at org.apache.catalina.valves.ErrorReportValve.invoke(ErrorReportValve.java:93)
	at org.apache.catalina.core.StandardEngineValve.invoke(StandardEngineValve.java:74)
	at org.apache.catalina.connector.CoyoteAdapter.service(CoyoteAdapter.java:344)
	at org.apache.coyote.http11.Http11Processor.service(Http11Processor.java:398)
	at org.apache.coyote.AbstractProcessorLight.process(AbstractProcessorLight.java:63)
	at org.apache.coyote.AbstractProtocol$ConnectionHandler.process(AbstractProtocol.java:903)
	at org.apache.tomcat.util.net.NioEndpoint$SocketProcessor.doRun(NioEndpoint.java:1769)
	at org.apache.tomcat.util.net.SocketProcessorBase.run(SocketProcessorBase.java:52)
	at org.apache.tomcat.util.threads.ThreadPoolExecutor.runWorker(ThreadPoolExecutor.java:1189)
	at org.apache.tomcat.util.threads.ThreadPoolExecutor$Worker.run(ThreadPoolExecutor.java:658)
	at org.apache.tomcat.util.threads.TaskThread$WrappingRunnable.run(TaskThread.java:63)
	at java.base/java.lang.Thread.run(Thread.java:1474)
2025-11-17 20:04:22 - No JWT token found in request headers
2025-11-17 20:04:22 - Login attempt for email: pepito@test.cl
2025-11-17 20:04:22 - Login attempt for email: pepito@test.cl
2025-11-17 20:04:22 - 
    select
        u1_0.id,
        u1_0.created_at,
        u1_0.email,
        u1_0.name,
        u1_0.password,
        u1_0.phone,
        u1_0.photo,
        u1_0.role,
        u1_0.updated_at 
    from
        users u1_0 
    where
        u1_0.email=?
Hibernate: 
    select
        u1_0.id,
        u1_0.created_at,
        u1_0.email,
        u1_0.name,
        u1_0.password,
        u1_0.phone,
        u1_0.photo,
        u1_0.role,
        u1_0.updated_at 
    from
        users u1_0 
    where
        u1_0.email=?
2025-11-17 20:04:22 - User authenticated successfully: pepito@test.cl
2025-11-17 20:04:22 - Generating JWT token for email: pepito@test.cl with role: CLIENT
2025-11-17 20:04:22 - JWT token successfully generated for email: pepito@test.cl
2025-11-17 20:04:22 - JWT token generated for user: pepito@test.cl
2025-11-17 20:04:22 - Fetching user with email: pepito@test.cl
2025-11-17 20:04:22 - 
    select
        u1_0.id,
        u1_0.created_at,
        u1_0.email,
        u1_0.name,
        u1_0.password,
        u1_0.phone,
        u1_0.photo,
        u1_0.role,
        u1_0.updated_at 
    from
        users u1_0 
    where
        u1_0.email=?
Hibernate: 
    select
        u1_0.id,
        u1_0.created_at,
        u1_0.email,
        u1_0.name,
        u1_0.password,
        u1_0.phone,
        u1_0.photo,
        u1_0.role,
        u1_0.updated_at 
    from
        users u1_0 
    where
        u1_0.email=?
2025-11-17 20:04:22 - User found with ID: 9
2025-11-17 20:04:22 - 
    select
        a1_0.user_id,
        a1_0.id,
        a1_0.city,
        a1_0.is_default,
        a1_0.latitude,
        a1_0.longitude,
        a1_0.neighborhood,
        a1_0.street,
        a1_0.zip_code 
    from
        addresses a1_0 
    where
        a1_0.user_id=?
Hibernate: 
    select
        a1_0.user_id,
        a1_0.id,
        a1_0.city,
        a1_0.is_default,
        a1_0.latitude,
        a1_0.longitude,
        a1_0.neighborhood,
        a1_0.street,
        a1_0.zip_code 
    from
        addresses a1_0 
    where
        a1_0.user_id=?
2025-11-17 20:04:23 - Login successful for user: pepito@test.cl
2025-11-17 20:04:23 - User logged in successfully: pepito@test.cl
2025-11-17 20:06:30 - No JWT token found in request headers
2025-11-17 20:06:31 - Login attempt for email: carlos.rodriguez@pethome.cl
2025-11-17 20:06:31 - Login attempt for email: carlos.rodriguez@pethome.cl
2025-11-17 20:06:31 - 
    select
        u1_0.id,
        u1_0.created_at,
        u1_0.email,
        u1_0.name,
        u1_0.password,
        u1_0.phone,
        u1_0.photo,
        u1_0.role,
        u1_0.updated_at 
    from
        users u1_0 
    where
        u1_0.email=?
Hibernate: 
    select
        u1_0.id,
        u1_0.created_at,
        u1_0.email,
        u1_0.name,
        u1_0.password,
        u1_0.phone,
        u1_0.photo,
        u1_0.role,
        u1_0.updated_at 
    from
        users u1_0 
    where
        u1_0.email=?
2025-11-17 20:06:31 - User authenticated successfully: carlos.rodriguez@pethome.cl
2025-11-17 20:06:31 - Generating JWT token for email: carlos.rodriguez@pethome.cl with role: VET
2025-11-17 20:06:31 - JWT token successfully generated for email: carlos.rodriguez@pethome.cl
2025-11-17 20:06:31 - JWT token generated for user: carlos.rodriguez@pethome.cl
2025-11-17 20:06:31 - Fetching user with email: carlos.rodriguez@pethome.cl
2025-11-17 20:06:31 - 
    select
        u1_0.id,
        u1_0.created_at,
        u1_0.email,
        u1_0.name,
        u1_0.password,
        u1_0.phone,
        u1_0.photo,
        u1_0.role,
        u1_0.updated_at 
    from
        users u1_0 
    where
        u1_0.email=?
Hibernate: 
    select
        u1_0.id,
        u1_0.created_at,
        u1_0.email,
        u1_0.name,
        u1_0.password,
        u1_0.phone,
        u1_0.photo,
        u1_0.role,
        u1_0.updated_at 
    from
        users u1_0 
    where
        u1_0.email=?
2025-11-17 20:06:31 - User found with ID: 3
2025-11-17 20:06:31 - 
    select
        a1_0.user_id,
        a1_0.id,
        a1_0.city,
        a1_0.is_default,
        a1_0.latitude,
        a1_0.longitude,
        a1_0.neighborhood,
        a1_0.street,
        a1_0.zip_code 
    from
        addresses a1_0 
    where
        a1_0.user_id=?
Hibernate: 
    select
        a1_0.user_id,
        a1_0.id,
        a1_0.city,
        a1_0.is_default,
        a1_0.latitude,
        a1_0.longitude,
        a1_0.neighborhood,
        a1_0.street,
        a1_0.zip_code 
    from
        addresses a1_0 
    where
        a1_0.user_id=?
2025-11-17 20:06:31 - Login successful for user: carlos.rodriguez@pethome.cl
2025-11-17 20:06:31 - User logged in successfully: carlos.rodriguez@pethome.cl
2025-11-17 20:06:33 - JWT token extracted from Authorization header
2025-11-17 20:06:33 - Extracting email from token
2025-11-17 20:06:33 - Extracting all claims from token
2025-11-17 20:06:33 - JWT token extracted from Authorization header
2025-11-17 20:06:33 - Extracting email from token
2025-11-17 20:06:33 - Extracting all claims from token
2025-11-17 20:06:33 - All claims extracted successfully
2025-11-17 20:06:33 - All claims extracted successfully
2025-11-17 20:06:33 - Email extracted successfully: carlos.rodriguez@pethome.cl
2025-11-17 20:06:33 - Extracted email from token: carlos.rodriguez@pethome.cl
2025-11-17 20:06:33 - Email extracted successfully: carlos.rodriguez@pethome.cl
2025-11-17 20:06:33 - Extracted email from token: carlos.rodriguez@pethome.cl
2025-11-17 20:06:33 - Attempting to load user by email: carlos.rodriguez@pethome.cl
2025-11-17 20:06:33 - Attempting to load user by email: carlos.rodriguez@pethome.cl
2025-11-17 20:06:33 - 
    select
        u1_0.id,
        u1_0.created_at,
        u1_0.email,
        u1_0.name,
        u1_0.password,
        u1_0.phone,
        u1_0.photo,
        u1_0.role,
        u1_0.updated_at 
    from
        users u1_0 
    where
        u1_0.email=?
Hibernate: 
    select
        u1_0.id,
        u1_0.created_at,
        u1_0.email,
        u1_0.name,
        u1_0.password,
        u1_0.phone,
        u1_0.photo,
        u1_0.role,
        u1_0.updated_at 
    from
        users u1_0 
    where
        u1_0.email=?
2025-11-17 20:06:33 - 
    select
        u1_0.id,
        u1_0.created_at,
        u1_0.email,
        u1_0.name,
        u1_0.password,
        u1_0.phone,
        u1_0.photo,
        u1_0.role,
        u1_0.updated_at 
    from
        users u1_0 
    where
        u1_0.email=?
Hibernate: 
    select
        u1_0.id,
        u1_0.created_at,
        u1_0.email,
        u1_0.name,
        u1_0.password,
        u1_0.phone,
        u1_0.photo,
        u1_0.role,
        u1_0.updated_at 
    from
        users u1_0 
    where
        u1_0.email=?
2025-11-17 20:06:33 - User found successfully with email: carlos.rodriguez@pethome.cl
2025-11-17 20:06:33 - User found successfully with email: carlos.rodriguez@pethome.cl
2025-11-17 20:06:33 - Added authority: ROLE_VET for user: carlos.rodriguez@pethome.cl
2025-11-17 20:06:33 - Added authority: ROLE_VET for user: carlos.rodriguez@pethome.cl
2025-11-17 20:06:33 - UserDetails created successfully for user: carlos.rodriguez@pethome.cl
2025-11-17 20:06:33 - UserDetails created successfully for user: carlos.rodriguez@pethome.cl
2025-11-17 20:06:33 - Validating token for email: carlos.rodriguez@pethome.cl
2025-11-17 20:06:33 - Validating token for email: carlos.rodriguez@pethome.cl
2025-11-17 20:06:33 - Extracting email from token
2025-11-17 20:06:33 - Extracting all claims from token
2025-11-17 20:06:33 - Extracting email from token
2025-11-17 20:06:33 - Extracting all claims from token
2025-11-17 20:06:33 - All claims extracted successfully
2025-11-17 20:06:33 - Email extracted successfully: carlos.rodriguez@pethome.cl
2025-11-17 20:06:33 - Checking if token is expired
2025-11-17 20:06:33 - Extracting expiration date from token
2025-11-17 20:06:33 - Extracting all claims from token
2025-11-17 20:06:33 - All claims extracted successfully
2025-11-17 20:06:33 - Email extracted successfully: carlos.rodriguez@pethome.cl
2025-11-17 20:06:33 - Checking if token is expired
2025-11-17 20:06:33 - Extracting expiration date from token
2025-11-17 20:06:33 - Extracting all claims from token
2025-11-17 20:06:33 - All claims extracted successfully
2025-11-17 20:06:33 - All claims extracted successfully
2025-11-17 20:06:33 - Expiration date extracted successfully: Tue Nov 18 20:06:31 GMT-03:00 2025
2025-11-17 20:06:33 - Expiration date extracted successfully: Tue Nov 18 20:06:31 GMT-03:00 2025
2025-11-17 20:06:33 - Token expired status: false
2025-11-17 20:06:33 - Token expired status: false
2025-11-17 20:06:33 - Token validation successful for email: carlos.rodriguez@pethome.cl
2025-11-17 20:06:33 - Token validation successful for email: carlos.rodriguez@pethome.cl
2025-11-17 20:06:33 - Token validated successfully for user: carlos.rodriguez@pethome.cl
2025-11-17 20:06:33 - Token validated successfully for user: carlos.rodriguez@pethome.cl
2025-11-17 20:06:33 - Authentication set in SecurityContextHolder for user: carlos.rodriguez@pethome.cl
2025-11-17 20:06:33 - Authentication set in SecurityContextHolder for user: carlos.rodriguez@pethome.cl
2025-11-17 20:06:33 - Retrieving user with id: 2
2025-11-17 20:06:33 - Retrieving user with id: 8
2025-11-17 20:06:33 - Fetching user with ID: 2
2025-11-17 20:06:33 - Fetching user with ID: 8
2025-11-17 20:06:33 - 
    select
        u1_0.id,
        u1_0.created_at,
        u1_0.email,
        u1_0.name,
        u1_0.password,
        u1_0.phone,
        u1_0.photo,
        u1_0.role,
        u1_0.updated_at 
    from
        users u1_0 
    where
        u1_0.id=?
Hibernate: 
    select
        u1_0.id,
        u1_0.created_at,
        u1_0.email,
        u1_0.name,
        u1_0.password,
        u1_0.phone,
        u1_0.photo,
        u1_0.role,
        u1_0.updated_at 
    from
        users u1_0 
    where
        u1_0.id=?
2025-11-17 20:06:33 - 
    select
        u1_0.id,
        u1_0.created_at,
        u1_0.email,
        u1_0.name,
        u1_0.password,
        u1_0.phone,
        u1_0.photo,
        u1_0.role,
        u1_0.updated_at 
    from
        users u1_0 
    where
        u1_0.id=?
Hibernate: 
    select
        u1_0.id,
        u1_0.created_at,
        u1_0.email,
        u1_0.name,
        u1_0.password,
        u1_0.phone,
        u1_0.photo,
        u1_0.role,
        u1_0.updated_at 
    from
        users u1_0 
    where
        u1_0.id=?
2025-11-17 20:06:34 - User found: vic@test.cl
2025-11-17 20:06:34 - User found: testing@test.cl
2025-11-17 20:06:34 - 
    select
        a1_0.user_id,
        a1_0.id,
        a1_0.city,
        a1_0.is_default,
        a1_0.latitude,
        a1_0.longitude,
        a1_0.neighborhood,
        a1_0.street,
        a1_0.zip_code 
    from
        addresses a1_0 
    where
        a1_0.user_id=?
Hibernate: 
    select
        a1_0.user_id,
        a1_0.id,
        a1_0.city,
        a1_0.is_default,
        a1_0.latitude,
        a1_0.longitude,
        a1_0.neighborhood,
        a1_0.street,
        a1_0.zip_code 
    from
        addresses a1_0 
    where
        a1_0.user_id=?
2025-11-17 20:06:34 - 
    select
        a1_0.user_id,
        a1_0.id,
        a1_0.city,
        a1_0.is_default,
        a1_0.latitude,
        a1_0.longitude,
        a1_0.neighborhood,
        a1_0.street,
        a1_0.zip_code 
    from
        addresses a1_0 
    where
        a1_0.user_id=?
Hibernate: 
    select
        a1_0.user_id,
        a1_0.id,
        a1_0.city,
        a1_0.is_default,
        a1_0.latitude,
        a1_0.longitude,
        a1_0.neighborhood,
        a1_0.street,
        a1_0.zip_code 
    from
        addresses a1_0 
    where
        a1_0.user_id=?
2025-11-17 20:06:34 - User retrieved successfully: 2
2025-11-17 20:06:34 - User retrieved successfully: 8
2025-11-17 20:06:34 - JWT token extracted from Authorization header
2025-11-17 20:06:34 - Extracting email from token
2025-11-17 20:06:34 - Extracting all claims from token
2025-11-17 20:06:34 - JWT token extracted from Authorization header
2025-11-17 20:06:34 - Extracting email from token
2025-11-17 20:06:34 - Extracting all claims from token
2025-11-17 20:06:34 - All claims extracted successfully
2025-11-17 20:06:34 - Email extracted successfully: carlos.rodriguez@pethome.cl
2025-11-17 20:06:34 - Extracted email from token: carlos.rodriguez@pethome.cl
2025-11-17 20:06:34 - Attempting to load user by email: carlos.rodriguez@pethome.cl
2025-11-17 20:06:34 - All claims extracted successfully
2025-11-17 20:06:34 - Email extracted successfully: carlos.rodriguez@pethome.cl
2025-11-17 20:06:34 - Extracted email from token: carlos.rodriguez@pethome.cl
2025-11-17 20:06:34 - Attempting to load user by email: carlos.rodriguez@pethome.cl
2025-11-17 20:06:34 - 
    select
        u1_0.id,
        u1_0.created_at,
        u1_0.email,
        u1_0.name,
        u1_0.password,
        u1_0.phone,
        u1_0.photo,
        u1_0.role,
        u1_0.updated_at 
    from
        users u1_0 
    where
        u1_0.email=?
Hibernate: 
    select
        u1_0.id,
        u1_0.created_at,
        u1_0.email,
        u1_0.name,
        u1_0.password,
        u1_0.phone,
        u1_0.photo,
        u1_0.role,
        u1_0.updated_at 
    from
        users u1_0 
    where
        u1_0.email=?
2025-11-17 20:06:34 - 
    select
        u1_0.id,
        u1_0.created_at,
        u1_0.email,
        u1_0.name,
        u1_0.password,
        u1_0.phone,
        u1_0.photo,
        u1_0.role,
        u1_0.updated_at 
    from
        users u1_0 
    where
        u1_0.email=?
Hibernate: 
    select
        u1_0.id,
        u1_0.created_at,
        u1_0.email,
        u1_0.name,
        u1_0.password,
        u1_0.phone,
        u1_0.photo,
        u1_0.role,
        u1_0.updated_at 
    from
        users u1_0 
    where
        u1_0.email=?
2025-11-17 20:06:34 - User found successfully with email: carlos.rodriguez@pethome.cl
2025-11-17 20:06:34 - Added authority: ROLE_VET for user: carlos.rodriguez@pethome.cl
2025-11-17 20:06:34 - UserDetails created successfully for user: carlos.rodriguez@pethome.cl
2025-11-17 20:06:34 - Validating token for email: carlos.rodriguez@pethome.cl
2025-11-17 20:06:34 - Extracting email from token
2025-11-17 20:06:34 - Extracting all claims from token
2025-11-17 20:06:34 - User found successfully with email: carlos.rodriguez@pethome.cl
2025-11-17 20:06:34 - Added authority: ROLE_VET for user: carlos.rodriguez@pethome.cl
2025-11-17 20:06:34 - UserDetails created successfully for user: carlos.rodriguez@pethome.cl
2025-11-17 20:06:34 - Validating token for email: carlos.rodriguez@pethome.cl
2025-11-17 20:06:34 - Extracting email from token
2025-11-17 20:06:34 - Extracting all claims from token
2025-11-17 20:06:34 - All claims extracted successfully
2025-11-17 20:06:34 - Email extracted successfully: carlos.rodriguez@pethome.cl
2025-11-17 20:06:34 - Checking if token is expired
2025-11-17 20:06:34 - Extracting expiration date from token
2025-11-17 20:06:34 - Extracting all claims from token
2025-11-17 20:06:34 - All claims extracted successfully
2025-11-17 20:06:34 - Email extracted successfully: carlos.rodriguez@pethome.cl
2025-11-17 20:06:34 - Checking if token is expired
2025-11-17 20:06:34 - Extracting expiration date from token
2025-11-17 20:06:34 - Extracting all claims from token
2025-11-17 20:06:34 - All claims extracted successfully
2025-11-17 20:06:34 - All claims extracted successfully
2025-11-17 20:06:34 - Expiration date extracted successfully: Tue Nov 18 20:06:31 GMT-03:00 2025
2025-11-17 20:06:34 - Token expired status: false
2025-11-17 20:06:34 - Expiration date extracted successfully: Tue Nov 18 20:06:31 GMT-03:00 2025
2025-11-17 20:06:34 - Token validation successful for email: carlos.rodriguez@pethome.cl
2025-11-17 20:06:34 - Token expired status: false
2025-11-17 20:06:34 - Token validated successfully for user: carlos.rodriguez@pethome.cl
2025-11-17 20:06:34 - Token validation successful for email: carlos.rodriguez@pethome.cl
2025-11-17 20:06:34 - Token validated successfully for user: carlos.rodriguez@pethome.cl
2025-11-17 20:06:34 - Authentication set in SecurityContextHolder for user: carlos.rodriguez@pethome.cl
2025-11-17 20:06:34 - Authentication set in SecurityContextHolder for user: carlos.rodriguez@pethome.cl
2025-11-17 20:06:34 - Retrieving user with id: 8
2025-11-17 20:06:34 - Retrieving user with id: 2
2025-11-17 20:06:34 - Fetching user with ID: 8
2025-11-17 20:06:34 - Fetching user with ID: 2
2025-11-17 20:06:34 - 
    select
        u1_0.id,
        u1_0.created_at,
        u1_0.email,
        u1_0.name,
        u1_0.password,
        u1_0.phone,
        u1_0.photo,
        u1_0.role,
        u1_0.updated_at 
    from
        users u1_0 
    where
        u1_0.id=?
Hibernate: 
    select
        u1_0.id,
        u1_0.created_at,
        u1_0.email,
        u1_0.name,
        u1_0.password,
        u1_0.phone,
        u1_0.photo,
        u1_0.role,
        u1_0.updated_at 
    from
        users u1_0 
    where
        u1_0.id=?
2025-11-17 20:06:34 - 
    select
        u1_0.id,
        u1_0.created_at,
        u1_0.email,
        u1_0.name,
        u1_0.password,
        u1_0.phone,
        u1_0.photo,
        u1_0.role,
        u1_0.updated_at 
    from
        users u1_0 
    where
        u1_0.id=?
Hibernate: 
    select
        u1_0.id,
        u1_0.created_at,
        u1_0.email,
        u1_0.name,
        u1_0.password,
        u1_0.phone,
        u1_0.photo,
        u1_0.role,
        u1_0.updated_at 
    from
        users u1_0 
    where
        u1_0.id=?
2025-11-17 20:06:34 - User found: vic@test.cl
2025-11-17 20:06:34 - User found: testing@test.cl
2025-11-17 20:06:34 - 
    select
        a1_0.user_id,
        a1_0.id,
        a1_0.city,
        a1_0.is_default,
        a1_0.latitude,
        a1_0.longitude,
        a1_0.neighborhood,
        a1_0.street,
        a1_0.zip_code 
    from
        addresses a1_0 
    where
        a1_0.user_id=?
Hibernate: 
    select
        a1_0.user_id,
        a1_0.id,
        a1_0.city,
        a1_0.is_default,
        a1_0.latitude,
        a1_0.longitude,
        a1_0.neighborhood,
        a1_0.street,
        a1_0.zip_code 
    from
        addresses a1_0 
    where
        a1_0.user_id=?
2025-11-17 20:06:34 - 
    select
        a1_0.user_id,
        a1_0.id,
        a1_0.city,
        a1_0.is_default,
        a1_0.latitude,
        a1_0.longitude,
        a1_0.neighborhood,
        a1_0.street,
        a1_0.zip_code 
    from
        addresses a1_0 
    where
        a1_0.user_id=?
Hibernate: 
    select
        a1_0.user_id,
        a1_0.id,
        a1_0.city,
        a1_0.is_default,
        a1_0.latitude,
        a1_0.longitude,
        a1_0.neighborhood,
        a1_0.street,
        a1_0.zip_code 
    from
        addresses a1_0 
    where
        a1_0.user_id=?
2025-11-17 20:06:34 - User retrieved successfully: 8
2025-11-17 20:06:34 - User retrieved successfully: 2
2025-11-17 20:06:34 - JWT token extracted from Authorization header
2025-11-17 20:06:34 - Extracting email from token
2025-11-17 20:06:34 - Extracting all claims from token
2025-11-17 20:06:34 - All claims extracted successfully
2025-11-17 20:06:34 - Email extracted successfully: carlos.rodriguez@pethome.cl
2025-11-17 20:06:34 - Extracted email from token: carlos.rodriguez@pethome.cl
2025-11-17 20:06:34 - Attempting to load user by email: carlos.rodriguez@pethome.cl
2025-11-17 20:06:34 - 
    select
        u1_0.id,
        u1_0.created_at,
        u1_0.email,
        u1_0.name,
        u1_0.password,
        u1_0.phone,
        u1_0.photo,
        u1_0.role,
        u1_0.updated_at 
    from
        users u1_0 
    where
        u1_0.email=?
Hibernate: 
    select
        u1_0.id,
        u1_0.created_at,
        u1_0.email,
        u1_0.name,
        u1_0.password,
        u1_0.phone,
        u1_0.photo,
        u1_0.role,
        u1_0.updated_at 
    from
        users u1_0 
    where
        u1_0.email=?
2025-11-17 20:06:34 - User found successfully with email: carlos.rodriguez@pethome.cl
2025-11-17 20:06:34 - Added authority: ROLE_VET for user: carlos.rodriguez@pethome.cl
2025-11-17 20:06:34 - UserDetails created successfully for user: carlos.rodriguez@pethome.cl
2025-11-17 20:06:34 - Validating token for email: carlos.rodriguez@pethome.cl
2025-11-17 20:06:34 - Extracting email from token
2025-11-17 20:06:34 - Extracting all claims from token
2025-11-17 20:06:35 - All claims extracted successfully
2025-11-17 20:06:35 - Email extracted successfully: carlos.rodriguez@pethome.cl
2025-11-17 20:06:35 - Checking if token is expired
2025-11-17 20:06:35 - Extracting expiration date from token
2025-11-17 20:06:35 - Extracting all claims from token
2025-11-17 20:06:35 - All claims extracted successfully
2025-11-17 20:06:35 - Expiration date extracted successfully: Tue Nov 18 20:06:31 GMT-03:00 2025
2025-11-17 20:06:35 - Token expired status: false
2025-11-17 20:06:35 - Token validation successful for email: carlos.rodriguez@pethome.cl
2025-11-17 20:06:35 - Token validated successfully for user: carlos.rodriguez@pethome.cl
2025-11-17 20:06:35 - Authentication set in SecurityContextHolder for user: carlos.rodriguez@pethome.cl
2025-11-17 20:06:35 - Retrieving user with id: 2
2025-11-17 20:06:35 - Fetching user with ID: 2
2025-11-17 20:06:35 - 
    select
        u1_0.id,
        u1_0.created_at,
        u1_0.email,
        u1_0.name,
        u1_0.password,
        u1_0.phone,
        u1_0.photo,
        u1_0.role,
        u1_0.updated_at 
    from
        users u1_0 
    where
        u1_0.id=?
Hibernate: 
    select
        u1_0.id,
        u1_0.created_at,
        u1_0.email,
        u1_0.name,
        u1_0.password,
        u1_0.phone,
        u1_0.photo,
        u1_0.role,
        u1_0.updated_at 
    from
        users u1_0 
    where
        u1_0.id=?
2025-11-17 20:06:35 - User found: testing@test.cl
2025-11-17 20:06:35 - 
    select
        a1_0.user_id,
        a1_0.id,
        a1_0.city,
        a1_0.is_default,
        a1_0.latitude,
        a1_0.longitude,
        a1_0.neighborhood,
        a1_0.street,
        a1_0.zip_code 
    from
        addresses a1_0 
    where
        a1_0.user_id=?
Hibernate: 
    select
        a1_0.user_id,
        a1_0.id,
        a1_0.city,
        a1_0.is_default,
        a1_0.latitude,
        a1_0.longitude,
        a1_0.neighborhood,
        a1_0.street,
        a1_0.zip_code 
    from
        addresses a1_0 
    where
        a1_0.user_id=?
2025-11-17 20:06:35 - User retrieved successfully: 2
2025-11-17 20:07:01 - Resolving eureka endpoints via configuration
2025-11-17 20:08:26 - JWT token extracted from Authorization header
2025-11-17 20:08:26 - Extracting email from token
2025-11-17 20:08:26 - Extracting all claims from token
2025-11-17 20:08:26 - JWT token extracted from Authorization header
2025-11-17 20:08:26 - Extracting email from token
2025-11-17 20:08:26 - Extracting all claims from token
2025-11-17 20:08:26 - All claims extracted successfully
2025-11-17 20:08:26 - All claims extracted successfully
2025-11-17 20:08:26 - Email extracted successfully: carlos.rodriguez@pethome.cl
2025-11-17 20:08:26 - Email extracted successfully: carlos.rodriguez@pethome.cl
2025-11-17 20:08:26 - Extracted email from token: carlos.rodriguez@pethome.cl
2025-11-17 20:08:26 - Extracted email from token: carlos.rodriguez@pethome.cl
2025-11-17 20:08:26 - Attempting to load user by email: carlos.rodriguez@pethome.cl
2025-11-17 20:08:26 - Attempting to load user by email: carlos.rodriguez@pethome.cl
2025-11-17 20:08:26 - 
    select
        u1_0.id,
        u1_0.created_at,
        u1_0.email,
        u1_0.name,
        u1_0.password,
        u1_0.phone,
        u1_0.photo,
        u1_0.role,
        u1_0.updated_at 
    from
        users u1_0 
    where
        u1_0.email=?
Hibernate: 
    select
        u1_0.id,
        u1_0.created_at,
        u1_0.email,
        u1_0.name,
        u1_0.password,
        u1_0.phone,
        u1_0.photo,
        u1_0.role,
        u1_0.updated_at 
    from
        users u1_0 
    where
        u1_0.email=?
2025-11-17 20:08:26 - 
    select
        u1_0.id,
        u1_0.created_at,
        u1_0.email,
        u1_0.name,
        u1_0.password,
        u1_0.phone,
        u1_0.photo,
        u1_0.role,
        u1_0.updated_at 
    from
        users u1_0 
    where
        u1_0.email=?
Hibernate: 
    select
        u1_0.id,
        u1_0.created_at,
        u1_0.email,
        u1_0.name,
        u1_0.password,
        u1_0.phone,
        u1_0.photo,
        u1_0.role,
        u1_0.updated_at 
    from
        users u1_0 
    where
        u1_0.email=?
2025-11-17 20:08:26 - User found successfully with email: carlos.rodriguez@pethome.cl
2025-11-17 20:08:26 - User found successfully with email: carlos.rodriguez@pethome.cl
2025-11-17 20:08:26 - Added authority: ROLE_VET for user: carlos.rodriguez@pethome.cl
2025-11-17 20:08:26 - Added authority: ROLE_VET for user: carlos.rodriguez@pethome.cl
2025-11-17 20:08:26 - UserDetails created successfully for user: carlos.rodriguez@pethome.cl
2025-11-17 20:08:26 - UserDetails created successfully for user: carlos.rodriguez@pethome.cl
2025-11-17 20:08:26 - Validating token for email: carlos.rodriguez@pethome.cl
2025-11-17 20:08:26 - Extracting email from token
2025-11-17 20:08:26 - Extracting all claims from token
2025-11-17 20:08:26 - Validating token for email: carlos.rodriguez@pethome.cl
2025-11-17 20:08:26 - Extracting email from token
2025-11-17 20:08:26 - Extracting all claims from token
2025-11-17 20:08:26 - All claims extracted successfully
2025-11-17 20:08:26 - Email extracted successfully: carlos.rodriguez@pethome.cl
2025-11-17 20:08:26 - Checking if token is expired
2025-11-17 20:08:26 - Extracting expiration date from token
2025-11-17 20:08:26 - Extracting all claims from token
2025-11-17 20:08:26 - All claims extracted successfully
2025-11-17 20:08:26 - Email extracted successfully: carlos.rodriguez@pethome.cl
2025-11-17 20:08:26 - Checking if token is expired
2025-11-17 20:08:26 - Extracting expiration date from token
2025-11-17 20:08:26 - Extracting all claims from token
2025-11-17 20:08:26 - All claims extracted successfully
2025-11-17 20:08:26 - Expiration date extracted successfully: Tue Nov 18 20:06:31 GMT-03:00 2025
2025-11-17 20:08:26 - Token expired status: false
2025-11-17 20:08:26 - Token validation successful for email: carlos.rodriguez@pethome.cl
2025-11-17 20:08:26 - Token validated successfully for user: carlos.rodriguez@pethome.cl
2025-11-17 20:08:26 - Authentication set in SecurityContextHolder for user: carlos.rodriguez@pethome.cl
2025-11-17 20:08:26 - All claims extracted successfully
2025-11-17 20:08:26 - Expiration date extracted successfully: Tue Nov 18 20:06:31 GMT-03:00 2025
2025-11-17 20:08:26 - Token expired status: false
2025-11-17 20:08:26 - Token validation successful for email: carlos.rodriguez@pethome.cl
2025-11-17 20:08:26 - Token validated successfully for user: carlos.rodriguez@pethome.cl
2025-11-17 20:08:26 - Authentication set in SecurityContextHolder for user: carlos.rodriguez@pethome.cl
2025-11-17 20:08:26 - Retrieving user with id: 8
2025-11-17 20:08:26 - Retrieving user with id: 2
2025-11-17 20:08:26 - Fetching user with ID: 8
2025-11-17 20:08:26 - Fetching user with ID: 2
2025-11-17 20:08:26 - 
    select
        u1_0.id,
        u1_0.created_at,
        u1_0.email,
        u1_0.name,
        u1_0.password,
        u1_0.phone,
        u1_0.photo,
        u1_0.role,
        u1_0.updated_at 
    from
        users u1_0 
    where
        u1_0.id=?
2025-11-17 20:08:26 - 
    select
        u1_0.id,
        u1_0.created_at,
        u1_0.email,
        u1_0.name,
        u1_0.password,
        u1_0.phone,
        u1_0.photo,
        u1_0.role,
        u1_0.updated_at 
    from
        users u1_0 
    where
        u1_0.id=?
Hibernate: 
    select
        u1_0.id,
        u1_0.created_at,
        u1_0.email,
        u1_0.name,
        u1_0.password,
        u1_0.phone,
        u1_0.photo,
        u1_0.role,
        u1_0.updated_at 
    from
        users u1_0 
    where
        u1_0.id=?
Hibernate: 
    select
        u1_0.id,
        u1_0.created_at,
        u1_0.email,
        u1_0.name,
        u1_0.password,
        u1_0.phone,
        u1_0.photo,
        u1_0.role,
        u1_0.updated_at 
    from
        users u1_0 
    where
        u1_0.id=?
2025-11-17 20:08:26 - User found: vic@test.cl
2025-11-17 20:08:26 - User found: testing@test.cl
2025-11-17 20:08:26 - 
    select
        a1_0.user_id,
        a1_0.id,
        a1_0.city,
        a1_0.is_default,
        a1_0.latitude,
        a1_0.longitude,
        a1_0.neighborhood,
        a1_0.street,
        a1_0.zip_code 
    from
        addresses a1_0 
    where
        a1_0.user_id=?
Hibernate: 
    select
        a1_0.user_id,
        a1_0.id,
        a1_0.city,
        a1_0.is_default,
        a1_0.latitude,
        a1_0.longitude,
        a1_0.neighborhood,
        a1_0.street,
        a1_0.zip_code 
    from
        addresses a1_0 
    where
        a1_0.user_id=?
2025-11-17 20:08:26 - 
    select
        a1_0.user_id,
        a1_0.id,
        a1_0.city,
        a1_0.is_default,
        a1_0.latitude,
        a1_0.longitude,
        a1_0.neighborhood,
        a1_0.street,
        a1_0.zip_code 
    from
        addresses a1_0 
    where
        a1_0.user_id=?
Hibernate: 
    select
        a1_0.user_id,
        a1_0.id,
        a1_0.city,
        a1_0.is_default,
        a1_0.latitude,
        a1_0.longitude,
        a1_0.neighborhood,
        a1_0.street,
        a1_0.zip_code 
    from
        addresses a1_0 
    where
        a1_0.user_id=?
2025-11-17 20:08:26 - User retrieved successfully: 2
2025-11-17 20:08:26 - User retrieved successfully: 8
2025-11-17 20:08:26 - JWT token extracted from Authorization header
2025-11-17 20:08:26 - Extracting email from token
2025-11-17 20:08:26 - Extracting all claims from token
2025-11-17 20:08:26 - JWT token extracted from Authorization header
2025-11-17 20:08:26 - Extracting email from token
2025-11-17 20:08:26 - Extracting all claims from token
2025-11-17 20:08:26 - All claims extracted successfully
2025-11-17 20:08:26 - Email extracted successfully: carlos.rodriguez@pethome.cl
2025-11-17 20:08:26 - Extracted email from token: carlos.rodriguez@pethome.cl
2025-11-17 20:08:26 - Attempting to load user by email: carlos.rodriguez@pethome.cl
2025-11-17 20:08:26 - All claims extracted successfully
2025-11-17 20:08:26 - Email extracted successfully: carlos.rodriguez@pethome.cl
2025-11-17 20:08:26 - Extracted email from token: carlos.rodriguez@pethome.cl
2025-11-17 20:08:26 - Attempting to load user by email: carlos.rodriguez@pethome.cl
2025-11-17 20:08:26 - 
    select
        u1_0.id,
        u1_0.created_at,
        u1_0.email,
        u1_0.name,
        u1_0.password,
        u1_0.phone,
        u1_0.photo,
        u1_0.role,
        u1_0.updated_at 
    from
        users u1_0 
    where
        u1_0.email=?
Hibernate: 
    select
        u1_0.id,
        u1_0.created_at,
        u1_0.email,
        u1_0.name,
        u1_0.password,
        u1_0.phone,
        u1_0.photo,
        u1_0.role,
        u1_0.updated_at 
    from
        users u1_0 
    where
        u1_0.email=?
2025-11-17 20:08:26 - 
    select
        u1_0.id,
        u1_0.created_at,
        u1_0.email,
        u1_0.name,
        u1_0.password,
        u1_0.phone,
        u1_0.photo,
        u1_0.role,
        u1_0.updated_at 
    from
        users u1_0 
    where
        u1_0.email=?
Hibernate: 
    select
        u1_0.id,
        u1_0.created_at,
        u1_0.email,
        u1_0.name,
        u1_0.password,
        u1_0.phone,
        u1_0.photo,
        u1_0.role,
        u1_0.updated_at 
    from
        users u1_0 
    where
        u1_0.email=?
2025-11-17 20:08:26 - User found successfully with email: carlos.rodriguez@pethome.cl
2025-11-17 20:08:26 - User found successfully with email: carlos.rodriguez@pethome.cl
2025-11-17 20:08:26 - Added authority: ROLE_VET for user: carlos.rodriguez@pethome.cl
2025-11-17 20:08:26 - Added authority: ROLE_VET for user: carlos.rodriguez@pethome.cl
2025-11-17 20:08:26 - UserDetails created successfully for user: carlos.rodriguez@pethome.cl
2025-11-17 20:08:26 - UserDetails created successfully for user: carlos.rodriguez@pethome.cl
2025-11-17 20:08:26 - Validating token for email: carlos.rodriguez@pethome.cl
2025-11-17 20:08:26 - Extracting email from token
2025-11-17 20:08:26 - Extracting all claims from token
2025-11-17 20:08:26 - Validating token for email: carlos.rodriguez@pethome.cl
2025-11-17 20:08:26 - Extracting email from token
2025-11-17 20:08:26 - Extracting all claims from token
2025-11-17 20:08:26 - All claims extracted successfully
2025-11-17 20:08:26 - Email extracted successfully: carlos.rodriguez@pethome.cl
2025-11-17 20:08:26 - Checking if token is expired
2025-11-17 20:08:26 - Extracting expiration date from token
2025-11-17 20:08:26 - Extracting all claims from token
2025-11-17 20:08:26 - All claims extracted successfully
2025-11-17 20:08:26 - Email extracted successfully: carlos.rodriguez@pethome.cl
2025-11-17 20:08:26 - Checking if token is expired
2025-11-17 20:08:26 - Extracting expiration date from token
2025-11-17 20:08:26 - Extracting all claims from token
2025-11-17 20:08:26 - All claims extracted successfully
2025-11-17 20:08:26 - Expiration date extracted successfully: Tue Nov 18 20:06:31 GMT-03:00 2025
2025-11-17 20:08:26 - Token expired status: false
2025-11-17 20:08:26 - Token validation successful for email: carlos.rodriguez@pethome.cl
2025-11-17 20:08:26 - Token validated successfully for user: carlos.rodriguez@pethome.cl
2025-11-17 20:08:26 - Authentication set in SecurityContextHolder for user: carlos.rodriguez@pethome.cl
2025-11-17 20:08:26 - Retrieving user with id: 8
2025-11-17 20:08:26 - All claims extracted successfully
2025-11-17 20:08:26 - Expiration date extracted successfully: Tue Nov 18 20:06:31 GMT-03:00 2025
2025-11-17 20:08:26 - Token expired status: false
2025-11-17 20:08:26 - Token validation successful for email: carlos.rodriguez@pethome.cl
2025-11-17 20:08:26 - Token validated successfully for user: carlos.rodriguez@pethome.cl
2025-11-17 20:08:26 - Fetching user with ID: 8
2025-11-17 20:08:26 - Authentication set in SecurityContextHolder for user: carlos.rodriguez@pethome.cl
2025-11-17 20:08:26 - 
    select
        u1_0.id,
        u1_0.created_at,
        u1_0.email,
        u1_0.name,
        u1_0.password,
        u1_0.phone,
        u1_0.photo,
        u1_0.role,
        u1_0.updated_at 
    from
        users u1_0 
    where
        u1_0.id=?
Hibernate: 
    select
        u1_0.id,
        u1_0.created_at,
        u1_0.email,
        u1_0.name,
        u1_0.password,
        u1_0.phone,
        u1_0.photo,
        u1_0.role,
        u1_0.updated_at 
    from
        users u1_0 
    where
        u1_0.id=?
2025-11-17 20:08:26 - Retrieving user with id: 2
2025-11-17 20:08:26 - Fetching user with ID: 2
2025-11-17 20:08:26 - 
    select
        u1_0.id,
        u1_0.created_at,
        u1_0.email,
        u1_0.name,
        u1_0.password,
        u1_0.phone,
        u1_0.photo,
        u1_0.role,
        u1_0.updated_at 
    from
        users u1_0 
    where
        u1_0.id=?
Hibernate: 
    select
        u1_0.id,
        u1_0.created_at,
        u1_0.email,
        u1_0.name,
        u1_0.password,
        u1_0.phone,
        u1_0.photo,
        u1_0.role,
        u1_0.updated_at 
    from
        users u1_0 
    where
        u1_0.id=?
2025-11-17 20:08:27 - User found: testing@test.cl
2025-11-17 20:08:27 - User found: vic@test.cl
2025-11-17 20:08:27 - 
    select
        a1_0.user_id,
        a1_0.id,
        a1_0.city,
        a1_0.is_default,
        a1_0.latitude,
        a1_0.longitude,
        a1_0.neighborhood,
        a1_0.street,
        a1_0.zip_code 
    from
        addresses a1_0 
    where
        a1_0.user_id=?
2025-11-17 20:08:27 - 
    select
        a1_0.user_id,
        a1_0.id,
        a1_0.city,
        a1_0.is_default,
        a1_0.latitude,
        a1_0.longitude,
        a1_0.neighborhood,
        a1_0.street,
        a1_0.zip_code 
    from
        addresses a1_0 
    where
        a1_0.user_id=?
Hibernate: 
    select
        a1_0.user_id,
        a1_0.id,
        a1_0.city,
        a1_0.is_default,
        a1_0.latitude,
        a1_0.longitude,
        a1_0.neighborhood,
        a1_0.street,
        a1_0.zip_code 
    from
        addresses a1_0 
    where
        a1_0.user_id=?
Hibernate: 
    select
        a1_0.user_id,
        a1_0.id,
        a1_0.city,
        a1_0.is_default,
        a1_0.latitude,
        a1_0.longitude,
        a1_0.neighborhood,
        a1_0.street,
        a1_0.zip_code 
    from
        addresses a1_0 
    where
        a1_0.user_id=?
2025-11-17 20:08:27 - User retrieved successfully: 2
2025-11-17 20:08:27 - User retrieved successfully: 8
2025-11-17 20:08:27 - JWT token extracted from Authorization header
2025-11-17 20:08:27 - Extracting email from token
2025-11-17 20:08:27 - Extracting all claims from token
2025-11-17 20:08:27 - All claims extracted successfully
2025-11-17 20:08:27 - Email extracted successfully: carlos.rodriguez@pethome.cl
2025-11-17 20:08:27 - Extracted email from token: carlos.rodriguez@pethome.cl
2025-11-17 20:08:27 - Attempting to load user by email: carlos.rodriguez@pethome.cl
2025-11-17 20:08:27 - 
    select
        u1_0.id,
        u1_0.created_at,
        u1_0.email,
        u1_0.name,
        u1_0.password,
        u1_0.phone,
        u1_0.photo,
        u1_0.role,
        u1_0.updated_at 
    from
        users u1_0 
    where
        u1_0.email=?
Hibernate: 
    select
        u1_0.id,
        u1_0.created_at,
        u1_0.email,
        u1_0.name,
        u1_0.password,
        u1_0.phone,
        u1_0.photo,
        u1_0.role,
        u1_0.updated_at 
    from
        users u1_0 
    where
        u1_0.email=?
2025-11-17 20:08:27 - User found successfully with email: carlos.rodriguez@pethome.cl
2025-11-17 20:08:27 - Added authority: ROLE_VET for user: carlos.rodriguez@pethome.cl
2025-11-17 20:08:27 - UserDetails created successfully for user: carlos.rodriguez@pethome.cl
2025-11-17 20:08:27 - Validating token for email: carlos.rodriguez@pethome.cl
2025-11-17 20:08:27 - Extracting email from token
2025-11-17 20:08:27 - Extracting all claims from token
2025-11-17 20:08:27 - All claims extracted successfully
2025-11-17 20:08:27 - Email extracted successfully: carlos.rodriguez@pethome.cl
2025-11-17 20:08:27 - Checking if token is expired
2025-11-17 20:08:27 - Extracting expiration date from token
2025-11-17 20:08:27 - Extracting all claims from token
2025-11-17 20:08:27 - All claims extracted successfully
2025-11-17 20:08:27 - Expiration date extracted successfully: Tue Nov 18 20:06:31 GMT-03:00 2025
2025-11-17 20:08:27 - Token expired status: false
2025-11-17 20:08:27 - Token validation successful for email: carlos.rodriguez@pethome.cl
2025-11-17 20:08:27 - Token validated successfully for user: carlos.rodriguez@pethome.cl
2025-11-17 20:08:27 - Authentication set in SecurityContextHolder for user: carlos.rodriguez@pethome.cl
2025-11-17 20:08:27 - Retrieving user with id: 2
2025-11-17 20:08:27 - Fetching user with ID: 2
2025-11-17 20:08:27 - 
    select
        u1_0.id,
        u1_0.created_at,
        u1_0.email,
        u1_0.name,
        u1_0.password,
        u1_0.phone,
        u1_0.photo,
        u1_0.role,
        u1_0.updated_at 
    from
        users u1_0 
    where
        u1_0.id=?
Hibernate: 
    select
        u1_0.id,
        u1_0.created_at,
        u1_0.email,
        u1_0.name,
        u1_0.password,
        u1_0.phone,
        u1_0.photo,
        u1_0.role,
        u1_0.updated_at 
    from
        users u1_0 
    where
        u1_0.id=?
2025-11-17 20:08:27 - User found: testing@test.cl
2025-11-17 20:08:27 - 
    select
        a1_0.user_id,
        a1_0.id,
        a1_0.city,
        a1_0.is_default,
        a1_0.latitude,
        a1_0.longitude,
        a1_0.neighborhood,
        a1_0.street,
        a1_0.zip_code 
    from
        addresses a1_0 
    where
        a1_0.user_id=?
Hibernate: 
    select
        a1_0.user_id,
        a1_0.id,
        a1_0.city,
        a1_0.is_default,
        a1_0.latitude,
        a1_0.longitude,
        a1_0.neighborhood,
        a1_0.street,
        a1_0.zip_code 
    from
        addresses a1_0 
    where
        a1_0.user_id=?
2025-11-17 20:08:27 - User retrieved successfully: 2
2025-11-17 20:08:49 - No JWT token found in request headers
2025-11-17 20:08:49 - Login attempt for email: pepito@test.cl
2025-11-17 20:08:49 - Login attempt for email: pepito@test.cl
2025-11-17 20:08:49 - 
    select
        u1_0.id,
        u1_0.created_at,
        u1_0.email,
        u1_0.name,
        u1_0.password,
        u1_0.phone,
        u1_0.photo,
        u1_0.role,
        u1_0.updated_at 
    from
        users u1_0 
    where
        u1_0.email=?
Hibernate: 
    select
        u1_0.id,
        u1_0.created_at,
        u1_0.email,
        u1_0.name,
        u1_0.password,
        u1_0.phone,
        u1_0.photo,
        u1_0.role,
        u1_0.updated_at 
    from
        users u1_0 
    where
        u1_0.email=?
2025-11-17 20:08:49 - User authenticated successfully: pepito@test.cl
2025-11-17 20:08:49 - Generating JWT token for email: pepito@test.cl with role: CLIENT
2025-11-17 20:08:49 - JWT token successfully generated for email: pepito@test.cl
2025-11-17 20:08:49 - JWT token generated for user: pepito@test.cl
2025-11-17 20:08:49 - Fetching user with email: pepito@test.cl
2025-11-17 20:08:49 - 
    select
        u1_0.id,
        u1_0.created_at,
        u1_0.email,
        u1_0.name,
        u1_0.password,
        u1_0.phone,
        u1_0.photo,
        u1_0.role,
        u1_0.updated_at 
    from
        users u1_0 
    where
        u1_0.email=?
Hibernate: 
    select
        u1_0.id,
        u1_0.created_at,
        u1_0.email,
        u1_0.name,
        u1_0.password,
        u1_0.phone,
        u1_0.photo,
        u1_0.role,
        u1_0.updated_at 
    from
        users u1_0 
    where
        u1_0.email=?
2025-11-17 20:08:49 - User found with ID: 9
2025-11-17 20:08:49 - 
    select
        a1_0.user_id,
        a1_0.id,
        a1_0.city,
        a1_0.is_default,
        a1_0.latitude,
        a1_0.longitude,
        a1_0.neighborhood,
        a1_0.street,
        a1_0.zip_code 
    from
        addresses a1_0 
    where
        a1_0.user_id=?
Hibernate: 
    select
        a1_0.user_id,
        a1_0.id,
        a1_0.city,
        a1_0.is_default,
        a1_0.latitude,
        a1_0.longitude,
        a1_0.neighborhood,
        a1_0.street,
        a1_0.zip_code 
    from
        addresses a1_0 
    where
        a1_0.user_id=?
2025-11-17 20:08:49 - Login successful for user: pepito@test.cl
2025-11-17 20:08:50 - User logged in successfully: pepito@test.cl
2025-11-17 20:09:18 - JWT token extracted from Authorization header
2025-11-17 20:09:18 - JWT token extracted from Authorization header
2025-11-17 20:09:18 - JWT token extracted from Authorization header
2025-11-17 20:09:18 - JWT token extracted from Authorization header
2025-11-17 20:09:18 - JWT token extracted from Authorization header
2025-11-17 20:09:18 - Extracting email from token
2025-11-17 20:09:18 - Extracting email from token
2025-11-17 20:09:18 - Extracting all claims from token
2025-11-17 20:09:18 - Extracting email from token
2025-11-17 20:09:18 - Extracting email from token
2025-11-17 20:09:18 - Extracting email from token
2025-11-17 20:09:18 - Extracting all claims from token
2025-11-17 20:09:18 - Extracting all claims from token
2025-11-17 20:09:18 - Extracting all claims from token
2025-11-17 20:09:18 - Extracting all claims from token
2025-11-17 20:09:18 - All claims extracted successfully
2025-11-17 20:09:18 - Email extracted successfully: pepito@test.cl
2025-11-17 20:09:18 - Extracted email from token: pepito@test.cl
2025-11-17 20:09:18 - Attempting to load user by email: pepito@test.cl
2025-11-17 20:09:18 - All claims extracted successfully
2025-11-17 20:09:18 - Email extracted successfully: pepito@test.cl
2025-11-17 20:09:18 - Extracted email from token: pepito@test.cl
2025-11-17 20:09:18 - Attempting to load user by email: pepito@test.cl
2025-11-17 20:09:18 - All claims extracted successfully
2025-11-17 20:09:18 - Email extracted successfully: pepito@test.cl
2025-11-17 20:09:18 - Extracted email from token: pepito@test.cl
2025-11-17 20:09:18 - Attempting to load user by email: pepito@test.cl
2025-11-17 20:09:18 - All claims extracted successfully
2025-11-17 20:09:18 - Email extracted successfully: pepito@test.cl
2025-11-17 20:09:18 - Extracted email from token: pepito@test.cl
2025-11-17 20:09:18 - Attempting to load user by email: pepito@test.cl
2025-11-17 20:09:18 - 
    select
        u1_0.id,
        u1_0.created_at,
        u1_0.email,
        u1_0.name,
        u1_0.password,
        u1_0.phone,
        u1_0.photo,
        u1_0.role,
        u1_0.updated_at 
    from
        users u1_0 
    where
        u1_0.email=?
Hibernate: 
    select
        u1_0.id,
        u1_0.created_at,
        u1_0.email,
        u1_0.name,
        u1_0.password,
        u1_0.phone,
        u1_0.photo,
        u1_0.role,
        u1_0.updated_at 
    from
        users u1_0 
    where
        u1_0.email=?
2025-11-17 20:09:18 - 
    select
        u1_0.id,
        u1_0.created_at,
        u1_0.email,
        u1_0.name,
        u1_0.password,
        u1_0.phone,
        u1_0.photo,
        u1_0.role,
        u1_0.updated_at 
    from
        users u1_0 
    where
        u1_0.email=?
Hibernate: 
    select
        u1_0.id,
        u1_0.created_at,
        u1_0.email,
        u1_0.name,
        u1_0.password,
        u1_0.phone,
        u1_0.photo,
        u1_0.role,
        u1_0.updated_at 
    from
        users u1_0 
    where
        u1_0.email=?
2025-11-17 20:09:18 - 
    select
        u1_0.id,
        u1_0.created_at,
        u1_0.email,
        u1_0.name,
        u1_0.password,
        u1_0.phone,
        u1_0.photo,
        u1_0.role,
        u1_0.updated_at 
    from
        users u1_0 
    where
        u1_0.email=?
Hibernate: 
    select
        u1_0.id,
        u1_0.created_at,
        u1_0.email,
        u1_0.name,
        u1_0.password,
        u1_0.phone,
        u1_0.photo,
        u1_0.role,
        u1_0.updated_at 
    from
        users u1_0 
    where
        u1_0.email=?
2025-11-17 20:09:18 - 
    select
        u1_0.id,
        u1_0.created_at,
        u1_0.email,
        u1_0.name,
        u1_0.password,
        u1_0.phone,
        u1_0.photo,
        u1_0.role,
        u1_0.updated_at 
    from
        users u1_0 
    where
        u1_0.email=?
Hibernate: 
    select
        u1_0.id,
        u1_0.created_at,
        u1_0.email,
        u1_0.name,
        u1_0.password,
        u1_0.phone,
        u1_0.photo,
        u1_0.role,
        u1_0.updated_at 
    from
        users u1_0 
    where
        u1_0.email=?
2025-11-17 20:09:18 - All claims extracted successfully
2025-11-17 20:09:18 - Email extracted successfully: pepito@test.cl
2025-11-17 20:09:18 - Extracted email from token: pepito@test.cl
2025-11-17 20:09:18 - Attempting to load user by email: pepito@test.cl
2025-11-17 20:09:18 - 
    select
        u1_0.id,
        u1_0.created_at,
        u1_0.email,
        u1_0.name,
        u1_0.password,
        u1_0.phone,
        u1_0.photo,
        u1_0.role,
        u1_0.updated_at 
    from
        users u1_0 
    where
        u1_0.email=?
Hibernate: 
    select
        u1_0.id,
        u1_0.created_at,
        u1_0.email,
        u1_0.name,
        u1_0.password,
        u1_0.phone,
        u1_0.photo,
        u1_0.role,
        u1_0.updated_at 
    from
        users u1_0 
    where
        u1_0.email=?
2025-11-17 20:09:18 - User found successfully with email: pepito@test.cl
2025-11-17 20:09:18 - User found successfully with email: pepito@test.cl
2025-11-17 20:09:18 - User found successfully with email: pepito@test.cl
2025-11-17 20:09:18 - User found successfully with email: pepito@test.cl
2025-11-17 20:09:18 - Added authority: ROLE_CLIENT for user: pepito@test.cl
2025-11-17 20:09:18 - Added authority: ROLE_CLIENT for user: pepito@test.cl
2025-11-17 20:09:18 - UserDetails created successfully for user: pepito@test.cl
2025-11-17 20:09:18 - Added authority: ROLE_CLIENT for user: pepito@test.cl
2025-11-17 20:09:18 - Added authority: ROLE_CLIENT for user: pepito@test.cl
2025-11-17 20:09:18 - UserDetails created successfully for user: pepito@test.cl
2025-11-17 20:09:18 - Validating token for email: pepito@test.cl
2025-11-17 20:09:18 - Extracting email from token
2025-11-17 20:09:18 - Extracting all claims from token
2025-11-17 20:09:18 - UserDetails created successfully for user: pepito@test.cl
2025-11-17 20:09:18 - Validating token for email: pepito@test.cl
2025-11-17 20:09:18 - UserDetails created successfully for user: pepito@test.cl
2025-11-17 20:09:18 - Validating token for email: pepito@test.cl
2025-11-17 20:09:18 - Extracting email from token
2025-11-17 20:09:18 - Extracting all claims from token
2025-11-17 20:09:18 - Extracting email from token
2025-11-17 20:09:18 - Extracting all claims from token
2025-11-17 20:09:18 - Validating token for email: pepito@test.cl
2025-11-17 20:09:18 - Extracting email from token
2025-11-17 20:09:18 - Extracting all claims from token
2025-11-17 20:09:18 - All claims extracted successfully
2025-11-17 20:09:18 - Email extracted successfully: pepito@test.cl
2025-11-17 20:09:18 - All claims extracted successfully
2025-11-17 20:09:18 - Email extracted successfully: pepito@test.cl
2025-11-17 20:09:18 - Checking if token is expired
2025-11-17 20:09:18 - Extracting expiration date from token
2025-11-17 20:09:18 - Extracting all claims from token
2025-11-17 20:09:18 - Checking if token is expired
2025-11-17 20:09:18 - All claims extracted successfully
2025-11-17 20:09:18 - Extracting expiration date from token
2025-11-17 20:09:18 - Email extracted successfully: pepito@test.cl
2025-11-17 20:09:18 - Extracting all claims from token
2025-11-17 20:09:18 - Checking if token is expired
2025-11-17 20:09:18 - Extracting expiration date from token
2025-11-17 20:09:18 - Extracting all claims from token
2025-11-17 20:09:18 - All claims extracted successfully
2025-11-17 20:09:18 - Email extracted successfully: pepito@test.cl
2025-11-17 20:09:18 - Checking if token is expired
2025-11-17 20:09:18 - Extracting expiration date from token
2025-11-17 20:09:18 - Extracting all claims from token
2025-11-17 20:09:18 - All claims extracted successfully
2025-11-17 20:09:18 - All claims extracted successfully
2025-11-17 20:09:18 - Expiration date extracted successfully: Tue Nov 18 20:08:49 GMT-03:00 2025
2025-11-17 20:09:18 - Expiration date extracted successfully: Tue Nov 18 20:08:49 GMT-03:00 2025
2025-11-17 20:09:18 - Token expired status: false
2025-11-17 20:09:18 - Token validation successful for email: pepito@test.cl
2025-11-17 20:09:18 - Token expired status: false
2025-11-17 20:09:18 - Token validated successfully for user: pepito@test.cl
2025-11-17 20:09:18 - Token validation successful for email: pepito@test.cl
2025-11-17 20:09:18 - Token validated successfully for user: pepito@test.cl
2025-11-17 20:09:18 - Authentication set in SecurityContextHolder for user: pepito@test.cl
2025-11-17 20:09:18 - Authentication set in SecurityContextHolder for user: pepito@test.cl
2025-11-17 20:09:18 - All claims extracted successfully
2025-11-17 20:09:18 - Expiration date extracted successfully: Tue Nov 18 20:08:49 GMT-03:00 2025
2025-11-17 20:09:18 - Token expired status: false
2025-11-17 20:09:18 - Token validation successful for email: pepito@test.cl
2025-11-17 20:09:18 - Token validated successfully for user: pepito@test.cl
2025-11-17 20:09:18 - Authentication set in SecurityContextHolder for user: pepito@test.cl
2025-11-17 20:09:18 - All claims extracted successfully
2025-11-17 20:09:18 - Expiration date extracted successfully: Tue Nov 18 20:08:49 GMT-03:00 2025
2025-11-17 20:09:18 - Token expired status: false
2025-11-17 20:09:18 - Token validation successful for email: pepito@test.cl
2025-11-17 20:09:18 - Token validated successfully for user: pepito@test.cl
2025-11-17 20:09:18 - Authentication set in SecurityContextHolder for user: pepito@test.cl
2025-11-17 20:09:18 - User found successfully with email: pepito@test.cl
2025-11-17 20:09:18 - Added authority: ROLE_CLIENT for user: pepito@test.cl
2025-11-17 20:09:18 - UserDetails created successfully for user: pepito@test.cl
2025-11-17 20:09:18 - Validating token for email: pepito@test.cl
2025-11-17 20:09:18 - Extracting email from token
2025-11-17 20:09:18 - Extracting all claims from token
2025-11-17 20:09:18 - Retrieving user with id: 3
2025-11-17 20:09:18 - Retrieving user with id: 4
2025-11-17 20:09:18 - Retrieving user with id: 6
2025-11-17 20:09:18 - Retrieving user with id: 7
2025-11-17 20:09:18 - Fetching user with ID: 4
2025-11-17 20:09:18 - Fetching user with ID: 3
2025-11-17 20:09:18 - Fetching user with ID: 6
2025-11-17 20:09:18 - Fetching user with ID: 7
2025-11-17 20:09:18 - All claims extracted successfully
2025-11-17 20:09:18 - Email extracted successfully: pepito@test.cl
2025-11-17 20:09:18 - Checking if token is expired
2025-11-17 20:09:18 - Extracting expiration date from token
2025-11-17 20:09:18 - Extracting all claims from token
2025-11-17 20:09:18 - All claims extracted successfully
2025-11-17 20:09:18 - Expiration date extracted successfully: Tue Nov 18 20:08:49 GMT-03:00 2025
2025-11-17 20:09:18 - Token expired status: false
2025-11-17 20:09:18 - Token validation successful for email: pepito@test.cl
2025-11-17 20:09:18 - Token validated successfully for user: pepito@test.cl
2025-11-17 20:09:18 - Authentication set in SecurityContextHolder for user: pepito@test.cl
2025-11-17 20:09:18 - Retrieving user with id: 5
2025-11-17 20:09:18 - Fetching user with ID: 5
2025-11-17 20:09:18 - 
    select
        u1_0.id,
        u1_0.created_at,
        u1_0.email,
        u1_0.name,
        u1_0.password,
        u1_0.phone,
        u1_0.photo,
        u1_0.role,
        u1_0.updated_at 
    from
        users u1_0 
    where
        u1_0.id=?
Hibernate: 
    select
        u1_0.id,
        u1_0.created_at,
        u1_0.email,
        u1_0.name,
        u1_0.password,
        u1_0.phone,
        u1_0.photo,
        u1_0.role,
        u1_0.updated_at 
    from
        users u1_0 
    where
        u1_0.id=?
2025-11-17 20:09:18 - 
    select
        u1_0.id,
        u1_0.created_at,
        u1_0.email,
        u1_0.name,
        u1_0.password,
        u1_0.phone,
        u1_0.photo,
        u1_0.role,
        u1_0.updated_at 
    from
        users u1_0 
    where
        u1_0.id=?
Hibernate: 
    select
        u1_0.id,
        u1_0.created_at,
        u1_0.email,
        u1_0.name,
        u1_0.password,
        u1_0.phone,
        u1_0.photo,
        u1_0.role,
        u1_0.updated_at 
    from
        users u1_0 
    where
        u1_0.id=?
2025-11-17 20:09:18 - 
    select
        u1_0.id,
        u1_0.created_at,
        u1_0.email,
        u1_0.name,
        u1_0.password,
        u1_0.phone,
        u1_0.photo,
        u1_0.role,
        u1_0.updated_at 
    from
        users u1_0 
    where
        u1_0.id=?
2025-11-17 20:09:18 - 
    select
        u1_0.id,
        u1_0.created_at,
        u1_0.email,
        u1_0.name,
        u1_0.password,
        u1_0.phone,
        u1_0.photo,
        u1_0.role,
        u1_0.updated_at 
    from
        users u1_0 
    where
        u1_0.id=?
Hibernate: 
    select
        u1_0.id,
        u1_0.created_at,
        u1_0.email,
        u1_0.name,
        u1_0.password,
        u1_0.phone,
        u1_0.photo,
        u1_0.role,
        u1_0.updated_at 
    from
        users u1_0 
    where
        u1_0.id=?
Hibernate: 
    select
        u1_0.id,
        u1_0.created_at,
        u1_0.email,
        u1_0.name,
        u1_0.password,
        u1_0.phone,
        u1_0.photo,
        u1_0.role,
        u1_0.updated_at 
    from
        users u1_0 
    where
        u1_0.id=?
2025-11-17 20:09:18 - 
    select
        u1_0.id,
        u1_0.created_at,
        u1_0.email,
        u1_0.name,
        u1_0.password,
        u1_0.phone,
        u1_0.photo,
        u1_0.role,
        u1_0.updated_at 
    from
        users u1_0 
    where
        u1_0.id=?
Hibernate: 
    select
        u1_0.id,
        u1_0.created_at,
        u1_0.email,
        u1_0.name,
        u1_0.password,
        u1_0.phone,
        u1_0.photo,
        u1_0.role,
        u1_0.updated_at 
    from
        users u1_0 
    where
        u1_0.id=?
2025-11-17 20:09:18 - User found: maria.gonzalez@pethome.cl
2025-11-17 20:09:18 - User found: jorge.fernandez@pethome.cl
2025-11-17 20:09:18 - User found: ricardo.morales@pethome.cl
2025-11-17 20:09:18 - 
    select
        a1_0.user_id,
        a1_0.id,
        a1_0.city,
        a1_0.is_default,
        a1_0.latitude,
        a1_0.longitude,
        a1_0.neighborhood,
        a1_0.street,
        a1_0.zip_code 
    from
        addresses a1_0 
    where
        a1_0.user_id=?
Hibernate: 
    select
        a1_0.user_id,
        a1_0.id,
        a1_0.city,
        a1_0.is_default,
        a1_0.latitude,
        a1_0.longitude,
        a1_0.neighborhood,
        a1_0.street,
        a1_0.zip_code 
    from
        addresses a1_0 
    where
        a1_0.user_id=?
2025-11-17 20:09:18 - 
    select
        a1_0.user_id,
        a1_0.id,
        a1_0.city,
        a1_0.is_default,
        a1_0.latitude,
        a1_0.longitude,
        a1_0.neighborhood,
        a1_0.street,
        a1_0.zip_code 
    from
        addresses a1_0 
    where
        a1_0.user_id=?
Hibernate: 
    select
        a1_0.user_id,
        a1_0.id,
        a1_0.city,
        a1_0.is_default,
        a1_0.latitude,
        a1_0.longitude,
        a1_0.neighborhood,
        a1_0.street,
        a1_0.zip_code 
    from
        addresses a1_0 
    where
        a1_0.user_id=?
2025-11-17 20:09:18 - User found: carlos.rodriguez@pethome.cl
2025-11-17 20:09:18 - User found: ana.silva@pethome.cl
2025-11-17 20:09:18 - 
    select
        a1_0.user_id,
        a1_0.id,
        a1_0.city,
        a1_0.is_default,
        a1_0.latitude,
        a1_0.longitude,
        a1_0.neighborhood,
        a1_0.street,
        a1_0.zip_code 
    from
        addresses a1_0 
    where
        a1_0.user_id=?
Hibernate: 
    select
        a1_0.user_id,
        a1_0.id,
        a1_0.city,
        a1_0.is_default,
        a1_0.latitude,
        a1_0.longitude,
        a1_0.neighborhood,
        a1_0.street,
        a1_0.zip_code 
    from
        addresses a1_0 
    where
        a1_0.user_id=?
2025-11-17 20:09:18 - 
    select
        a1_0.user_id,
        a1_0.id,
        a1_0.city,
        a1_0.is_default,
        a1_0.latitude,
        a1_0.longitude,
        a1_0.neighborhood,
        a1_0.street,
        a1_0.zip_code 
    from
        addresses a1_0 
    where
        a1_0.user_id=?
Hibernate: 
    select
        a1_0.user_id,
        a1_0.id,
        a1_0.city,
        a1_0.is_default,
        a1_0.latitude,
        a1_0.longitude,
        a1_0.neighborhood,
        a1_0.street,
        a1_0.zip_code 
    from
        addresses a1_0 
    where
        a1_0.user_id=?
2025-11-17 20:09:18 - 
    select
        a1_0.user_id,
        a1_0.id,
        a1_0.city,
        a1_0.is_default,
        a1_0.latitude,
        a1_0.longitude,
        a1_0.neighborhood,
        a1_0.street,
        a1_0.zip_code 
    from
        addresses a1_0 
    where
        a1_0.user_id=?
Hibernate: 
    select
        a1_0.user_id,
        a1_0.id,
        a1_0.city,
        a1_0.is_default,
        a1_0.latitude,
        a1_0.longitude,
        a1_0.neighborhood,
        a1_0.street,
        a1_0.zip_code 
    from
        addresses a1_0 
    where
        a1_0.user_id=?
2025-11-17 20:09:18 - User retrieved successfully: 7
2025-11-17 20:09:18 - User retrieved successfully: 6
2025-11-17 20:09:18 - User retrieved successfully: 4
2025-11-17 20:09:18 - User retrieved successfully: 3
2025-11-17 20:09:18 - User retrieved successfully: 5
2025-11-17 20:10:14 - JWT token extracted from Authorization header
2025-11-17 20:10:14 - JWT token extracted from Authorization header
2025-11-17 20:10:14 - JWT token extracted from Authorization header
2025-11-17 20:10:14 - JWT token extracted from Authorization header
2025-11-17 20:10:14 - JWT token extracted from Authorization header
2025-11-17 20:10:14 - Extracting email from token
2025-11-17 20:10:14 - Extracting all claims from token
2025-11-17 20:10:14 - Extracting email from token
2025-11-17 20:10:14 - Extracting email from token
2025-11-17 20:10:14 - Extracting all claims from token
2025-11-17 20:10:14 - Extracting email from token
2025-11-17 20:10:14 - Extracting all claims from token
2025-11-17 20:10:14 - Extracting email from token
2025-11-17 20:10:14 - Extracting all claims from token
2025-11-17 20:10:14 - Extracting all claims from token
2025-11-17 20:10:14 - All claims extracted successfully
2025-11-17 20:10:14 - All claims extracted successfully
2025-11-17 20:10:14 - Email extracted successfully: pepito@test.cl
2025-11-17 20:10:14 - Extracted email from token: pepito@test.cl
2025-11-17 20:10:14 - Attempting to load user by email: pepito@test.cl
2025-11-17 20:10:14 - All claims extracted successfully
2025-11-17 20:10:14 - Email extracted successfully: pepito@test.cl
2025-11-17 20:10:14 - Extracted email from token: pepito@test.cl
2025-11-17 20:10:14 - Attempting to load user by email: pepito@test.cl
2025-11-17 20:10:14 - All claims extracted successfully
2025-11-17 20:10:14 - Email extracted successfully: pepito@test.cl
2025-11-17 20:10:14 - Email extracted successfully: pepito@test.cl
2025-11-17 20:10:14 - Extracted email from token: pepito@test.cl
2025-11-17 20:10:14 - Attempting to load user by email: pepito@test.cl
2025-11-17 20:10:14 - All claims extracted successfully
2025-11-17 20:10:14 - Email extracted successfully: pepito@test.cl
2025-11-17 20:10:14 - Extracted email from token: pepito@test.cl
2025-11-17 20:10:14 - Attempting to load user by email: pepito@test.cl
2025-11-17 20:10:14 - Extracted email from token: pepito@test.cl
2025-11-17 20:10:14 - Attempting to load user by email: pepito@test.cl
2025-11-17 20:10:14 - 
    select
        u1_0.id,
        u1_0.created_at,
        u1_0.email,
        u1_0.name,
        u1_0.password,
        u1_0.phone,
        u1_0.photo,
        u1_0.role,
        u1_0.updated_at 
    from
        users u1_0 
    where
        u1_0.email=?
2025-11-17 20:10:14 - 
    select
        u1_0.id,
        u1_0.created_at,
        u1_0.email,
        u1_0.name,
        u1_0.password,
        u1_0.phone,
        u1_0.photo,
        u1_0.role,
        u1_0.updated_at 
    from
        users u1_0 
    where
        u1_0.email=?
Hibernate: 
    select
        u1_0.id,
        u1_0.created_at,
        u1_0.email,
        u1_0.name,
        u1_0.password,
        u1_0.phone,
        u1_0.photo,
        u1_0.role,
        u1_0.updated_at 
    from
        users u1_0 
    where
        u1_0.email=?
Hibernate: 
    select
        u1_0.id,
        u1_0.created_at,
        u1_0.email,
        u1_0.name,
        u1_0.password,
        u1_0.phone,
        u1_0.photo,
        u1_0.role,
        u1_0.updated_at 
    from
        users u1_0 
    where
        u1_0.email=?
2025-11-17 20:10:14 - 
    select
        u1_0.id,
        u1_0.created_at,
        u1_0.email,
        u1_0.name,
        u1_0.password,
        u1_0.phone,
        u1_0.photo,
        u1_0.role,
        u1_0.updated_at 
    from
        users u1_0 
    where
        u1_0.email=?
2025-11-17 20:10:14 - 
    select
        u1_0.id,
        u1_0.created_at,
        u1_0.email,
        u1_0.name,
        u1_0.password,
        u1_0.phone,
        u1_0.photo,
        u1_0.role,
        u1_0.updated_at 
    from
        users u1_0 
    where
        u1_0.email=?
Hibernate: 
    select
        u1_0.id,
        u1_0.created_at,
        u1_0.email,
        u1_0.name,
        u1_0.password,
        u1_0.phone,
        u1_0.photo,
        u1_0.role,
        u1_0.updated_at 
    from
        users u1_0 
    where
        u1_0.email=?
Hibernate: 
    select
        u1_0.id,
        u1_0.created_at,
        u1_0.email,
        u1_0.name,
        u1_0.password,
        u1_0.phone,
        u1_0.photo,
        u1_0.role,
        u1_0.updated_at 
    from
        users u1_0 
    where
        u1_0.email=?
2025-11-17 20:10:14 - 
    select
        u1_0.id,
        u1_0.created_at,
        u1_0.email,
        u1_0.name,
        u1_0.password,
        u1_0.phone,
        u1_0.photo,
        u1_0.role,
        u1_0.updated_at 
    from
        users u1_0 
    where
        u1_0.email=?
Hibernate: 
    select
        u1_0.id,
        u1_0.created_at,
        u1_0.email,
        u1_0.name,
        u1_0.password,
        u1_0.phone,
        u1_0.photo,
        u1_0.role,
        u1_0.updated_at 
    from
        users u1_0 
    where
        u1_0.email=?
2025-11-17 20:10:14 - User found successfully with email: pepito@test.cl
2025-11-17 20:10:14 - User found successfully with email: pepito@test.cl
2025-11-17 20:10:14 - Added authority: ROLE_CLIENT for user: pepito@test.cl
2025-11-17 20:10:14 - User found successfully with email: pepito@test.cl
2025-11-17 20:10:14 - UserDetails created successfully for user: pepito@test.cl
2025-11-17 20:10:14 - User found successfully with email: pepito@test.cl
2025-11-17 20:10:14 - User found successfully with email: pepito@test.cl
2025-11-17 20:10:14 - Added authority: ROLE_CLIENT for user: pepito@test.cl
2025-11-17 20:10:14 - Added authority: ROLE_CLIENT for user: pepito@test.cl
2025-11-17 20:10:14 - UserDetails created successfully for user: pepito@test.cl
2025-11-17 20:10:14 - Added authority: ROLE_CLIENT for user: pepito@test.cl
2025-11-17 20:10:14 - Validating token for email: pepito@test.cl
2025-11-17 20:10:14 - Added authority: ROLE_CLIENT for user: pepito@test.cl
2025-11-17 20:10:14 - UserDetails created successfully for user: pepito@test.cl
2025-11-17 20:10:14 - Validating token for email: pepito@test.cl
2025-11-17 20:10:14 - Extracting email from token
2025-11-17 20:10:14 - Extracting all claims from token
2025-11-17 20:10:14 - Validating token for email: pepito@test.cl
2025-11-17 20:10:14 - Extracting email from token
2025-11-17 20:10:14 - Extracting all claims from token
2025-11-17 20:10:14 - UserDetails created successfully for user: pepito@test.cl
2025-11-17 20:10:14 - Validating token for email: pepito@test.cl
2025-11-17 20:10:14 - Extracting email from token
2025-11-17 20:10:14 - Extracting email from token
2025-11-17 20:10:14 - Extracting all claims from token
2025-11-17 20:10:14 - Extracting all claims from token
2025-11-17 20:10:14 - UserDetails created successfully for user: pepito@test.cl
2025-11-17 20:10:14 - Validating token for email: pepito@test.cl
2025-11-17 20:10:14 - Extracting email from token
2025-11-17 20:10:14 - Extracting all claims from token
2025-11-17 20:10:14 - All claims extracted successfully
2025-11-17 20:10:14 - Email extracted successfully: pepito@test.cl
2025-11-17 20:10:14 - Checking if token is expired
2025-11-17 20:10:14 - Extracting expiration date from token
2025-11-17 20:10:14 - Extracting all claims from token
2025-11-17 20:10:14 - All claims extracted successfully
2025-11-17 20:10:14 - Email extracted successfully: pepito@test.cl
2025-11-17 20:10:14 - Checking if token is expired
2025-11-17 20:10:14 - Extracting expiration date from token
2025-11-17 20:10:14 - Extracting all claims from token
2025-11-17 20:10:14 - All claims extracted successfully
2025-11-17 20:10:14 - Email extracted successfully: pepito@test.cl
2025-11-17 20:10:14 - Checking if token is expired
2025-11-17 20:10:14 - Extracting expiration date from token
2025-11-17 20:10:14 - Extracting all claims from token
2025-11-17 20:10:14 - All claims extracted successfully
2025-11-17 20:10:14 - Email extracted successfully: pepito@test.cl
2025-11-17 20:10:14 - Checking if token is expired
2025-11-17 20:10:14 - Extracting expiration date from token
2025-11-17 20:10:14 - Extracting all claims from token
2025-11-17 20:10:14 - All claims extracted successfully
2025-11-17 20:10:14 - Email extracted successfully: pepito@test.cl
2025-11-17 20:10:14 - Checking if token is expired
2025-11-17 20:10:14 - Extracting expiration date from token
2025-11-17 20:10:14 - Extracting all claims from token
2025-11-17 20:10:14 - All claims extracted successfully
2025-11-17 20:10:14 - Expiration date extracted successfully: Tue Nov 18 20:08:49 GMT-03:00 2025
2025-11-17 20:10:14 - Token expired status: false
2025-11-17 20:10:14 - Token validation successful for email: pepito@test.cl
2025-11-17 20:10:14 - Token validated successfully for user: pepito@test.cl
2025-11-17 20:10:14 - All claims extracted successfully
2025-11-17 20:10:14 - Expiration date extracted successfully: Tue Nov 18 20:08:49 GMT-03:00 2025
2025-11-17 20:10:14 - Token expired status: false
2025-11-17 20:10:14 - Token validation successful for email: pepito@test.cl
2025-11-17 20:10:14 - Token validated successfully for user: pepito@test.cl
2025-11-17 20:10:14 - Authentication set in SecurityContextHolder for user: pepito@test.cl
2025-11-17 20:10:14 - Authentication set in SecurityContextHolder for user: pepito@test.cl
2025-11-17 20:10:14 - All claims extracted successfully
2025-11-17 20:10:14 - Expiration date extracted successfully: Tue Nov 18 20:08:49 GMT-03:00 2025
2025-11-17 20:10:14 - Token expired status: false
2025-11-17 20:10:14 - Token validation successful for email: pepito@test.cl
2025-11-17 20:10:14 - Token validated successfully for user: pepito@test.cl
2025-11-17 20:10:14 - Authentication set in SecurityContextHolder for user: pepito@test.cl
2025-11-17 20:10:14 - All claims extracted successfully
2025-11-17 20:10:14 - Expiration date extracted successfully: Tue Nov 18 20:08:49 GMT-03:00 2025
2025-11-17 20:10:14 - Token expired status: false
2025-11-17 20:10:14 - Token validation successful for email: pepito@test.cl
2025-11-17 20:10:14 - Token validated successfully for user: pepito@test.cl
2025-11-17 20:10:14 - Authentication set in SecurityContextHolder for user: pepito@test.cl
2025-11-17 20:10:14 - All claims extracted successfully
2025-11-17 20:10:14 - Expiration date extracted successfully: Tue Nov 18 20:08:49 GMT-03:00 2025
2025-11-17 20:10:14 - Token expired status: false
2025-11-17 20:10:14 - Token validation successful for email: pepito@test.cl
2025-11-17 20:10:14 - Token validated successfully for user: pepito@test.cl
2025-11-17 20:10:14 - Authentication set in SecurityContextHolder for user: pepito@test.cl
2025-11-17 20:10:14 - Retrieving user with id: 7
2025-11-17 20:10:14 - Retrieving user with id: 3
2025-11-17 20:10:14 - Retrieving user with id: 4
2025-11-17 20:10:14 - Retrieving user with id: 6
2025-11-17 20:10:14 - Retrieving user with id: 5
2025-11-17 20:10:14 - Fetching user with ID: 6
2025-11-17 20:10:14 - Fetching user with ID: 7
2025-11-17 20:10:14 - Fetching user with ID: 4
2025-11-17 20:10:14 - Fetching user with ID: 3
2025-11-17 20:10:14 - Fetching user with ID: 5
2025-11-17 20:10:14 - 
    select
        u1_0.id,
        u1_0.created_at,
        u1_0.email,
        u1_0.name,
        u1_0.password,
        u1_0.phone,
        u1_0.photo,
        u1_0.role,
        u1_0.updated_at 
    from
        users u1_0 
    where
        u1_0.id=?
2025-11-17 20:10:14 - 
    select
        u1_0.id,
        u1_0.created_at,
        u1_0.email,
        u1_0.name,
        u1_0.password,
        u1_0.phone,
        u1_0.photo,
        u1_0.role,
        u1_0.updated_at 
    from
        users u1_0 
    where
        u1_0.id=?
Hibernate: 
    select
        u1_0.id,
        u1_0.created_at,
        u1_0.email,
        u1_0.name,
        u1_0.password,
        u1_0.phone,
        u1_0.photo,
        u1_0.role,
        u1_0.updated_at 
    from
        users u1_0 
    where
        u1_0.id=?
Hibernate: 
    select
        u1_0.id,
        u1_0.created_at,
        u1_0.email,
        u1_0.name,
        u1_0.password,
        u1_0.phone,
        u1_0.photo,
        u1_0.role,
        u1_0.updated_at 
    from
        users u1_0 
    where
        u1_0.id=?
2025-11-17 20:10:14 - 
    select
        u1_0.id,
        u1_0.created_at,
        u1_0.email,
        u1_0.name,
        u1_0.password,
        u1_0.phone,
        u1_0.photo,
        u1_0.role,
        u1_0.updated_at 
    from
        users u1_0 
    where
        u1_0.id=?
Hibernate: 
    select
        u1_0.id,
        u1_0.created_at,
        u1_0.email,
        u1_0.name,
        u1_0.password,
        u1_0.phone,
        u1_0.photo,
        u1_0.role,
        u1_0.updated_at 
    from
        users u1_0 
    where
        u1_0.id=?
2025-11-17 20:10:14 - 
    select
        u1_0.id,
        u1_0.created_at,
        u1_0.email,
        u1_0.name,
        u1_0.password,
        u1_0.phone,
        u1_0.photo,
        u1_0.role,
        u1_0.updated_at 
    from
        users u1_0 
    where
        u1_0.id=?
Hibernate: 
    select
        u1_0.id,
        u1_0.created_at,
        u1_0.email,
        u1_0.name,
        u1_0.password,
        u1_0.phone,
        u1_0.photo,
        u1_0.role,
        u1_0.updated_at 
    from
        users u1_0 
    where
        u1_0.id=?
2025-11-17 20:10:14 - 
    select
        u1_0.id,
        u1_0.created_at,
        u1_0.email,
        u1_0.name,
        u1_0.password,
        u1_0.phone,
        u1_0.photo,
        u1_0.role,
        u1_0.updated_at 
    from
        users u1_0 
    where
        u1_0.id=?
Hibernate: 
    select
        u1_0.id,
        u1_0.created_at,
        u1_0.email,
        u1_0.name,
        u1_0.password,
        u1_0.phone,
        u1_0.photo,
        u1_0.role,
        u1_0.updated_at 
    from
        users u1_0 
    where
        u1_0.id=?
2025-11-17 20:10:14 - User found: maria.gonzalez@pethome.cl
2025-11-17 20:10:14 - User found: jorge.fernandez@pethome.cl
2025-11-17 20:10:14 - User found: carlos.rodriguez@pethome.cl
2025-11-17 20:10:14 - User found: ricardo.morales@pethome.cl
2025-11-17 20:10:14 - User found: ana.silva@pethome.cl
2025-11-17 20:10:14 - 
    select
        a1_0.user_id,
        a1_0.id,
        a1_0.city,
        a1_0.is_default,
        a1_0.latitude,
        a1_0.longitude,
        a1_0.neighborhood,
        a1_0.street,
        a1_0.zip_code 
    from
        addresses a1_0 
    where
        a1_0.user_id=?
2025-11-17 20:10:14 - 
    select
        a1_0.user_id,
        a1_0.id,
        a1_0.city,
        a1_0.is_default,
        a1_0.latitude,
        a1_0.longitude,
        a1_0.neighborhood,
        a1_0.street,
        a1_0.zip_code 
    from
        addresses a1_0 
    where
        a1_0.user_id=?
Hibernate: 
    select
        a1_0.user_id,
        a1_0.id,
        a1_0.city,
        a1_0.is_default,
        a1_0.latitude,
        a1_0.longitude,
        a1_0.neighborhood,
        a1_0.street,
        a1_0.zip_code 
    from
        addresses a1_0 
    where
        a1_0.user_id=?
Hibernate: 
    select
        a1_0.user_id,
        a1_0.id,
        a1_0.city,
        a1_0.is_default,
        a1_0.latitude,
        a1_0.longitude,
        a1_0.neighborhood,
        a1_0.street,
        a1_0.zip_code 
    from
        addresses a1_0 
    where
        a1_0.user_id=?
2025-11-17 20:10:14 - 
    select
        a1_0.user_id,
        a1_0.id,
        a1_0.city,
        a1_0.is_default,
        a1_0.latitude,
        a1_0.longitude,
        a1_0.neighborhood,
        a1_0.street,
        a1_0.zip_code 
    from
        addresses a1_0 
    where
        a1_0.user_id=?
Hibernate: 
    select
        a1_0.user_id,
        a1_0.id,
        a1_0.city,
        a1_0.is_default,
        a1_0.latitude,
        a1_0.longitude,
        a1_0.neighborhood,
        a1_0.street,
        a1_0.zip_code 
    from
        addresses a1_0 
    where
        a1_0.user_id=?
2025-11-17 20:10:14 - 
    select
        a1_0.user_id,
        a1_0.id,
        a1_0.city,
        a1_0.is_default,
        a1_0.latitude,
        a1_0.longitude,
        a1_0.neighborhood,
        a1_0.street,
        a1_0.zip_code 
    from
        addresses a1_0 
    where
        a1_0.user_id=?
Hibernate: 
    select
        a1_0.user_id,
        a1_0.id,
        a1_0.city,
        a1_0.is_default,
        a1_0.latitude,
        a1_0.longitude,
        a1_0.neighborhood,
        a1_0.street,
        a1_0.zip_code 
    from
        addresses a1_0 
    where
        a1_0.user_id=?
2025-11-17 20:10:14 - 
    select
        a1_0.user_id,
        a1_0.id,
        a1_0.city,
        a1_0.is_default,
        a1_0.latitude,
        a1_0.longitude,
        a1_0.neighborhood,
        a1_0.street,
        a1_0.zip_code 
    from
        addresses a1_0 
    where
        a1_0.user_id=?
Hibernate: 
    select
        a1_0.user_id,
        a1_0.id,
        a1_0.city,
        a1_0.is_default,
        a1_0.latitude,
        a1_0.longitude,
        a1_0.neighborhood,
        a1_0.street,
        a1_0.zip_code 
    from
        addresses a1_0 
    where
        a1_0.user_id=?
2025-11-17 20:10:14 - User retrieved successfully: 7
2025-11-17 20:10:14 - User retrieved successfully: 4
2025-11-17 20:10:14 - User retrieved successfully: 5
2025-11-17 20:10:14 - User retrieved successfully: 3
2025-11-17 20:10:14 - User retrieved successfully: 6
2025-11-17 20:10:55 - JWT token extracted from Authorization header
2025-11-17 20:10:55 - Extracting email from token
2025-11-17 20:10:55 - Extracting all claims from token
2025-11-17 20:10:55 - All claims extracted successfully
2025-11-17 20:10:55 - Email extracted successfully: pepito@test.cl
2025-11-17 20:10:55 - Extracted email from token: pepito@test.cl
2025-11-17 20:10:55 - Attempting to load user by email: pepito@test.cl
2025-11-17 20:10:55 - 
    select
        u1_0.id,
        u1_0.created_at,
        u1_0.email,
        u1_0.name,
        u1_0.password,
        u1_0.phone,
        u1_0.photo,
        u1_0.role,
        u1_0.updated_at 
    from
        users u1_0 
    where
        u1_0.email=?
Hibernate: 
    select
        u1_0.id,
        u1_0.created_at,
        u1_0.email,
        u1_0.name,
        u1_0.password,
        u1_0.phone,
        u1_0.photo,
        u1_0.role,
        u1_0.updated_at 
    from
        users u1_0 
    where
        u1_0.email=?
2025-11-17 20:10:56 - User found successfully with email: pepito@test.cl
2025-11-17 20:10:56 - Added authority: ROLE_CLIENT for user: pepito@test.cl
2025-11-17 20:10:56 - UserDetails created successfully for user: pepito@test.cl
2025-11-17 20:10:56 - Validating token for email: pepito@test.cl
2025-11-17 20:10:56 - Extracting email from token
2025-11-17 20:10:56 - Extracting all claims from token
2025-11-17 20:10:56 - All claims extracted successfully
2025-11-17 20:10:56 - Email extracted successfully: pepito@test.cl
2025-11-17 20:10:56 - Checking if token is expired
2025-11-17 20:10:56 - Extracting expiration date from token
2025-11-17 20:10:56 - Extracting all claims from token
2025-11-17 20:10:56 - All claims extracted successfully
2025-11-17 20:10:56 - Expiration date extracted successfully: Tue Nov 18 20:08:49 GMT-03:00 2025
2025-11-17 20:10:56 - Token expired status: false
2025-11-17 20:10:56 - Token validation successful for email: pepito@test.cl
2025-11-17 20:10:56 - Token validated successfully for user: pepito@test.cl
2025-11-17 20:10:56 - Authentication set in SecurityContextHolder for user: pepito@test.cl
2025-11-17 20:10:56 - Retrieving user with id: 9
2025-11-17 20:10:56 - Fetching user with ID: 9
2025-11-17 20:10:56 - 
    select
        u1_0.id,
        u1_0.created_at,
        u1_0.email,
        u1_0.name,
        u1_0.password,
        u1_0.phone,
        u1_0.photo,
        u1_0.role,
        u1_0.updated_at 
    from
        users u1_0 
    where
        u1_0.id=?
Hibernate: 
    select
        u1_0.id,
        u1_0.created_at,
        u1_0.email,
        u1_0.name,
        u1_0.password,
        u1_0.phone,
        u1_0.photo,
        u1_0.role,
        u1_0.updated_at 
    from
        users u1_0 
    where
        u1_0.id=?
2025-11-17 20:10:56 - User found: pepito@test.cl
2025-11-17 20:10:56 - 
    select
        a1_0.user_id,
        a1_0.id,
        a1_0.city,
        a1_0.is_default,
        a1_0.latitude,
        a1_0.longitude,
        a1_0.neighborhood,
        a1_0.street,
        a1_0.zip_code 
    from
        addresses a1_0 
    where
        a1_0.user_id=?
Hibernate: 
    select
        a1_0.user_id,
        a1_0.id,
        a1_0.city,
        a1_0.is_default,
        a1_0.latitude,
        a1_0.longitude,
        a1_0.neighborhood,
        a1_0.street,
        a1_0.zip_code 
    from
        addresses a1_0 
    where
        a1_0.user_id=?
2025-11-17 20:10:56 - User retrieved successfully: 9
2025-11-17 20:12:01 - Resolving eureka endpoints via configuration
2025-11-17 20:12:21 - No JWT token found in request headers
2025-11-17 20:12:22 - Login attempt for email: carlos.rodriguez@pethome.cl
2025-11-17 20:12:22 - Login attempt for email: carlos.rodriguez@pethome.cl
2025-11-17 20:12:22 - 
    select
        u1_0.id,
        u1_0.created_at,
        u1_0.email,
        u1_0.name,
        u1_0.password,
        u1_0.phone,
        u1_0.photo,
        u1_0.role,
        u1_0.updated_at 
    from
        users u1_0 
    where
        u1_0.email=?
Hibernate: 
    select
        u1_0.id,
        u1_0.created_at,
        u1_0.email,
        u1_0.name,
        u1_0.password,
        u1_0.phone,
        u1_0.photo,
        u1_0.role,
        u1_0.updated_at 
    from
        users u1_0 
    where
        u1_0.email=?
2025-11-17 20:12:22 - User authenticated successfully: carlos.rodriguez@pethome.cl
2025-11-17 20:12:22 - Generating JWT token for email: carlos.rodriguez@pethome.cl with role: VET
2025-11-17 20:12:22 - JWT token successfully generated for email: carlos.rodriguez@pethome.cl
2025-11-17 20:12:22 - JWT token generated for user: carlos.rodriguez@pethome.cl
2025-11-17 20:12:22 - Fetching user with email: carlos.rodriguez@pethome.cl
2025-11-17 20:12:22 - 
    select
        u1_0.id,
        u1_0.created_at,
        u1_0.email,
        u1_0.name,
        u1_0.password,
        u1_0.phone,
        u1_0.photo,
        u1_0.role,
        u1_0.updated_at 
    from
        users u1_0 
    where
        u1_0.email=?
Hibernate: 
    select
        u1_0.id,
        u1_0.created_at,
        u1_0.email,
        u1_0.name,
        u1_0.password,
        u1_0.phone,
        u1_0.photo,
        u1_0.role,
        u1_0.updated_at 
    from
        users u1_0 
    where
        u1_0.email=?
2025-11-17 20:12:22 - User found with ID: 3
2025-11-17 20:12:22 - 
    select
        a1_0.user_id,
        a1_0.id,
        a1_0.city,
        a1_0.is_default,
        a1_0.latitude,
        a1_0.longitude,
        a1_0.neighborhood,
        a1_0.street,
        a1_0.zip_code 
    from
        addresses a1_0 
    where
        a1_0.user_id=?
Hibernate: 
    select
        a1_0.user_id,
        a1_0.id,
        a1_0.city,
        a1_0.is_default,
        a1_0.latitude,
        a1_0.longitude,
        a1_0.neighborhood,
        a1_0.street,
        a1_0.zip_code 
    from
        addresses a1_0 
    where
        a1_0.user_id=?
2025-11-17 20:12:22 - Login successful for user: carlos.rodriguez@pethome.cl
2025-11-17 20:12:22 - User logged in successfully: carlos.rodriguez@pethome.cl
2025-11-17 20:12:23 - JWT token extracted from Authorization header
2025-11-17 20:12:23 - Extracting email from token
2025-11-17 20:12:23 - Extracting all claims from token
2025-11-17 20:12:23 - All claims extracted successfully
2025-11-17 20:12:23 - Email extracted successfully: carlos.rodriguez@pethome.cl
2025-11-17 20:12:23 - Extracted email from token: carlos.rodriguez@pethome.cl
2025-11-17 20:12:23 - Attempting to load user by email: carlos.rodriguez@pethome.cl
2025-11-17 20:12:23 - 
    select
        u1_0.id,
        u1_0.created_at,
        u1_0.email,
        u1_0.name,
        u1_0.password,
        u1_0.phone,
        u1_0.photo,
        u1_0.role,
        u1_0.updated_at 
    from
        users u1_0 
    where
        u1_0.email=?
Hibernate: 
    select
        u1_0.id,
        u1_0.created_at,
        u1_0.email,
        u1_0.name,
        u1_0.password,
        u1_0.phone,
        u1_0.photo,
        u1_0.role,
        u1_0.updated_at 
    from
        users u1_0 
    where
        u1_0.email=?
2025-11-17 20:12:23 - JWT token extracted from Authorization header
2025-11-17 20:12:23 - Extracting email from token
2025-11-17 20:12:23 - Extracting all claims from token
2025-11-17 20:12:23 - JWT token extracted from Authorization header
2025-11-17 20:12:23 - Extracting email from token
2025-11-17 20:12:23 - Extracting all claims from token
2025-11-17 20:12:23 - All claims extracted successfully
2025-11-17 20:12:23 - Email extracted successfully: carlos.rodriguez@pethome.cl
2025-11-17 20:12:23 - Extracted email from token: carlos.rodriguez@pethome.cl
2025-11-17 20:12:23 - Attempting to load user by email: carlos.rodriguez@pethome.cl
2025-11-17 20:12:23 - All claims extracted successfully
2025-11-17 20:12:23 - Email extracted successfully: carlos.rodriguez@pethome.cl
2025-11-17 20:12:23 - Extracted email from token: carlos.rodriguez@pethome.cl
2025-11-17 20:12:23 - Attempting to load user by email: carlos.rodriguez@pethome.cl
2025-11-17 20:12:23 - 
    select
        u1_0.id,
        u1_0.created_at,
        u1_0.email,
        u1_0.name,
        u1_0.password,
        u1_0.phone,
        u1_0.photo,
        u1_0.role,
        u1_0.updated_at 
    from
        users u1_0 
    where
        u1_0.email=?
Hibernate: 
    select
        u1_0.id,
        u1_0.created_at,
        u1_0.email,
        u1_0.name,
        u1_0.password,
        u1_0.phone,
        u1_0.photo,
        u1_0.role,
        u1_0.updated_at 
    from
        users u1_0 
    where
        u1_0.email=?
2025-11-17 20:12:23 - 
    select
        u1_0.id,
        u1_0.created_at,
        u1_0.email,
        u1_0.name,
        u1_0.password,
        u1_0.phone,
        u1_0.photo,
        u1_0.role,
        u1_0.updated_at 
    from
        users u1_0 
    where
        u1_0.email=?
Hibernate: 
    select
        u1_0.id,
        u1_0.created_at,
        u1_0.email,
        u1_0.name,
        u1_0.password,
        u1_0.phone,
        u1_0.photo,
        u1_0.role,
        u1_0.updated_at 
    from
        users u1_0 
    where
        u1_0.email=?
2025-11-17 20:12:24 - User found successfully with email: carlos.rodriguez@pethome.cl
2025-11-17 20:12:24 - Added authority: ROLE_VET for user: carlos.rodriguez@pethome.cl
2025-11-17 20:12:24 - UserDetails created successfully for user: carlos.rodriguez@pethome.cl
2025-11-17 20:12:24 - Validating token for email: carlos.rodriguez@pethome.cl
2025-11-17 20:12:24 - Extracting email from token
2025-11-17 20:12:24 - Extracting all claims from token
2025-11-17 20:12:24 - All claims extracted successfully
2025-11-17 20:12:24 - Email extracted successfully: carlos.rodriguez@pethome.cl
2025-11-17 20:12:24 - Checking if token is expired
2025-11-17 20:12:24 - Extracting expiration date from token
2025-11-17 20:12:24 - Extracting all claims from token
2025-11-17 20:12:24 - All claims extracted successfully
2025-11-17 20:12:24 - Expiration date extracted successfully: Tue Nov 18 20:12:22 GMT-03:00 2025
2025-11-17 20:12:24 - Token expired status: false
2025-11-17 20:12:24 - Token validation successful for email: carlos.rodriguez@pethome.cl
2025-11-17 20:12:24 - Token validated successfully for user: carlos.rodriguez@pethome.cl
2025-11-17 20:12:24 - Authentication set in SecurityContextHolder for user: carlos.rodriguez@pethome.cl
2025-11-17 20:12:24 - Retrieving user with id: 2
2025-11-17 20:12:24 - Fetching user with ID: 2
2025-11-17 20:12:24 - 
    select
        u1_0.id,
        u1_0.created_at,
        u1_0.email,
        u1_0.name,
        u1_0.password,
        u1_0.phone,
        u1_0.photo,
        u1_0.role,
        u1_0.updated_at 
    from
        users u1_0 
    where
        u1_0.id=?
Hibernate: 
    select
        u1_0.id,
        u1_0.created_at,
        u1_0.email,
        u1_0.name,
        u1_0.password,
        u1_0.phone,
        u1_0.photo,
        u1_0.role,
        u1_0.updated_at 
    from
        users u1_0 
    where
        u1_0.id=?
2025-11-17 20:12:24 - User found successfully with email: carlos.rodriguez@pethome.cl
2025-11-17 20:12:24 - Added authority: ROLE_VET for user: carlos.rodriguez@pethome.cl
2025-11-17 20:12:24 - UserDetails created successfully for user: carlos.rodriguez@pethome.cl
2025-11-17 20:12:24 - Validating token for email: carlos.rodriguez@pethome.cl
2025-11-17 20:12:24 - Extracting email from token
2025-11-17 20:12:24 - Extracting all claims from token
2025-11-17 20:12:24 - User found successfully with email: carlos.rodriguez@pethome.cl
2025-11-17 20:12:24 - Added authority: ROLE_VET for user: carlos.rodriguez@pethome.cl
2025-11-17 20:12:24 - UserDetails created successfully for user: carlos.rodriguez@pethome.cl
2025-11-17 20:12:24 - Validating token for email: carlos.rodriguez@pethome.cl
2025-11-17 20:12:24 - Extracting email from token
2025-11-17 20:12:24 - Extracting all claims from token
2025-11-17 20:12:24 - All claims extracted successfully
2025-11-17 20:12:24 - Email extracted successfully: carlos.rodriguez@pethome.cl
2025-11-17 20:12:24 - Checking if token is expired
2025-11-17 20:12:24 - Extracting expiration date from token
2025-11-17 20:12:24 - Extracting all claims from token
2025-11-17 20:12:24 - All claims extracted successfully
2025-11-17 20:12:24 - Email extracted successfully: carlos.rodriguez@pethome.cl
2025-11-17 20:12:24 - Checking if token is expired
2025-11-17 20:12:24 - Extracting expiration date from token
2025-11-17 20:12:24 - Extracting all claims from token
2025-11-17 20:12:24 - All claims extracted successfully
2025-11-17 20:12:24 - Expiration date extracted successfully: Tue Nov 18 20:12:22 GMT-03:00 2025
2025-11-17 20:12:24 - All claims extracted successfully
2025-11-17 20:12:24 - Expiration date extracted successfully: Tue Nov 18 20:12:22 GMT-03:00 2025
2025-11-17 20:12:24 - Token expired status: false
2025-11-17 20:12:24 - Token validation successful for email: carlos.rodriguez@pethome.cl
2025-11-17 20:12:24 - Token validated successfully for user: carlos.rodriguez@pethome.cl
2025-11-17 20:12:24 - Token expired status: false
2025-11-17 20:12:24 - Token validation successful for email: carlos.rodriguez@pethome.cl
2025-11-17 20:12:24 - Token validated successfully for user: carlos.rodriguez@pethome.cl
2025-11-17 20:12:24 - Authentication set in SecurityContextHolder for user: carlos.rodriguez@pethome.cl
2025-11-17 20:12:24 - Retrieving user with id: 8
2025-11-17 20:12:24 - Fetching user with ID: 8
2025-11-17 20:12:24 - Authentication set in SecurityContextHolder for user: carlos.rodriguez@pethome.cl
2025-11-17 20:12:24 - 
    select
        u1_0.id,
        u1_0.created_at,
        u1_0.email,
        u1_0.name,
        u1_0.password,
        u1_0.phone,
        u1_0.photo,
        u1_0.role,
        u1_0.updated_at 
    from
        users u1_0 
    where
        u1_0.id=?
Hibernate: 
    select
        u1_0.id,
        u1_0.created_at,
        u1_0.email,
        u1_0.name,
        u1_0.password,
        u1_0.phone,
        u1_0.photo,
        u1_0.role,
        u1_0.updated_at 
    from
        users u1_0 
    where
        u1_0.id=?
2025-11-17 20:12:24 - Retrieving user with id: 9
2025-11-17 20:12:24 - Fetching user with ID: 9
2025-11-17 20:12:24 - 
    select
        u1_0.id,
        u1_0.created_at,
        u1_0.email,
        u1_0.name,
        u1_0.password,
        u1_0.phone,
        u1_0.photo,
        u1_0.role,
        u1_0.updated_at 
    from
        users u1_0 
    where
        u1_0.id=?
Hibernate: 
    select
        u1_0.id,
        u1_0.created_at,
        u1_0.email,
        u1_0.name,
        u1_0.password,
        u1_0.phone,
        u1_0.photo,
        u1_0.role,
        u1_0.updated_at 
    from
        users u1_0 
    where
        u1_0.id=?
2025-11-17 20:12:24 - User found: testing@test.cl
2025-11-17 20:12:24 - 
    select
        a1_0.user_id,
        a1_0.id,
        a1_0.city,
        a1_0.is_default,
        a1_0.latitude,
        a1_0.longitude,
        a1_0.neighborhood,
        a1_0.street,
        a1_0.zip_code 
    from
        addresses a1_0 
    where
        a1_0.user_id=?
Hibernate: 
    select
        a1_0.user_id,
        a1_0.id,
        a1_0.city,
        a1_0.is_default,
        a1_0.latitude,
        a1_0.longitude,
        a1_0.neighborhood,
        a1_0.street,
        a1_0.zip_code 
    from
        addresses a1_0 
    where
        a1_0.user_id=?
2025-11-17 20:12:24 - User found: vic@test.cl
2025-11-17 20:12:24 - User found: pepito@test.cl
2025-11-17 20:12:24 - 
    select
        a1_0.user_id,
        a1_0.id,
        a1_0.city,
        a1_0.is_default,
        a1_0.latitude,
        a1_0.longitude,
        a1_0.neighborhood,
        a1_0.street,
        a1_0.zip_code 
    from
        addresses a1_0 
    where
        a1_0.user_id=?
Hibernate: 
    select
        a1_0.user_id,
        a1_0.id,
        a1_0.city,
        a1_0.is_default,
        a1_0.latitude,
        a1_0.longitude,
        a1_0.neighborhood,
        a1_0.street,
        a1_0.zip_code 
    from
        addresses a1_0 
    where
        a1_0.user_id=?
2025-11-17 20:12:24 - 
    select
        a1_0.user_id,
        a1_0.id,
        a1_0.city,
        a1_0.is_default,
        a1_0.latitude,
        a1_0.longitude,
        a1_0.neighborhood,
        a1_0.street,
        a1_0.zip_code 
    from
        addresses a1_0 
    where
        a1_0.user_id=?
Hibernate: 
    select
        a1_0.user_id,
        a1_0.id,
        a1_0.city,
        a1_0.is_default,
        a1_0.latitude,
        a1_0.longitude,
        a1_0.neighborhood,
        a1_0.street,
        a1_0.zip_code 
    from
        addresses a1_0 
    where
        a1_0.user_id=?
2025-11-17 20:12:24 - User retrieved successfully: 2
2025-11-17 20:12:24 - JWT token extracted from Authorization header
2025-11-17 20:12:24 - Extracting email from token
2025-11-17 20:12:24 - Extracting all claims from token
2025-11-17 20:12:24 - All claims extracted successfully
2025-11-17 20:12:24 - Email extracted successfully: carlos.rodriguez@pethome.cl
2025-11-17 20:12:24 - Extracted email from token: carlos.rodriguez@pethome.cl
2025-11-17 20:12:24 - Attempting to load user by email: carlos.rodriguez@pethome.cl
2025-11-17 20:12:24 - 
    select
        u1_0.id,
        u1_0.created_at,
        u1_0.email,
        u1_0.name,
        u1_0.password,
        u1_0.phone,
        u1_0.photo,
        u1_0.role,
        u1_0.updated_at 
    from
        users u1_0 
    where
        u1_0.email=?
Hibernate: 
    select
        u1_0.id,
        u1_0.created_at,
        u1_0.email,
        u1_0.name,
        u1_0.password,
        u1_0.phone,
        u1_0.photo,
        u1_0.role,
        u1_0.updated_at 
    from
        users u1_0 
    where
        u1_0.email=?
2025-11-17 20:12:24 - User retrieved successfully: 8
2025-11-17 20:12:24 - User retrieved successfully: 9
2025-11-17 20:12:24 - JWT token extracted from Authorization header
2025-11-17 20:12:24 - Extracting email from token
2025-11-17 20:12:24 - Extracting all claims from token
2025-11-17 20:12:24 - All claims extracted successfully
2025-11-17 20:12:24 - Email extracted successfully: carlos.rodriguez@pethome.cl
2025-11-17 20:12:24 - Extracted email from token: carlos.rodriguez@pethome.cl
2025-11-17 20:12:24 - Attempting to load user by email: carlos.rodriguez@pethome.cl
2025-11-17 20:12:24 - 
    select
        u1_0.id,
        u1_0.created_at,
        u1_0.email,
        u1_0.name,
        u1_0.password,
        u1_0.phone,
        u1_0.photo,
        u1_0.role,
        u1_0.updated_at 
    from
        users u1_0 
    where
        u1_0.email=?
Hibernate: 
    select
        u1_0.id,
        u1_0.created_at,
        u1_0.email,
        u1_0.name,
        u1_0.password,
        u1_0.phone,
        u1_0.photo,
        u1_0.role,
        u1_0.updated_at 
    from
        users u1_0 
    where
        u1_0.email=?
2025-11-17 20:12:24 - User found successfully with email: carlos.rodriguez@pethome.cl
2025-11-17 20:12:24 - Added authority: ROLE_VET for user: carlos.rodriguez@pethome.cl
2025-11-17 20:12:24 - UserDetails created successfully for user: carlos.rodriguez@pethome.cl
2025-11-17 20:12:24 - Validating token for email: carlos.rodriguez@pethome.cl
2025-11-17 20:12:24 - Extracting email from token
2025-11-17 20:12:24 - Extracting all claims from token
2025-11-17 20:12:24 - All claims extracted successfully
2025-11-17 20:12:24 - Email extracted successfully: carlos.rodriguez@pethome.cl
2025-11-17 20:12:24 - Checking if token is expired
2025-11-17 20:12:24 - Extracting expiration date from token
2025-11-17 20:12:24 - Extracting all claims from token
2025-11-17 20:12:24 - All claims extracted successfully
2025-11-17 20:12:24 - Expiration date extracted successfully: Tue Nov 18 20:12:22 GMT-03:00 2025
2025-11-17 20:12:24 - Token expired status: false
2025-11-17 20:12:24 - Token validation successful for email: carlos.rodriguez@pethome.cl
2025-11-17 20:12:24 - Token validated successfully for user: carlos.rodriguez@pethome.cl
2025-11-17 20:12:24 - Authentication set in SecurityContextHolder for user: carlos.rodriguez@pethome.cl
2025-11-17 20:12:24 - Retrieving user with id: 8
2025-11-17 20:12:24 - Fetching user with ID: 8
2025-11-17 20:12:24 - 
    select
        u1_0.id,
        u1_0.created_at,
        u1_0.email,
        u1_0.name,
        u1_0.password,
        u1_0.phone,
        u1_0.photo,
        u1_0.role,
        u1_0.updated_at 
    from
        users u1_0 
    where
        u1_0.id=?
Hibernate: 
    select
        u1_0.id,
        u1_0.created_at,
        u1_0.email,
        u1_0.name,
        u1_0.password,
        u1_0.phone,
        u1_0.photo,
        u1_0.role,
        u1_0.updated_at 
    from
        users u1_0 
    where
        u1_0.id=?
2025-11-17 20:12:24 - User found successfully with email: carlos.rodriguez@pethome.cl
2025-11-17 20:12:24 - Added authority: ROLE_VET for user: carlos.rodriguez@pethome.cl
2025-11-17 20:12:24 - UserDetails created successfully for user: carlos.rodriguez@pethome.cl
2025-11-17 20:12:24 - Validating token for email: carlos.rodriguez@pethome.cl
2025-11-17 20:12:24 - Extracting email from token
2025-11-17 20:12:24 - Extracting all claims from token
2025-11-17 20:12:24 - All claims extracted successfully
2025-11-17 20:12:24 - Email extracted successfully: carlos.rodriguez@pethome.cl
2025-11-17 20:12:24 - Checking if token is expired
2025-11-17 20:12:24 - Extracting expiration date from token
2025-11-17 20:12:24 - Extracting all claims from token
2025-11-17 20:12:24 - All claims extracted successfully
2025-11-17 20:12:24 - Expiration date extracted successfully: Tue Nov 18 20:12:22 GMT-03:00 2025
2025-11-17 20:12:24 - Token expired status: false
2025-11-17 20:12:24 - Token validation successful for email: carlos.rodriguez@pethome.cl
2025-11-17 20:12:24 - Token validated successfully for user: carlos.rodriguez@pethome.cl
2025-11-17 20:12:24 - Authentication set in SecurityContextHolder for user: carlos.rodriguez@pethome.cl
2025-11-17 20:12:24 - Retrieving user with id: 2
2025-11-17 20:12:24 - Fetching user with ID: 2
2025-11-17 20:12:24 - 
    select
        u1_0.id,
        u1_0.created_at,
        u1_0.email,
        u1_0.name,
        u1_0.password,
        u1_0.phone,
        u1_0.photo,
        u1_0.role,
        u1_0.updated_at 
    from
        users u1_0 
    where
        u1_0.id=?
Hibernate: 
    select
        u1_0.id,
        u1_0.created_at,
        u1_0.email,
        u1_0.name,
        u1_0.password,
        u1_0.phone,
        u1_0.photo,
        u1_0.role,
        u1_0.updated_at 
    from
        users u1_0 
    where
        u1_0.id=?
2025-11-17 20:12:24 - User found: vic@test.cl
2025-11-17 20:12:24 - 
    select
        a1_0.user_id,
        a1_0.id,
        a1_0.city,
        a1_0.is_default,
        a1_0.latitude,
        a1_0.longitude,
        a1_0.neighborhood,
        a1_0.street,
        a1_0.zip_code 
    from
        addresses a1_0 
    where
        a1_0.user_id=?
Hibernate: 
    select
        a1_0.user_id,
        a1_0.id,
        a1_0.city,
        a1_0.is_default,
        a1_0.latitude,
        a1_0.longitude,
        a1_0.neighborhood,
        a1_0.street,
        a1_0.zip_code 
    from
        addresses a1_0 
    where
        a1_0.user_id=?
2025-11-17 20:12:24 - User found: testing@test.cl
2025-11-17 20:12:24 - 
    select
        a1_0.user_id,
        a1_0.id,
        a1_0.city,
        a1_0.is_default,
        a1_0.latitude,
        a1_0.longitude,
        a1_0.neighborhood,
        a1_0.street,
        a1_0.zip_code 
    from
        addresses a1_0 
    where
        a1_0.user_id=?
Hibernate: 
    select
        a1_0.user_id,
        a1_0.id,
        a1_0.city,
        a1_0.is_default,
        a1_0.latitude,
        a1_0.longitude,
        a1_0.neighborhood,
        a1_0.street,
        a1_0.zip_code 
    from
        addresses a1_0 
    where
        a1_0.user_id=?
2025-11-17 20:12:25 - User retrieved successfully: 8
2025-11-17 20:12:25 - User retrieved successfully: 2
2025-11-17 20:12:25 - JWT token extracted from Authorization header
2025-11-17 20:12:25 - Extracting email from token
2025-11-17 20:12:25 - Extracting all claims from token
2025-11-17 20:12:25 - All claims extracted successfully
2025-11-17 20:12:25 - Email extracted successfully: carlos.rodriguez@pethome.cl
2025-11-17 20:12:25 - Extracted email from token: carlos.rodriguez@pethome.cl
2025-11-17 20:12:25 - Attempting to load user by email: carlos.rodriguez@pethome.cl
2025-11-17 20:12:25 - 
    select
        u1_0.id,
        u1_0.created_at,
        u1_0.email,
        u1_0.name,
        u1_0.password,
        u1_0.phone,
        u1_0.photo,
        u1_0.role,
        u1_0.updated_at 
    from
        users u1_0 
    where
        u1_0.email=?
Hibernate: 
    select
        u1_0.id,
        u1_0.created_at,
        u1_0.email,
        u1_0.name,
        u1_0.password,
        u1_0.phone,
        u1_0.photo,
        u1_0.role,
        u1_0.updated_at 
    from
        users u1_0 
    where
        u1_0.email=?
2025-11-17 20:12:25 - User found successfully with email: carlos.rodriguez@pethome.cl
2025-11-17 20:12:25 - Added authority: ROLE_VET for user: carlos.rodriguez@pethome.cl
2025-11-17 20:12:25 - UserDetails created successfully for user: carlos.rodriguez@pethome.cl
2025-11-17 20:12:25 - Validating token for email: carlos.rodriguez@pethome.cl
2025-11-17 20:12:25 - Extracting email from token
2025-11-17 20:12:25 - Extracting all claims from token
2025-11-17 20:12:25 - All claims extracted successfully
2025-11-17 20:12:25 - Email extracted successfully: carlos.rodriguez@pethome.cl
2025-11-17 20:12:25 - Checking if token is expired
2025-11-17 20:12:25 - Extracting expiration date from token
2025-11-17 20:12:25 - Extracting all claims from token
2025-11-17 20:12:25 - All claims extracted successfully
2025-11-17 20:12:25 - Expiration date extracted successfully: Tue Nov 18 20:12:22 GMT-03:00 2025
2025-11-17 20:12:25 - Token expired status: false
2025-11-17 20:12:25 - Token validation successful for email: carlos.rodriguez@pethome.cl
2025-11-17 20:12:25 - Token validated successfully for user: carlos.rodriguez@pethome.cl
2025-11-17 20:12:25 - Authentication set in SecurityContextHolder for user: carlos.rodriguez@pethome.cl
2025-11-17 20:12:25 - Retrieving user with id: 2
2025-11-17 20:12:25 - Fetching user with ID: 2
2025-11-17 20:12:25 - 
    select
        u1_0.id,
        u1_0.created_at,
        u1_0.email,
        u1_0.name,
        u1_0.password,
        u1_0.phone,
        u1_0.photo,
        u1_0.role,
        u1_0.updated_at 
    from
        users u1_0 
    where
        u1_0.id=?
Hibernate: 
    select
        u1_0.id,
        u1_0.created_at,
        u1_0.email,
        u1_0.name,
        u1_0.password,
        u1_0.phone,
        u1_0.photo,
        u1_0.role,
        u1_0.updated_at 
    from
        users u1_0 
    where
        u1_0.id=?
2025-11-17 20:12:25 - User found: testing@test.cl
2025-11-17 20:12:25 - 
    select
        a1_0.user_id,
        a1_0.id,
        a1_0.city,
        a1_0.is_default,
        a1_0.latitude,
        a1_0.longitude,
        a1_0.neighborhood,
        a1_0.street,
        a1_0.zip_code 
    from
        addresses a1_0 
    where
        a1_0.user_id=?
Hibernate: 
    select
        a1_0.user_id,
        a1_0.id,
        a1_0.city,
        a1_0.is_default,
        a1_0.latitude,
        a1_0.longitude,
        a1_0.neighborhood,
        a1_0.street,
        a1_0.zip_code 
    from
        addresses a1_0 
    where
        a1_0.user_id=?
2025-11-17 20:12:25 - User retrieved successfully: 2
2025-11-17 20:13:27 - JWT token extracted from Authorization header
2025-11-17 20:13:27 - JWT token extracted from Authorization header
2025-11-17 20:13:27 - Extracting email from token
2025-11-17 20:13:27 - Extracting email from token
2025-11-17 20:13:27 - Extracting all claims from token
2025-11-17 20:13:27 - Extracting all claims from token
2025-11-17 20:13:27 - JWT token extracted from Authorization header
2025-11-17 20:13:27 - Extracting email from token
2025-11-17 20:13:27 - Extracting all claims from token
2025-11-17 20:13:27 - All claims extracted successfully
2025-11-17 20:13:27 - All claims extracted successfully
2025-11-17 20:13:27 - All claims extracted successfully
2025-11-17 20:13:27 - Email extracted successfully: carlos.rodriguez@pethome.cl
2025-11-17 20:13:27 - Email extracted successfully: carlos.rodriguez@pethome.cl
2025-11-17 20:13:27 - Email extracted successfully: carlos.rodriguez@pethome.cl
2025-11-17 20:13:27 - Extracted email from token: carlos.rodriguez@pethome.cl
2025-11-17 20:13:27 - Extracted email from token: carlos.rodriguez@pethome.cl
2025-11-17 20:13:27 - Extracted email from token: carlos.rodriguez@pethome.cl
2025-11-17 20:13:27 - Attempting to load user by email: carlos.rodriguez@pethome.cl
2025-11-17 20:13:27 - Attempting to load user by email: carlos.rodriguez@pethome.cl
2025-11-17 20:13:27 - Attempting to load user by email: carlos.rodriguez@pethome.cl
2025-11-17 20:13:27 - 
    select
        u1_0.id,
        u1_0.created_at,
        u1_0.email,
        u1_0.name,
        u1_0.password,
        u1_0.phone,
        u1_0.photo,
        u1_0.role,
        u1_0.updated_at 
    from
        users u1_0 
    where
        u1_0.email=?
2025-11-17 20:13:27 - 
    select
        u1_0.id,
        u1_0.created_at,
        u1_0.email,
        u1_0.name,
        u1_0.password,
        u1_0.phone,
        u1_0.photo,
        u1_0.role,
        u1_0.updated_at 
    from
        users u1_0 
    where
        u1_0.email=?
2025-11-17 20:13:27 - 
    select
        u1_0.id,
        u1_0.created_at,
        u1_0.email,
        u1_0.name,
        u1_0.password,
        u1_0.phone,
        u1_0.photo,
        u1_0.role,
        u1_0.updated_at 
    from
        users u1_0 
    where
        u1_0.email=?
Hibernate: 
    select
        u1_0.id,
        u1_0.created_at,
        u1_0.email,
        u1_0.name,
        u1_0.password,
        u1_0.phone,
        u1_0.photo,
        u1_0.role,
        u1_0.updated_at 
    from
        users u1_0 
    where
        u1_0.email=?
Hibernate: 
    select
        u1_0.id,
        u1_0.created_at,
        u1_0.email,
        u1_0.name,
        u1_0.password,
        u1_0.phone,
        u1_0.photo,
        u1_0.role,
        u1_0.updated_at 
    from
        users u1_0 
    where
        u1_0.email=?
Hibernate: 
    select
        u1_0.id,
        u1_0.created_at,
        u1_0.email,
        u1_0.name,
        u1_0.password,
        u1_0.phone,
        u1_0.photo,
        u1_0.role,
        u1_0.updated_at 
    from
        users u1_0 
    where
        u1_0.email=?
2025-11-17 20:13:28 - User found successfully with email: carlos.rodriguez@pethome.cl
2025-11-17 20:13:28 - Added authority: ROLE_VET for user: carlos.rodriguez@pethome.cl
2025-11-17 20:13:28 - User found successfully with email: carlos.rodriguez@pethome.cl
2025-11-17 20:13:28 - Added authority: ROLE_VET for user: carlos.rodriguez@pethome.cl
2025-11-17 20:13:28 - User found successfully with email: carlos.rodriguez@pethome.cl
2025-11-17 20:13:28 - UserDetails created successfully for user: carlos.rodriguez@pethome.cl
2025-11-17 20:13:28 - UserDetails created successfully for user: carlos.rodriguez@pethome.cl
2025-11-17 20:13:28 - Added authority: ROLE_VET for user: carlos.rodriguez@pethome.cl
2025-11-17 20:13:28 - Validating token for email: carlos.rodriguez@pethome.cl
2025-11-17 20:13:28 - Extracting email from token
2025-11-17 20:13:28 - Extracting all claims from token
2025-11-17 20:13:28 - Validating token for email: carlos.rodriguez@pethome.cl
2025-11-17 20:13:28 - Extracting email from token
2025-11-17 20:13:28 - Extracting all claims from token
2025-11-17 20:13:28 - UserDetails created successfully for user: carlos.rodriguez@pethome.cl
2025-11-17 20:13:28 - Validating token for email: carlos.rodriguez@pethome.cl
2025-11-17 20:13:28 - Extracting email from token
2025-11-17 20:13:28 - Extracting all claims from token
2025-11-17 20:13:28 - All claims extracted successfully
2025-11-17 20:13:28 - Email extracted successfully: carlos.rodriguez@pethome.cl
2025-11-17 20:13:28 - Checking if token is expired
2025-11-17 20:13:28 - Extracting expiration date from token
2025-11-17 20:13:28 - Extracting all claims from token
2025-11-17 20:13:28 - All claims extracted successfully
2025-11-17 20:13:28 - Email extracted successfully: carlos.rodriguez@pethome.cl
2025-11-17 20:13:28 - Checking if token is expired
2025-11-17 20:13:28 - Extracting expiration date from token
2025-11-17 20:13:28 - Extracting all claims from token
2025-11-17 20:13:28 - All claims extracted successfully
2025-11-17 20:13:28 - Email extracted successfully: carlos.rodriguez@pethome.cl
2025-11-17 20:13:28 - Checking if token is expired
2025-11-17 20:13:28 - Extracting expiration date from token
2025-11-17 20:13:28 - Extracting all claims from token
2025-11-17 20:13:28 - All claims extracted successfully
2025-11-17 20:13:28 - Expiration date extracted successfully: Tue Nov 18 20:12:22 GMT-03:00 2025
2025-11-17 20:13:28 - Token expired status: false
2025-11-17 20:13:28 - Token validation successful for email: carlos.rodriguez@pethome.cl
2025-11-17 20:13:28 - Token validated successfully for user: carlos.rodriguez@pethome.cl
2025-11-17 20:13:28 - Authentication set in SecurityContextHolder for user: carlos.rodriguez@pethome.cl
2025-11-17 20:13:28 - All claims extracted successfully
2025-11-17 20:13:28 - All claims extracted successfully
2025-11-17 20:13:28 - Expiration date extracted successfully: Tue Nov 18 20:12:22 GMT-03:00 2025
2025-11-17 20:13:28 - Expiration date extracted successfully: Tue Nov 18 20:12:22 GMT-03:00 2025
2025-11-17 20:13:28 - Token expired status: false
2025-11-17 20:13:28 - Token expired status: false
2025-11-17 20:13:28 - Token validation successful for email: carlos.rodriguez@pethome.cl
2025-11-17 20:13:28 - Token validated successfully for user: carlos.rodriguez@pethome.cl
2025-11-17 20:13:28 - Authentication set in SecurityContextHolder for user: carlos.rodriguez@pethome.cl
2025-11-17 20:13:28 - Token validation successful for email: carlos.rodriguez@pethome.cl
2025-11-17 20:13:28 - Token validated successfully for user: carlos.rodriguez@pethome.cl
2025-11-17 20:13:28 - Authentication set in SecurityContextHolder for user: carlos.rodriguez@pethome.cl
2025-11-17 20:13:28 - Retrieving user with id: 8
2025-11-17 20:13:28 - Retrieving user with id: 2
2025-11-17 20:13:28 - Retrieving user with id: 9
2025-11-17 20:13:28 - Fetching user with ID: 2
2025-11-17 20:13:28 - Fetching user with ID: 8
2025-11-17 20:13:28 - Fetching user with ID: 9
2025-11-17 20:13:28 - 
    select
        u1_0.id,
        u1_0.created_at,
        u1_0.email,
        u1_0.name,
        u1_0.password,
        u1_0.phone,
        u1_0.photo,
        u1_0.role,
        u1_0.updated_at 
    from
        users u1_0 
    where
        u1_0.id=?
Hibernate: 
    select
        u1_0.id,
        u1_0.created_at,
        u1_0.email,
        u1_0.name,
        u1_0.password,
        u1_0.phone,
        u1_0.photo,
        u1_0.role,
        u1_0.updated_at 
    from
        users u1_0 
    where
        u1_0.id=?
2025-11-17 20:13:28 - 
    select
        u1_0.id,
        u1_0.created_at,
        u1_0.email,
        u1_0.name,
        u1_0.password,
        u1_0.phone,
        u1_0.photo,
        u1_0.role,
        u1_0.updated_at 
    from
        users u1_0 
    where
        u1_0.id=?
Hibernate: 
    select
        u1_0.id,
        u1_0.created_at,
        u1_0.email,
        u1_0.name,
        u1_0.password,
        u1_0.phone,
        u1_0.photo,
        u1_0.role,
        u1_0.updated_at 
    from
        users u1_0 
    where
        u1_0.id=?
2025-11-17 20:13:28 - 
    select
        u1_0.id,
        u1_0.created_at,
        u1_0.email,
        u1_0.name,
        u1_0.password,
        u1_0.phone,
        u1_0.photo,
        u1_0.role,
        u1_0.updated_at 
    from
        users u1_0 
    where
        u1_0.id=?
Hibernate: 
    select
        u1_0.id,
        u1_0.created_at,
        u1_0.email,
        u1_0.name,
        u1_0.password,
        u1_0.phone,
        u1_0.photo,
        u1_0.role,
        u1_0.updated_at 
    from
        users u1_0 
    where
        u1_0.id=?
2025-11-17 20:13:28 - User found: testing@test.cl
2025-11-17 20:13:28 - User found: pepito@test.cl
2025-11-17 20:13:28 - User found: vic@test.cl
2025-11-17 20:13:28 - 
    select
        a1_0.user_id,
        a1_0.id,
        a1_0.city,
        a1_0.is_default,
        a1_0.latitude,
        a1_0.longitude,
        a1_0.neighborhood,
        a1_0.street,
        a1_0.zip_code 
    from
        addresses a1_0 
    where
        a1_0.user_id=?
2025-11-17 20:13:28 - 
    select
        a1_0.user_id,
        a1_0.id,
        a1_0.city,
        a1_0.is_default,
        a1_0.latitude,
        a1_0.longitude,
        a1_0.neighborhood,
        a1_0.street,
        a1_0.zip_code 
    from
        addresses a1_0 
    where
        a1_0.user_id=?
Hibernate: 
    select
        a1_0.user_id,
        a1_0.id,
        a1_0.city,
        a1_0.is_default,
        a1_0.latitude,
        a1_0.longitude,
        a1_0.neighborhood,
        a1_0.street,
        a1_0.zip_code 
    from
        addresses a1_0 
    where
        a1_0.user_id=?
Hibernate: 
    select
        a1_0.user_id,
        a1_0.id,
        a1_0.city,
        a1_0.is_default,
        a1_0.latitude,
        a1_0.longitude,
        a1_0.neighborhood,
        a1_0.street,
        a1_0.zip_code 
    from
        addresses a1_0 
    where
        a1_0.user_id=?
2025-11-17 20:13:28 - 
    select
        a1_0.user_id,
        a1_0.id,
        a1_0.city,
        a1_0.is_default,
        a1_0.latitude,
        a1_0.longitude,
        a1_0.neighborhood,
        a1_0.street,
        a1_0.zip_code 
    from
        addresses a1_0 
    where
        a1_0.user_id=?
Hibernate: 
    select
        a1_0.user_id,
        a1_0.id,
        a1_0.city,
        a1_0.is_default,
        a1_0.latitude,
        a1_0.longitude,
        a1_0.neighborhood,
        a1_0.street,
        a1_0.zip_code 
    from
        addresses a1_0 
    where
        a1_0.user_id=?
2025-11-17 20:13:28 - User retrieved successfully: 8
2025-11-17 20:13:28 - User retrieved successfully: 2
2025-11-17 20:13:28 - User retrieved successfully: 9
2025-11-17 20:13:28 - JWT token extracted from Authorization header
2025-11-17 20:13:28 - Extracting email from token
2025-11-17 20:13:28 - Extracting all claims from token
2025-11-17 20:13:28 - JWT token extracted from Authorization header
2025-11-17 20:13:28 - Extracting email from token
2025-11-17 20:13:28 - Extracting all claims from token
2025-11-17 20:13:28 - All claims extracted successfully
2025-11-17 20:13:28 - Email extracted successfully: carlos.rodriguez@pethome.cl
2025-11-17 20:13:28 - Extracted email from token: carlos.rodriguez@pethome.cl
2025-11-17 20:13:28 - Attempting to load user by email: carlos.rodriguez@pethome.cl
2025-11-17 20:13:28 - All claims extracted successfully
2025-11-17 20:13:28 - Email extracted successfully: carlos.rodriguez@pethome.cl
2025-11-17 20:13:28 - Extracted email from token: carlos.rodriguez@pethome.cl
2025-11-17 20:13:28 - Attempting to load user by email: carlos.rodriguez@pethome.cl
2025-11-17 20:13:28 - 
    select
        u1_0.id,
        u1_0.created_at,
        u1_0.email,
        u1_0.name,
        u1_0.password,
        u1_0.phone,
        u1_0.photo,
        u1_0.role,
        u1_0.updated_at 
    from
        users u1_0 
    where
        u1_0.email=?
Hibernate: 
    select
        u1_0.id,
        u1_0.created_at,
        u1_0.email,
        u1_0.name,
        u1_0.password,
        u1_0.phone,
        u1_0.photo,
        u1_0.role,
        u1_0.updated_at 
    from
        users u1_0 
    where
        u1_0.email=?
2025-11-17 20:13:28 - 
    select
        u1_0.id,
        u1_0.created_at,
        u1_0.email,
        u1_0.name,
        u1_0.password,
        u1_0.phone,
        u1_0.photo,
        u1_0.role,
        u1_0.updated_at 
    from
        users u1_0 
    where
        u1_0.email=?
Hibernate: 
    select
        u1_0.id,
        u1_0.created_at,
        u1_0.email,
        u1_0.name,
        u1_0.password,
        u1_0.phone,
        u1_0.photo,
        u1_0.role,
        u1_0.updated_at 
    from
        users u1_0 
    where
        u1_0.email=?
2025-11-17 20:13:28 - User found successfully with email: carlos.rodriguez@pethome.cl
2025-11-17 20:13:28 - Added authority: ROLE_VET for user: carlos.rodriguez@pethome.cl
2025-11-17 20:13:28 - UserDetails created successfully for user: carlos.rodriguez@pethome.cl
2025-11-17 20:13:28 - Validating token for email: carlos.rodriguez@pethome.cl
2025-11-17 20:13:28 - Extracting email from token
2025-11-17 20:13:28 - Extracting all claims from token
2025-11-17 20:13:28 - All claims extracted successfully
2025-11-17 20:13:28 - Email extracted successfully: carlos.rodriguez@pethome.cl
2025-11-17 20:13:28 - Checking if token is expired
2025-11-17 20:13:28 - Extracting expiration date from token
2025-11-17 20:13:28 - Extracting all claims from token
2025-11-17 20:13:28 - All claims extracted successfully
2025-11-17 20:13:28 - Expiration date extracted successfully: Tue Nov 18 20:12:22 GMT-03:00 2025
2025-11-17 20:13:28 - Token expired status: false
2025-11-17 20:13:28 - Token validation successful for email: carlos.rodriguez@pethome.cl
2025-11-17 20:13:28 - Token validated successfully for user: carlos.rodriguez@pethome.cl
2025-11-17 20:13:28 - Authentication set in SecurityContextHolder for user: carlos.rodriguez@pethome.cl
2025-11-17 20:13:28 - Retrieving user with id: 8
2025-11-17 20:13:28 - Fetching user with ID: 8
2025-11-17 20:13:28 - 
    select
        u1_0.id,
        u1_0.created_at,
        u1_0.email,
        u1_0.name,
        u1_0.password,
        u1_0.phone,
        u1_0.photo,
        u1_0.role,
        u1_0.updated_at 
    from
        users u1_0 
    where
        u1_0.id=?
Hibernate: 
    select
        u1_0.id,
        u1_0.created_at,
        u1_0.email,
        u1_0.name,
        u1_0.password,
        u1_0.phone,
        u1_0.photo,
        u1_0.role,
        u1_0.updated_at 
    from
        users u1_0 
    where
        u1_0.id=?
2025-11-17 20:13:28 - User found successfully with email: carlos.rodriguez@pethome.cl
2025-11-17 20:13:28 - Added authority: ROLE_VET for user: carlos.rodriguez@pethome.cl
2025-11-17 20:13:28 - UserDetails created successfully for user: carlos.rodriguez@pethome.cl
2025-11-17 20:13:28 - Validating token for email: carlos.rodriguez@pethome.cl
2025-11-17 20:13:28 - Extracting email from token
2025-11-17 20:13:28 - Extracting all claims from token
2025-11-17 20:13:28 - All claims extracted successfully
2025-11-17 20:13:28 - Email extracted successfully: carlos.rodriguez@pethome.cl
2025-11-17 20:13:28 - Checking if token is expired
2025-11-17 20:13:28 - Extracting expiration date from token
2025-11-17 20:13:28 - Extracting all claims from token
2025-11-17 20:13:28 - All claims extracted successfully
2025-11-17 20:13:28 - Expiration date extracted successfully: Tue Nov 18 20:12:22 GMT-03:00 2025
2025-11-17 20:13:28 - Token expired status: false
2025-11-17 20:13:28 - Token validation successful for email: carlos.rodriguez@pethome.cl
2025-11-17 20:13:28 - Token validated successfully for user: carlos.rodriguez@pethome.cl
2025-11-17 20:13:28 - Authentication set in SecurityContextHolder for user: carlos.rodriguez@pethome.cl
2025-11-17 20:13:28 - Retrieving user with id: 2
2025-11-17 20:13:28 - Fetching user with ID: 2
2025-11-17 20:13:28 - 
    select
        u1_0.id,
        u1_0.created_at,
        u1_0.email,
        u1_0.name,
        u1_0.password,
        u1_0.phone,
        u1_0.photo,
        u1_0.role,
        u1_0.updated_at 
    from
        users u1_0 
    where
        u1_0.id=?
Hibernate: 
    select
        u1_0.id,
        u1_0.created_at,
        u1_0.email,
        u1_0.name,
        u1_0.password,
        u1_0.phone,
        u1_0.photo,
        u1_0.role,
        u1_0.updated_at 
    from
        users u1_0 
    where
        u1_0.id=?
2025-11-17 20:13:28 - User found: vic@test.cl
2025-11-17 20:13:28 - 
    select
        a1_0.user_id,
        a1_0.id,
        a1_0.city,
        a1_0.is_default,
        a1_0.latitude,
        a1_0.longitude,
        a1_0.neighborhood,
        a1_0.street,
        a1_0.zip_code 
    from
        addresses a1_0 
    where
        a1_0.user_id=?
Hibernate: 
    select
        a1_0.user_id,
        a1_0.id,
        a1_0.city,
        a1_0.is_default,
        a1_0.latitude,
        a1_0.longitude,
        a1_0.neighborhood,
        a1_0.street,
        a1_0.zip_code 
    from
        addresses a1_0 
    where
        a1_0.user_id=?
2025-11-17 20:13:28 - User found: testing@test.cl
2025-11-17 20:13:28 - 
    select
        a1_0.user_id,
        a1_0.id,
        a1_0.city,
        a1_0.is_default,
        a1_0.latitude,
        a1_0.longitude,
        a1_0.neighborhood,
        a1_0.street,
        a1_0.zip_code 
    from
        addresses a1_0 
    where
        a1_0.user_id=?
Hibernate: 
    select
        a1_0.user_id,
        a1_0.id,
        a1_0.city,
        a1_0.is_default,
        a1_0.latitude,
        a1_0.longitude,
        a1_0.neighborhood,
        a1_0.street,
        a1_0.zip_code 
    from
        addresses a1_0 
    where
        a1_0.user_id=?
2025-11-17 20:13:29 - User retrieved successfully: 8
2025-11-17 20:13:29 - User retrieved successfully: 2
2025-11-17 20:13:29 - JWT token extracted from Authorization header
2025-11-17 20:13:29 - Extracting email from token
2025-11-17 20:13:29 - Extracting all claims from token
2025-11-17 20:13:29 - All claims extracted successfully
2025-11-17 20:13:29 - Email extracted successfully: carlos.rodriguez@pethome.cl
2025-11-17 20:13:29 - Extracted email from token: carlos.rodriguez@pethome.cl
2025-11-17 20:13:29 - Attempting to load user by email: carlos.rodriguez@pethome.cl
2025-11-17 20:13:29 - 
    select
        u1_0.id,
        u1_0.created_at,
        u1_0.email,
        u1_0.name,
        u1_0.password,
        u1_0.phone,
        u1_0.photo,
        u1_0.role,
        u1_0.updated_at 
    from
        users u1_0 
    where
        u1_0.email=?
Hibernate: 
    select
        u1_0.id,
        u1_0.created_at,
        u1_0.email,
        u1_0.name,
        u1_0.password,
        u1_0.phone,
        u1_0.photo,
        u1_0.role,
        u1_0.updated_at 
    from
        users u1_0 
    where
        u1_0.email=?
2025-11-17 20:13:29 - User found successfully with email: carlos.rodriguez@pethome.cl
2025-11-17 20:13:29 - Added authority: ROLE_VET for user: carlos.rodriguez@pethome.cl
2025-11-17 20:13:29 - UserDetails created successfully for user: carlos.rodriguez@pethome.cl
2025-11-17 20:13:29 - Validating token for email: carlos.rodriguez@pethome.cl
2025-11-17 20:13:29 - Extracting email from token
2025-11-17 20:13:29 - Extracting all claims from token
2025-11-17 20:13:29 - All claims extracted successfully
2025-11-17 20:13:29 - Email extracted successfully: carlos.rodriguez@pethome.cl
2025-11-17 20:13:29 - Checking if token is expired
2025-11-17 20:13:29 - Extracting expiration date from token
2025-11-17 20:13:29 - Extracting all claims from token
2025-11-17 20:13:29 - All claims extracted successfully
2025-11-17 20:13:29 - Expiration date extracted successfully: Tue Nov 18 20:12:22 GMT-03:00 2025
2025-11-17 20:13:29 - Token expired status: false
2025-11-17 20:13:29 - Token validation successful for email: carlos.rodriguez@pethome.cl
2025-11-17 20:13:29 - Token validated successfully for user: carlos.rodriguez@pethome.cl
2025-11-17 20:13:29 - Authentication set in SecurityContextHolder for user: carlos.rodriguez@pethome.cl
2025-11-17 20:13:29 - Retrieving user with id: 2
2025-11-17 20:13:29 - Fetching user with ID: 2
2025-11-17 20:13:29 - 
    select
        u1_0.id,
        u1_0.created_at,
        u1_0.email,
        u1_0.name,
        u1_0.password,
        u1_0.phone,
        u1_0.photo,
        u1_0.role,
        u1_0.updated_at 
    from
        users u1_0 
    where
        u1_0.id=?
Hibernate: 
    select
        u1_0.id,
        u1_0.created_at,
        u1_0.email,
        u1_0.name,
        u1_0.password,
        u1_0.phone,
        u1_0.photo,
        u1_0.role,
        u1_0.updated_at 
    from
        users u1_0 
    where
        u1_0.id=?
2025-11-17 20:13:29 - User found: testing@test.cl
2025-11-17 20:13:29 - 
    select
        a1_0.user_id,
        a1_0.id,
        a1_0.city,
        a1_0.is_default,
        a1_0.latitude,
        a1_0.longitude,
        a1_0.neighborhood,
        a1_0.street,
        a1_0.zip_code 
    from
        addresses a1_0 
    where
        a1_0.user_id=?
Hibernate: 
    select
        a1_0.user_id,
        a1_0.id,
        a1_0.city,
        a1_0.is_default,
        a1_0.latitude,
        a1_0.longitude,
        a1_0.neighborhood,
        a1_0.street,
        a1_0.zip_code 
    from
        addresses a1_0 
    where
        a1_0.user_id=?
2025-11-17 20:13:29 - User retrieved successfully: 2
2025-11-17 20:13:32 - JWT token extracted from Authorization header
2025-11-17 20:13:32 - JWT token extracted from Authorization header
2025-11-17 20:13:32 - Extracting email from token
2025-11-17 20:13:32 - Extracting all claims from token
2025-11-17 20:13:32 - Extracting email from token
2025-11-17 20:13:32 - Extracting all claims from token
2025-11-17 20:13:32 - JWT token extracted from Authorization header
2025-11-17 20:13:32 - Extracting email from token
2025-11-17 20:13:32 - JWT token extracted from Authorization header
2025-11-17 20:13:32 - Extracting email from token
2025-11-17 20:13:32 - JWT token extracted from Authorization header
2025-11-17 20:13:32 - Extracting email from token
2025-11-17 20:13:32 - Extracting all claims from token
2025-11-17 20:13:32 - Extracting all claims from token
2025-11-17 20:13:32 - Extracting all claims from token
2025-11-17 20:13:32 - All claims extracted successfully
2025-11-17 20:13:32 - All claims extracted successfully
2025-11-17 20:13:32 - Email extracted successfully: carlos.rodriguez@pethome.cl
2025-11-17 20:13:32 - All claims extracted successfully
2025-11-17 20:13:32 - All claims extracted successfully
2025-11-17 20:13:32 - Email extracted successfully: carlos.rodriguez@pethome.cl
2025-11-17 20:13:32 - All claims extracted successfully
2025-11-17 20:13:32 - Email extracted successfully: carlos.rodriguez@pethome.cl
2025-11-17 20:13:32 - Extracted email from token: carlos.rodriguez@pethome.cl
2025-11-17 20:13:32 - Email extracted successfully: carlos.rodriguez@pethome.cl
2025-11-17 20:13:32 - Extracted email from token: carlos.rodriguez@pethome.cl
2025-11-17 20:13:32 - Email extracted successfully: carlos.rodriguez@pethome.cl
2025-11-17 20:13:32 - Extracted email from token: carlos.rodriguez@pethome.cl
2025-11-17 20:13:32 - Attempting to load user by email: carlos.rodriguez@pethome.cl
2025-11-17 20:13:32 - Extracted email from token: carlos.rodriguez@pethome.cl
2025-11-17 20:13:32 - Attempting to load user by email: carlos.rodriguez@pethome.cl
2025-11-17 20:13:32 - Extracted email from token: carlos.rodriguez@pethome.cl
2025-11-17 20:13:32 - Attempting to load user by email: carlos.rodriguez@pethome.cl
2025-11-17 20:13:32 - Attempting to load user by email: carlos.rodriguez@pethome.cl
2025-11-17 20:13:32 - Attempting to load user by email: carlos.rodriguez@pethome.cl
2025-11-17 20:13:32 - 
    select
        u1_0.id,
        u1_0.created_at,
        u1_0.email,
        u1_0.name,
        u1_0.password,
        u1_0.phone,
        u1_0.photo,
        u1_0.role,
        u1_0.updated_at 
    from
        users u1_0 
    where
        u1_0.email=?
2025-11-17 20:13:32 - 
    select
        u1_0.id,
        u1_0.created_at,
        u1_0.email,
        u1_0.name,
        u1_0.password,
        u1_0.phone,
        u1_0.photo,
        u1_0.role,
        u1_0.updated_at 
    from
        users u1_0 
    where
        u1_0.email=?
Hibernate: 
    select
        u1_0.id,
        u1_0.created_at,
        u1_0.email,
        u1_0.name,
        u1_0.password,
        u1_0.phone,
        u1_0.photo,
        u1_0.role,
        u1_0.updated_at 
    from
        users u1_0 
    where
        u1_0.email=?
Hibernate: 
    select
        u1_0.id,
        u1_0.created_at,
        u1_0.email,
        u1_0.name,
        u1_0.password,
        u1_0.phone,
        u1_0.photo,
        u1_0.role,
        u1_0.updated_at 
    from
        users u1_0 
    where
        u1_0.email=?
2025-11-17 20:13:32 - 
    select
        u1_0.id,
        u1_0.created_at,
        u1_0.email,
        u1_0.name,
        u1_0.password,
        u1_0.phone,
        u1_0.photo,
        u1_0.role,
        u1_0.updated_at 
    from
        users u1_0 
    where
        u1_0.email=?
Hibernate: 
    select
        u1_0.id,
        u1_0.created_at,
        u1_0.email,
        u1_0.name,
        u1_0.password,
        u1_0.phone,
        u1_0.photo,
        u1_0.role,
        u1_0.updated_at 
    from
        users u1_0 
    where
        u1_0.email=?
2025-11-17 20:13:32 - 
    select
        u1_0.id,
        u1_0.created_at,
        u1_0.email,
        u1_0.name,
        u1_0.password,
        u1_0.phone,
        u1_0.photo,
        u1_0.role,
        u1_0.updated_at 
    from
        users u1_0 
    where
        u1_0.email=?
Hibernate: 
    select
        u1_0.id,
        u1_0.created_at,
        u1_0.email,
        u1_0.name,
        u1_0.password,
        u1_0.phone,
        u1_0.photo,
        u1_0.role,
        u1_0.updated_at 
    from
        users u1_0 
    where
        u1_0.email=?
2025-11-17 20:13:32 - 
    select
        u1_0.id,
        u1_0.created_at,
        u1_0.email,
        u1_0.name,
        u1_0.password,
        u1_0.phone,
        u1_0.photo,
        u1_0.role,
        u1_0.updated_at 
    from
        users u1_0 
    where
        u1_0.email=?
Hibernate: 
    select
        u1_0.id,
        u1_0.created_at,
        u1_0.email,
        u1_0.name,
        u1_0.password,
        u1_0.phone,
        u1_0.photo,
        u1_0.role,
        u1_0.updated_at 
    from
        users u1_0 
    where
        u1_0.email=?
2025-11-17 20:13:32 - User found successfully with email: carlos.rodriguez@pethome.cl
2025-11-17 20:13:32 - User found successfully with email: carlos.rodriguez@pethome.cl
2025-11-17 20:13:32 - Added authority: ROLE_VET for user: carlos.rodriguez@pethome.cl
2025-11-17 20:13:32 - UserDetails created successfully for user: carlos.rodriguez@pethome.cl
2025-11-17 20:13:32 - Validating token for email: carlos.rodriguez@pethome.cl
2025-11-17 20:13:32 - Extracting email from token
2025-11-17 20:13:32 - Extracting all claims from token
2025-11-17 20:13:32 - User found successfully with email: carlos.rodriguez@pethome.cl
2025-11-17 20:13:32 - Added authority: ROLE_VET for user: carlos.rodriguez@pethome.cl
2025-11-17 20:13:32 - UserDetails created successfully for user: carlos.rodriguez@pethome.cl
2025-11-17 20:13:32 - Validating token for email: carlos.rodriguez@pethome.cl
2025-11-17 20:13:32 - Extracting email from token
2025-11-17 20:13:32 - Extracting all claims from token
2025-11-17 20:13:32 - User found successfully with email: carlos.rodriguez@pethome.cl
2025-11-17 20:13:32 - Added authority: ROLE_VET for user: carlos.rodriguez@pethome.cl
2025-11-17 20:13:32 - UserDetails created successfully for user: carlos.rodriguez@pethome.cl
2025-11-17 20:13:32 - Validating token for email: carlos.rodriguez@pethome.cl
2025-11-17 20:13:32 - Extracting email from token
2025-11-17 20:13:32 - Extracting all claims from token
2025-11-17 20:13:32 - Added authority: ROLE_VET for user: carlos.rodriguez@pethome.cl
2025-11-17 20:13:32 - UserDetails created successfully for user: carlos.rodriguez@pethome.cl
2025-11-17 20:13:32 - Validating token for email: carlos.rodriguez@pethome.cl
2025-11-17 20:13:32 - Extracting email from token
2025-11-17 20:13:32 - Extracting all claims from token
2025-11-17 20:13:32 - User found successfully with email: carlos.rodriguez@pethome.cl
2025-11-17 20:13:32 - Added authority: ROLE_VET for user: carlos.rodriguez@pethome.cl
2025-11-17 20:13:32 - UserDetails created successfully for user: carlos.rodriguez@pethome.cl
2025-11-17 20:13:32 - Validating token for email: carlos.rodriguez@pethome.cl
2025-11-17 20:13:32 - Extracting email from token
2025-11-17 20:13:32 - Extracting all claims from token
2025-11-17 20:13:32 - All claims extracted successfully
2025-11-17 20:13:32 - Email extracted successfully: carlos.rodriguez@pethome.cl
2025-11-17 20:13:32 - Checking if token is expired
2025-11-17 20:13:32 - Extracting expiration date from token
2025-11-17 20:13:32 - Extracting all claims from token
2025-11-17 20:13:32 - All claims extracted successfully
2025-11-17 20:13:32 - All claims extracted successfully
2025-11-17 20:13:32 - Email extracted successfully: carlos.rodriguez@pethome.cl
2025-11-17 20:13:32 - Checking if token is expired
2025-11-17 20:13:32 - All claims extracted successfully
2025-11-17 20:13:32 - Email extracted successfully: carlos.rodriguez@pethome.cl
2025-11-17 20:13:32 - Checking if token is expired
2025-11-17 20:13:32 - Extracting expiration date from token
2025-11-17 20:13:32 - Extracting all claims from token
2025-11-17 20:13:32 - Extracting expiration date from token
2025-11-17 20:13:32 - Email extracted successfully: carlos.rodriguez@pethome.cl
2025-11-17 20:13:32 - Checking if token is expired
2025-11-17 20:13:32 - Extracting expiration date from token
2025-11-17 20:13:32 - Extracting all claims from token
2025-11-17 20:13:32 - Extracting all claims from token
2025-11-17 20:13:32 - All claims extracted successfully
2025-11-17 20:13:32 - Email extracted successfully: carlos.rodriguez@pethome.cl
2025-11-17 20:13:32 - Checking if token is expired
2025-11-17 20:13:32 - Extracting expiration date from token
2025-11-17 20:13:32 - Extracting all claims from token
2025-11-17 20:13:32 - All claims extracted successfully
2025-11-17 20:13:32 - All claims extracted successfully
2025-11-17 20:13:32 - Expiration date extracted successfully: Tue Nov 18 20:12:22 GMT-03:00 2025
2025-11-17 20:13:32 - Expiration date extracted successfully: Tue Nov 18 20:12:22 GMT-03:00 2025
2025-11-17 20:13:32 - Token expired status: false
2025-11-17 20:13:32 - All claims extracted successfully
2025-11-17 20:13:32 - Token expired status: false
2025-11-17 20:13:32 - Token validation successful for email: carlos.rodriguez@pethome.cl
2025-11-17 20:13:32 - Token validated successfully for user: carlos.rodriguez@pethome.cl
2025-11-17 20:13:32 - Token validation successful for email: carlos.rodriguez@pethome.cl
2025-11-17 20:13:32 - Expiration date extracted successfully: Tue Nov 18 20:12:22 GMT-03:00 2025
2025-11-17 20:13:32 - Token validated successfully for user: carlos.rodriguez@pethome.cl
2025-11-17 20:13:32 - Authentication set in SecurityContextHolder for user: carlos.rodriguez@pethome.cl
2025-11-17 20:13:32 - Token expired status: false
2025-11-17 20:13:32 - Authentication set in SecurityContextHolder for user: carlos.rodriguez@pethome.cl
2025-11-17 20:13:32 - Token validation successful for email: carlos.rodriguez@pethome.cl
2025-11-17 20:13:32 - Token validated successfully for user: carlos.rodriguez@pethome.cl
2025-11-17 20:13:32 - Authentication set in SecurityContextHolder for user: carlos.rodriguez@pethome.cl
2025-11-17 20:13:32 - All claims extracted successfully
2025-11-17 20:13:32 - Expiration date extracted successfully: Tue Nov 18 20:12:22 GMT-03:00 2025
2025-11-17 20:13:32 - Token expired status: false
2025-11-17 20:13:32 - Token validation successful for email: carlos.rodriguez@pethome.cl
2025-11-17 20:13:32 - Token validated successfully for user: carlos.rodriguez@pethome.cl
2025-11-17 20:13:32 - Authentication set in SecurityContextHolder for user: carlos.rodriguez@pethome.cl
2025-11-17 20:13:32 - All claims extracted successfully
2025-11-17 20:13:32 - Expiration date extracted successfully: Tue Nov 18 20:12:22 GMT-03:00 2025
2025-11-17 20:13:32 - Token expired status: false
2025-11-17 20:13:32 - Token validation successful for email: carlos.rodriguez@pethome.cl
2025-11-17 20:13:32 - Token validated successfully for user: carlos.rodriguez@pethome.cl
2025-11-17 20:13:32 - Authentication set in SecurityContextHolder for user: carlos.rodriguez@pethome.cl
2025-11-17 20:13:32 - Retrieving user with id: 7
2025-11-17 20:13:32 - Retrieving user with id: 5
2025-11-17 20:13:32 - Retrieving user with id: 4
2025-11-17 20:13:32 - Retrieving user with id: 6
2025-11-17 20:13:32 - Retrieving user with id: 3
2025-11-17 20:13:32 - Fetching user with ID: 7
2025-11-17 20:13:32 - Fetching user with ID: 5
2025-11-17 20:13:32 - Fetching user with ID: 3
2025-11-17 20:13:32 - Fetching user with ID: 6
2025-11-17 20:13:32 - Fetching user with ID: 4
2025-11-17 20:13:32 - 
    select
        u1_0.id,
        u1_0.created_at,
        u1_0.email,
        u1_0.name,
        u1_0.password,
        u1_0.phone,
        u1_0.photo,
        u1_0.role,
        u1_0.updated_at 
    from
        users u1_0 
    where
        u1_0.id=?
Hibernate: 
    select
        u1_0.id,
        u1_0.created_at,
        u1_0.email,
        u1_0.name,
        u1_0.password,
        u1_0.phone,
        u1_0.photo,
        u1_0.role,
        u1_0.updated_at 
    from
        users u1_0 
    where
        u1_0.id=?
2025-11-17 20:13:32 - 
    select
        u1_0.id,
        u1_0.created_at,
        u1_0.email,
        u1_0.name,
        u1_0.password,
        u1_0.phone,
        u1_0.photo,
        u1_0.role,
        u1_0.updated_at 
    from
        users u1_0 
    where
        u1_0.id=?
Hibernate: 
    select
        u1_0.id,
        u1_0.created_at,
        u1_0.email,
        u1_0.name,
        u1_0.password,
        u1_0.phone,
        u1_0.photo,
        u1_0.role,
        u1_0.updated_at 
    from
        users u1_0 
    where
        u1_0.id=?
2025-11-17 20:13:32 - 
    select
        u1_0.id,
        u1_0.created_at,
        u1_0.email,
        u1_0.name,
        u1_0.password,
        u1_0.phone,
        u1_0.photo,
        u1_0.role,
        u1_0.updated_at 
    from
        users u1_0 
    where
        u1_0.id=?
2025-11-17 20:13:32 - 
    select
        u1_0.id,
        u1_0.created_at,
        u1_0.email,
        u1_0.name,
        u1_0.password,
        u1_0.phone,
        u1_0.photo,
        u1_0.role,
        u1_0.updated_at 
    from
        users u1_0 
    where
        u1_0.id=?
Hibernate: 
    select
        u1_0.id,
        u1_0.created_at,
        u1_0.email,
        u1_0.name,
        u1_0.password,
        u1_0.phone,
        u1_0.photo,
        u1_0.role,
        u1_0.updated_at 
    from
        users u1_0 
    where
        u1_0.id=?
Hibernate: 
    select
        u1_0.id,
        u1_0.created_at,
        u1_0.email,
        u1_0.name,
        u1_0.password,
        u1_0.phone,
        u1_0.photo,
        u1_0.role,
        u1_0.updated_at 
    from
        users u1_0 
    where
        u1_0.id=?
2025-11-17 20:13:32 - 
    select
        u1_0.id,
        u1_0.created_at,
        u1_0.email,
        u1_0.name,
        u1_0.password,
        u1_0.phone,
        u1_0.photo,
        u1_0.role,
        u1_0.updated_at 
    from
        users u1_0 
    where
        u1_0.id=?
Hibernate: 
    select
        u1_0.id,
        u1_0.created_at,
        u1_0.email,
        u1_0.name,
        u1_0.password,
        u1_0.phone,
        u1_0.photo,
        u1_0.role,
        u1_0.updated_at 
    from
        users u1_0 
    where
        u1_0.id=?
2025-11-17 20:13:32 - User found: carlos.rodriguez@pethome.cl
2025-11-17 20:13:32 - User found: maria.gonzalez@pethome.cl
2025-11-17 20:13:32 - User found: ricardo.morales@pethome.cl
2025-11-17 20:13:32 - User found: jorge.fernandez@pethome.cl
2025-11-17 20:13:32 - 
    select
        a1_0.user_id,
        a1_0.id,
        a1_0.city,
        a1_0.is_default,
        a1_0.latitude,
        a1_0.longitude,
        a1_0.neighborhood,
        a1_0.street,
        a1_0.zip_code 
    from
        addresses a1_0 
    where
        a1_0.user_id=?
Hibernate: 
    select
        a1_0.user_id,
        a1_0.id,
        a1_0.city,
        a1_0.is_default,
        a1_0.latitude,
        a1_0.longitude,
        a1_0.neighborhood,
        a1_0.street,
        a1_0.zip_code 
    from
        addresses a1_0 
    where
        a1_0.user_id=?
2025-11-17 20:13:32 - 
    select
        a1_0.user_id,
        a1_0.id,
        a1_0.city,
        a1_0.is_default,
        a1_0.latitude,
        a1_0.longitude,
        a1_0.neighborhood,
        a1_0.street,
        a1_0.zip_code 
    from
        addresses a1_0 
    where
        a1_0.user_id=?
Hibernate: 
    select
        a1_0.user_id,
        a1_0.id,
        a1_0.city,
        a1_0.is_default,
        a1_0.latitude,
        a1_0.longitude,
        a1_0.neighborhood,
        a1_0.street,
        a1_0.zip_code 
    from
        addresses a1_0 
    where
        a1_0.user_id=?
2025-11-17 20:13:32 - User found: ana.silva@pethome.cl
2025-11-17 20:13:32 - 
    select
        a1_0.user_id,
        a1_0.id,
        a1_0.city,
        a1_0.is_default,
        a1_0.latitude,
        a1_0.longitude,
        a1_0.neighborhood,
        a1_0.street,
        a1_0.zip_code 
    from
        addresses a1_0 
    where
        a1_0.user_id=?
Hibernate: 
    select
        a1_0.user_id,
        a1_0.id,
        a1_0.city,
        a1_0.is_default,
        a1_0.latitude,
        a1_0.longitude,
        a1_0.neighborhood,
        a1_0.street,
        a1_0.zip_code 
    from
        addresses a1_0 
    where
        a1_0.user_id=?
2025-11-17 20:13:32 - 
    select
        a1_0.user_id,
        a1_0.id,
        a1_0.city,
        a1_0.is_default,
        a1_0.latitude,
        a1_0.longitude,
        a1_0.neighborhood,
        a1_0.street,
        a1_0.zip_code 
    from
        addresses a1_0 
    where
        a1_0.user_id=?
Hibernate: 
    select
        a1_0.user_id,
        a1_0.id,
        a1_0.city,
        a1_0.is_default,
        a1_0.latitude,
        a1_0.longitude,
        a1_0.neighborhood,
        a1_0.street,
        a1_0.zip_code 
    from
        addresses a1_0 
    where
        a1_0.user_id=?
2025-11-17 20:13:32 - 
    select
        a1_0.user_id,
        a1_0.id,
        a1_0.city,
        a1_0.is_default,
        a1_0.latitude,
        a1_0.longitude,
        a1_0.neighborhood,
        a1_0.street,
        a1_0.zip_code 
    from
        addresses a1_0 
    where
        a1_0.user_id=?
Hibernate: 
    select
        a1_0.user_id,
        a1_0.id,
        a1_0.city,
        a1_0.is_default,
        a1_0.latitude,
        a1_0.longitude,
        a1_0.neighborhood,
        a1_0.street,
        a1_0.zip_code 
    from
        addresses a1_0 
    where
        a1_0.user_id=?
2025-11-17 20:13:32 - User retrieved successfully: 4
2025-11-17 20:13:32 - User retrieved successfully: 5
2025-11-17 20:13:32 - User retrieved successfully: 7
2025-11-17 20:13:32 - User retrieved successfully: 6
2025-11-17 20:13:32 - User retrieved successfully: 3
2025-11-17 20:15:55 - No JWT token found in request headers
2025-11-17 20:15:55 - Login attempt for email: pepito@test.cl
2025-11-17 20:15:55 - Login attempt for email: pepito@test.cl
2025-11-17 20:15:55 - 
    select
        u1_0.id,
        u1_0.created_at,
        u1_0.email,
        u1_0.name,
        u1_0.password,
        u1_0.phone,
        u1_0.photo,
        u1_0.role,
        u1_0.updated_at 
    from
        users u1_0 
    where
        u1_0.email=?
Hibernate: 
    select
        u1_0.id,
        u1_0.created_at,
        u1_0.email,
        u1_0.name,
        u1_0.password,
        u1_0.phone,
        u1_0.photo,
        u1_0.role,
        u1_0.updated_at 
    from
        users u1_0 
    where
        u1_0.email=?
2025-11-17 20:15:55 - User authenticated successfully: pepito@test.cl
2025-11-17 20:15:55 - Generating JWT token for email: pepito@test.cl with role: CLIENT
2025-11-17 20:15:55 - JWT token successfully generated for email: pepito@test.cl
2025-11-17 20:15:55 - JWT token generated for user: pepito@test.cl
2025-11-17 20:15:55 - Fetching user with email: pepito@test.cl
2025-11-17 20:15:55 - 
    select
        u1_0.id,
        u1_0.created_at,
        u1_0.email,
        u1_0.name,
        u1_0.password,
        u1_0.phone,
        u1_0.photo,
        u1_0.role,
        u1_0.updated_at 
    from
        users u1_0 
    where
        u1_0.email=?
Hibernate: 
    select
        u1_0.id,
        u1_0.created_at,
        u1_0.email,
        u1_0.name,
        u1_0.password,
        u1_0.phone,
        u1_0.photo,
        u1_0.role,
        u1_0.updated_at 
    from
        users u1_0 
    where
        u1_0.email=?
2025-11-17 20:15:56 - User found with ID: 9
2025-11-17 20:15:56 - 
    select
        a1_0.user_id,
        a1_0.id,
        a1_0.city,
        a1_0.is_default,
        a1_0.latitude,
        a1_0.longitude,
        a1_0.neighborhood,
        a1_0.street,
        a1_0.zip_code 
    from
        addresses a1_0 
    where
        a1_0.user_id=?
Hibernate: 
    select
        a1_0.user_id,
        a1_0.id,
        a1_0.city,
        a1_0.is_default,
        a1_0.latitude,
        a1_0.longitude,
        a1_0.neighborhood,
        a1_0.street,
        a1_0.zip_code 
    from
        addresses a1_0 
    where
        a1_0.user_id=?
2025-11-17 20:15:56 - Login successful for user: pepito@test.cl
2025-11-17 20:15:56 - User logged in successfully: pepito@test.cl
2025-11-17 20:15:56 - JWT token extracted from Authorization header
2025-11-17 20:15:56 - Extracting email from token
2025-11-17 20:15:56 - Extracting all claims from token
2025-11-17 20:15:56 - All claims extracted successfully
2025-11-17 20:15:56 - Email extracted successfully: pepito@test.cl
2025-11-17 20:15:56 - Extracted email from token: pepito@test.cl
2025-11-17 20:15:56 - Attempting to load user by email: pepito@test.cl
2025-11-17 20:15:56 - 
    select
        u1_0.id,
        u1_0.created_at,
        u1_0.email,
        u1_0.name,
        u1_0.password,
        u1_0.phone,
        u1_0.photo,
        u1_0.role,
        u1_0.updated_at 
    from
        users u1_0 
    where
        u1_0.email=?
Hibernate: 
    select
        u1_0.id,
        u1_0.created_at,
        u1_0.email,
        u1_0.name,
        u1_0.password,
        u1_0.phone,
        u1_0.photo,
        u1_0.role,
        u1_0.updated_at 
    from
        users u1_0 
    where
        u1_0.email=?
2025-11-17 20:15:57 - User found successfully with email: pepito@test.cl
2025-11-17 20:15:57 - Added authority: ROLE_CLIENT for user: pepito@test.cl
2025-11-17 20:15:57 - UserDetails created successfully for user: pepito@test.cl
2025-11-17 20:15:57 - Validating token for email: pepito@test.cl
2025-11-17 20:15:57 - Extracting email from token
2025-11-17 20:15:57 - Extracting all claims from token
2025-11-17 20:15:57 - All claims extracted successfully
2025-11-17 20:15:57 - Email extracted successfully: pepito@test.cl
2025-11-17 20:15:57 - Checking if token is expired
2025-11-17 20:15:57 - Extracting expiration date from token
2025-11-17 20:15:57 - Extracting all claims from token
2025-11-17 20:15:57 - All claims extracted successfully
2025-11-17 20:15:57 - Expiration date extracted successfully: Tue Nov 18 20:15:55 GMT-03:00 2025
2025-11-17 20:15:57 - Token expired status: false
2025-11-17 20:15:57 - Token validation successful for email: pepito@test.cl
2025-11-17 20:15:57 - Token validated successfully for user: pepito@test.cl
2025-11-17 20:15:57 - Authentication set in SecurityContextHolder for user: pepito@test.cl
2025-11-17 20:15:57 - Retrieving user with id: 9
2025-11-17 20:15:57 - Fetching user with ID: 9
2025-11-17 20:15:57 - 
    select
        u1_0.id,
        u1_0.created_at,
        u1_0.email,
        u1_0.name,
        u1_0.password,
        u1_0.phone,
        u1_0.photo,
        u1_0.role,
        u1_0.updated_at 
    from
        users u1_0 
    where
        u1_0.id=?
Hibernate: 
    select
        u1_0.id,
        u1_0.created_at,
        u1_0.email,
        u1_0.name,
        u1_0.password,
        u1_0.phone,
        u1_0.photo,
        u1_0.role,
        u1_0.updated_at 
    from
        users u1_0 
    where
        u1_0.id=?
2025-11-17 20:15:57 - User found: pepito@test.cl
2025-11-17 20:15:57 - 
    select
        a1_0.user_id,
        a1_0.id,
        a1_0.city,
        a1_0.is_default,
        a1_0.latitude,
        a1_0.longitude,
        a1_0.neighborhood,
        a1_0.street,
        a1_0.zip_code 
    from
        addresses a1_0 
    where
        a1_0.user_id=?
Hibernate: 
    select
        a1_0.user_id,
        a1_0.id,
        a1_0.city,
        a1_0.is_default,
        a1_0.latitude,
        a1_0.longitude,
        a1_0.neighborhood,
        a1_0.street,
        a1_0.zip_code 
    from
        addresses a1_0 
    where
        a1_0.user_id=?
2025-11-17 20:15:57 - User retrieved successfully: 9
2025-11-17 20:17:01 - Resolving eureka endpoints via configuration
2025-11-17 20:22:01 - Resolving eureka endpoints via configuration
2025-11-17 20:25:18 - JWT token extracted from Authorization header
2025-11-17 20:25:18 - Extracting email from token
2025-11-17 20:25:18 - Extracting all claims from token
2025-11-17 20:25:18 - All claims extracted successfully
2025-11-17 20:25:18 - Email extracted successfully: pepito@test.cl
2025-11-17 20:25:18 - Extracted email from token: pepito@test.cl
2025-11-17 20:25:18 - Attempting to load user by email: pepito@test.cl
2025-11-17 20:25:18 - 
    select
        u1_0.id,
        u1_0.created_at,
        u1_0.email,
        u1_0.name,
        u1_0.password,
        u1_0.phone,
        u1_0.photo,
        u1_0.role,
        u1_0.updated_at 
    from
        users u1_0 
    where
        u1_0.email=?
Hibernate: 
    select
        u1_0.id,
        u1_0.created_at,
        u1_0.email,
        u1_0.name,
        u1_0.password,
        u1_0.phone,
        u1_0.photo,
        u1_0.role,
        u1_0.updated_at 
    from
        users u1_0 
    where
        u1_0.email=?
2025-11-17 20:25:19 - User found successfully with email: pepito@test.cl
2025-11-17 20:25:19 - Added authority: ROLE_CLIENT for user: pepito@test.cl
2025-11-17 20:25:19 - UserDetails created successfully for user: pepito@test.cl
2025-11-17 20:25:19 - Validating token for email: pepito@test.cl
2025-11-17 20:25:19 - Extracting email from token
2025-11-17 20:25:19 - Extracting all claims from token
2025-11-17 20:25:19 - All claims extracted successfully
2025-11-17 20:25:19 - Email extracted successfully: pepito@test.cl
2025-11-17 20:25:19 - Checking if token is expired
2025-11-17 20:25:19 - Extracting expiration date from token
2025-11-17 20:25:19 - Extracting all claims from token
2025-11-17 20:25:19 - All claims extracted successfully
2025-11-17 20:25:19 - Expiration date extracted successfully: Tue Nov 18 20:15:55 GMT-03:00 2025
2025-11-17 20:25:19 - Token expired status: false
2025-11-17 20:25:19 - Token validation successful for email: pepito@test.cl
2025-11-17 20:25:19 - Token validated successfully for user: pepito@test.cl
2025-11-17 20:25:19 - Authentication set in SecurityContextHolder for user: pepito@test.cl
2025-11-17 20:25:19 - Retrieving user with id: 9
2025-11-17 20:25:19 - Fetching user with ID: 9
2025-11-17 20:25:19 - 
    select
        u1_0.id,
        u1_0.created_at,
        u1_0.email,
        u1_0.name,
        u1_0.password,
        u1_0.phone,
        u1_0.photo,
        u1_0.role,
        u1_0.updated_at 
    from
        users u1_0 
    where
        u1_0.id=?
Hibernate: 
    select
        u1_0.id,
        u1_0.created_at,
        u1_0.email,
        u1_0.name,
        u1_0.password,
        u1_0.phone,
        u1_0.photo,
        u1_0.role,
        u1_0.updated_at 
    from
        users u1_0 
    where
        u1_0.id=?
2025-11-17 20:25:19 - User found: pepito@test.cl
2025-11-17 20:25:19 - 
    select
        a1_0.user_id,
        a1_0.id,
        a1_0.city,
        a1_0.is_default,
        a1_0.latitude,
        a1_0.longitude,
        a1_0.neighborhood,
        a1_0.street,
        a1_0.zip_code 
    from
        addresses a1_0 
    where
        a1_0.user_id=?
Hibernate: 
    select
        a1_0.user_id,
        a1_0.id,
        a1_0.city,
        a1_0.is_default,
        a1_0.latitude,
        a1_0.longitude,
        a1_0.neighborhood,
        a1_0.street,
        a1_0.zip_code 
    from
        addresses a1_0 
    where
        a1_0.user_id=?
2025-11-17 20:25:19 - JWT token extracted from Authorization header
2025-11-17 20:25:19 - JWT token extracted from Authorization header
2025-11-17 20:25:19 - JWT token extracted from Authorization header
2025-11-17 20:25:19 - Extracting email from token
2025-11-17 20:25:19 - Extracting all claims from token
2025-11-17 20:25:19 - Extracting email from token
2025-11-17 20:25:19 - Extracting email from token
2025-11-17 20:25:19 - Extracting all claims from token
2025-11-17 20:25:19 - Extracting all claims from token
2025-11-17 20:25:19 - JWT token extracted from Authorization header
2025-11-17 20:25:19 - Extracting email from token
2025-11-17 20:25:19 - Extracting all claims from token
2025-11-17 20:25:19 - All claims extracted successfully
2025-11-17 20:25:19 - Email extracted successfully: pepito@test.cl
2025-11-17 20:25:19 - All claims extracted successfully
2025-11-17 20:25:19 - All claims extracted successfully
2025-11-17 20:25:19 - Extracted email from token: pepito@test.cl
2025-11-17 20:25:19 - Email extracted successfully: pepito@test.cl
2025-11-17 20:25:19 - Attempting to load user by email: pepito@test.cl
2025-11-17 20:25:19 - Extracted email from token: pepito@test.cl
2025-11-17 20:25:19 - Attempting to load user by email: pepito@test.cl
2025-11-17 20:25:19 - All claims extracted successfully
2025-11-17 20:25:19 - Email extracted successfully: pepito@test.cl
2025-11-17 20:25:19 - Extracted email from token: pepito@test.cl
2025-11-17 20:25:19 - Attempting to load user by email: pepito@test.cl
2025-11-17 20:25:19 - Email extracted successfully: pepito@test.cl
2025-11-17 20:25:19 - Extracted email from token: pepito@test.cl
2025-11-17 20:25:19 - Attempting to load user by email: pepito@test.cl
2025-11-17 20:25:19 - 
    select
        u1_0.id,
        u1_0.created_at,
        u1_0.email,
        u1_0.name,
        u1_0.password,
        u1_0.phone,
        u1_0.photo,
        u1_0.role,
        u1_0.updated_at 
    from
        users u1_0 
    where
        u1_0.email=?
Hibernate: 
    select
        u1_0.id,
        u1_0.created_at,
        u1_0.email,
        u1_0.name,
        u1_0.password,
        u1_0.phone,
        u1_0.photo,
        u1_0.role,
        u1_0.updated_at 
    from
        users u1_0 
    where
        u1_0.email=?
2025-11-17 20:25:19 - 
    select
        u1_0.id,
        u1_0.created_at,
        u1_0.email,
        u1_0.name,
        u1_0.password,
        u1_0.phone,
        u1_0.photo,
        u1_0.role,
        u1_0.updated_at 
    from
        users u1_0 
    where
        u1_0.email=?
Hibernate: 
    select
        u1_0.id,
        u1_0.created_at,
        u1_0.email,
        u1_0.name,
        u1_0.password,
        u1_0.phone,
        u1_0.photo,
        u1_0.role,
        u1_0.updated_at 
    from
        users u1_0 
    where
        u1_0.email=?
2025-11-17 20:25:19 - 
    select
        u1_0.id,
        u1_0.created_at,
        u1_0.email,
        u1_0.name,
        u1_0.password,
        u1_0.phone,
        u1_0.photo,
        u1_0.role,
        u1_0.updated_at 
    from
        users u1_0 
    where
        u1_0.email=?
Hibernate: 
    select
        u1_0.id,
        u1_0.created_at,
        u1_0.email,
        u1_0.name,
        u1_0.password,
        u1_0.phone,
        u1_0.photo,
        u1_0.role,
        u1_0.updated_at 
    from
        users u1_0 
    where
        u1_0.email=?
2025-11-17 20:25:19 - 
    select
        u1_0.id,
        u1_0.created_at,
        u1_0.email,
        u1_0.name,
        u1_0.password,
        u1_0.phone,
        u1_0.photo,
        u1_0.role,
        u1_0.updated_at 
    from
        users u1_0 
    where
        u1_0.email=?
Hibernate: 
    select
        u1_0.id,
        u1_0.created_at,
        u1_0.email,
        u1_0.name,
        u1_0.password,
        u1_0.phone,
        u1_0.photo,
        u1_0.role,
        u1_0.updated_at 
    from
        users u1_0 
    where
        u1_0.email=?
2025-11-17 20:25:19 - User retrieved successfully: 9
2025-11-17 20:25:19 - JWT token extracted from Authorization header
2025-11-17 20:25:19 - Extracting email from token
2025-11-17 20:25:19 - Extracting all claims from token
2025-11-17 20:25:19 - All claims extracted successfully
2025-11-17 20:25:19 - Email extracted successfully: pepito@test.cl
2025-11-17 20:25:19 - Extracted email from token: pepito@test.cl
2025-11-17 20:25:19 - Attempting to load user by email: pepito@test.cl
2025-11-17 20:25:19 - 
    select
        u1_0.id,
        u1_0.created_at,
        u1_0.email,
        u1_0.name,
        u1_0.password,
        u1_0.phone,
        u1_0.photo,
        u1_0.role,
        u1_0.updated_at 
    from
        users u1_0 
    where
        u1_0.email=?
Hibernate: 
    select
        u1_0.id,
        u1_0.created_at,
        u1_0.email,
        u1_0.name,
        u1_0.password,
        u1_0.phone,
        u1_0.photo,
        u1_0.role,
        u1_0.updated_at 
    from
        users u1_0 
    where
        u1_0.email=?
2025-11-17 20:25:19 - User found successfully with email: pepito@test.cl
2025-11-17 20:25:19 - Added authority: ROLE_CLIENT for user: pepito@test.cl
2025-11-17 20:25:19 - UserDetails created successfully for user: pepito@test.cl
2025-11-17 20:25:19 - Validating token for email: pepito@test.cl
2025-11-17 20:25:19 - Extracting email from token
2025-11-17 20:25:19 - Extracting all claims from token
2025-11-17 20:25:19 - All claims extracted successfully
2025-11-17 20:25:19 - Email extracted successfully: pepito@test.cl
2025-11-17 20:25:19 - Checking if token is expired
2025-11-17 20:25:19 - Extracting expiration date from token
2025-11-17 20:25:19 - Extracting all claims from token
2025-11-17 20:25:19 - All claims extracted successfully
2025-11-17 20:25:19 - Expiration date extracted successfully: Tue Nov 18 20:15:55 GMT-03:00 2025
2025-11-17 20:25:19 - Token expired status: false
2025-11-17 20:25:19 - Token validation successful for email: pepito@test.cl
2025-11-17 20:25:19 - Token validated successfully for user: pepito@test.cl
2025-11-17 20:25:19 - Authentication set in SecurityContextHolder for user: pepito@test.cl
2025-11-17 20:25:19 - Retrieving user with id: 7
2025-11-17 20:25:19 - Fetching user with ID: 7
2025-11-17 20:25:19 - 
    select
        u1_0.id,
        u1_0.created_at,
        u1_0.email,
        u1_0.name,
        u1_0.password,
        u1_0.phone,
        u1_0.photo,
        u1_0.role,
        u1_0.updated_at 
    from
        users u1_0 
    where
        u1_0.id=?
Hibernate: 
    select
        u1_0.id,
        u1_0.created_at,
        u1_0.email,
        u1_0.name,
        u1_0.password,
        u1_0.phone,
        u1_0.photo,
        u1_0.role,
        u1_0.updated_at 
    from
        users u1_0 
    where
        u1_0.id=?
2025-11-17 20:25:19 - User found successfully with email: pepito@test.cl
2025-11-17 20:25:19 - User found successfully with email: pepito@test.cl
2025-11-17 20:25:19 - User found successfully with email: pepito@test.cl
2025-11-17 20:25:19 - Added authority: ROLE_CLIENT for user: pepito@test.cl
2025-11-17 20:25:19 - Added authority: ROLE_CLIENT for user: pepito@test.cl
2025-11-17 20:25:19 - Added authority: ROLE_CLIENT for user: pepito@test.cl
2025-11-17 20:25:19 - UserDetails created successfully for user: pepito@test.cl
2025-11-17 20:25:19 - UserDetails created successfully for user: pepito@test.cl
2025-11-17 20:25:19 - Validating token for email: pepito@test.cl
2025-11-17 20:25:19 - Extracting email from token
2025-11-17 20:25:19 - Extracting all claims from token
2025-11-17 20:25:19 - UserDetails created successfully for user: pepito@test.cl
2025-11-17 20:25:19 - Validating token for email: pepito@test.cl
2025-11-17 20:25:19 - Validating token for email: pepito@test.cl
2025-11-17 20:25:19 - Extracting email from token
2025-11-17 20:25:19 - Extracting all claims from token
2025-11-17 20:25:19 - Extracting email from token
2025-11-17 20:25:19 - Extracting all claims from token
2025-11-17 20:25:19 - All claims extracted successfully
2025-11-17 20:25:19 - Email extracted successfully: pepito@test.cl
2025-11-17 20:25:19 - Checking if token is expired
2025-11-17 20:25:19 - Extracting expiration date from token
2025-11-17 20:25:19 - Extracting all claims from token
2025-11-17 20:25:19 - User found successfully with email: pepito@test.cl
2025-11-17 20:25:19 - Added authority: ROLE_CLIENT for user: pepito@test.cl
2025-11-17 20:25:19 - UserDetails created successfully for user: pepito@test.cl
2025-11-17 20:25:19 - Validating token for email: pepito@test.cl
2025-11-17 20:25:19 - Extracting email from token
2025-11-17 20:25:19 - Extracting all claims from token
2025-11-17 20:25:19 - All claims extracted successfully
2025-11-17 20:25:19 - Email extracted successfully: pepito@test.cl
2025-11-17 20:25:19 - Checking if token is expired
2025-11-17 20:25:19 - Extracting expiration date from token
2025-11-17 20:25:19 - Extracting all claims from token
2025-11-17 20:25:19 - All claims extracted successfully
2025-11-17 20:25:19 - Email extracted successfully: pepito@test.cl
2025-11-17 20:25:19 - Checking if token is expired
2025-11-17 20:25:19 - Extracting expiration date from token
2025-11-17 20:25:19 - Extracting all claims from token
2025-11-17 20:25:19 - All claims extracted successfully
2025-11-17 20:25:19 - Expiration date extracted successfully: Tue Nov 18 20:15:55 GMT-03:00 2025
2025-11-17 20:25:19 - Token expired status: false
2025-11-17 20:25:19 - Token validation successful for email: pepito@test.cl
2025-11-17 20:25:19 - Token validated successfully for user: pepito@test.cl
2025-11-17 20:25:19 - Authentication set in SecurityContextHolder for user: pepito@test.cl
2025-11-17 20:25:19 - All claims extracted successfully
2025-11-17 20:25:19 - Expiration date extracted successfully: Tue Nov 18 20:15:55 GMT-03:00 2025
2025-11-17 20:25:19 - Token expired status: false
2025-11-17 20:25:19 - Token validation successful for email: pepito@test.cl
2025-11-17 20:25:19 - Token validated successfully for user: pepito@test.cl
2025-11-17 20:25:19 - Authentication set in SecurityContextHolder for user: pepito@test.cl
2025-11-17 20:25:19 - Retrieving user with id: 4
2025-11-17 20:25:19 - Retrieving user with id: 6
2025-11-17 20:25:19 - Fetching user with ID: 4
2025-11-17 20:25:19 - Fetching user with ID: 6
2025-11-17 20:25:19 - 
    select
        u1_0.id,
        u1_0.created_at,
        u1_0.email,
        u1_0.name,
        u1_0.password,
        u1_0.phone,
        u1_0.photo,
        u1_0.role,
        u1_0.updated_at 
    from
        users u1_0 
    where
        u1_0.id=?
Hibernate: 
    select
        u1_0.id,
        u1_0.created_at,
        u1_0.email,
        u1_0.name,
        u1_0.password,
        u1_0.phone,
        u1_0.photo,
        u1_0.role,
        u1_0.updated_at 
    from
        users u1_0 
    where
        u1_0.id=?
2025-11-17 20:25:19 - 
    select
        u1_0.id,
        u1_0.created_at,
        u1_0.email,
        u1_0.name,
        u1_0.password,
        u1_0.phone,
        u1_0.photo,
        u1_0.role,
        u1_0.updated_at 
    from
        users u1_0 
    where
        u1_0.id=?
Hibernate: 
    select
        u1_0.id,
        u1_0.created_at,
        u1_0.email,
        u1_0.name,
        u1_0.password,
        u1_0.phone,
        u1_0.photo,
        u1_0.role,
        u1_0.updated_at 
    from
        users u1_0 
    where
        u1_0.id=?
2025-11-17 20:25:19 - All claims extracted successfully
2025-11-17 20:25:19 - Email extracted successfully: pepito@test.cl
2025-11-17 20:25:19 - Checking if token is expired
2025-11-17 20:25:19 - Extracting expiration date from token
2025-11-17 20:25:19 - Extracting all claims from token
2025-11-17 20:25:19 - All claims extracted successfully
2025-11-17 20:25:19 - Expiration date extracted successfully: Tue Nov 18 20:15:55 GMT-03:00 2025
2025-11-17 20:25:19 - All claims extracted successfully
2025-11-17 20:25:19 - Token expired status: false
2025-11-17 20:25:19 - Expiration date extracted successfully: Tue Nov 18 20:15:55 GMT-03:00 2025
2025-11-17 20:25:19 - Token validation successful for email: pepito@test.cl
2025-11-17 20:25:19 - Token validated successfully for user: pepito@test.cl
2025-11-17 20:25:19 - Token expired status: false
2025-11-17 20:25:19 - Authentication set in SecurityContextHolder for user: pepito@test.cl
2025-11-17 20:25:19 - Token validation successful for email: pepito@test.cl
2025-11-17 20:25:19 - Token validated successfully for user: pepito@test.cl
2025-11-17 20:25:19 - Authentication set in SecurityContextHolder for user: pepito@test.cl
2025-11-17 20:25:19 - Retrieving user with id: 5
2025-11-17 20:25:19 - Fetching user with ID: 5
2025-11-17 20:25:19 - Retrieving user with id: 3
2025-11-17 20:25:19 - 
    select
        u1_0.id,
        u1_0.created_at,
        u1_0.email,
        u1_0.name,
        u1_0.password,
        u1_0.phone,
        u1_0.photo,
        u1_0.role,
        u1_0.updated_at 
    from
        users u1_0 
    where
        u1_0.id=?
Hibernate: 
    select
        u1_0.id,
        u1_0.created_at,
        u1_0.email,
        u1_0.name,
        u1_0.password,
        u1_0.phone,
        u1_0.photo,
        u1_0.role,
        u1_0.updated_at 
    from
        users u1_0 
    where
        u1_0.id=?
2025-11-17 20:25:19 - Fetching user with ID: 3
2025-11-17 20:25:19 - 
    select
        u1_0.id,
        u1_0.created_at,
        u1_0.email,
        u1_0.name,
        u1_0.password,
        u1_0.phone,
        u1_0.photo,
        u1_0.role,
        u1_0.updated_at 
    from
        users u1_0 
    where
        u1_0.id=?
Hibernate: 
    select
        u1_0.id,
        u1_0.created_at,
        u1_0.email,
        u1_0.name,
        u1_0.password,
        u1_0.phone,
        u1_0.photo,
        u1_0.role,
        u1_0.updated_at 
    from
        users u1_0 
    where
        u1_0.id=?
2025-11-17 20:25:19 - User found: ricardo.morales@pethome.cl
2025-11-17 20:25:19 - 
    select
        a1_0.user_id,
        a1_0.id,
        a1_0.city,
        a1_0.is_default,
        a1_0.latitude,
        a1_0.longitude,
        a1_0.neighborhood,
        a1_0.street,
        a1_0.zip_code 
    from
        addresses a1_0 
    where
        a1_0.user_id=?
Hibernate: 
    select
        a1_0.user_id,
        a1_0.id,
        a1_0.city,
        a1_0.is_default,
        a1_0.latitude,
        a1_0.longitude,
        a1_0.neighborhood,
        a1_0.street,
        a1_0.zip_code 
    from
        addresses a1_0 
    where
        a1_0.user_id=?
2025-11-17 20:25:19 - User found: ana.silva@pethome.cl
2025-11-17 20:25:19 - User found: maria.gonzalez@pethome.cl
2025-11-17 20:25:19 - 
    select
        a1_0.user_id,
        a1_0.id,
        a1_0.city,
        a1_0.is_default,
        a1_0.latitude,
        a1_0.longitude,
        a1_0.neighborhood,
        a1_0.street,
        a1_0.zip_code 
    from
        addresses a1_0 
    where
        a1_0.user_id=?
Hibernate: 
    select
        a1_0.user_id,
        a1_0.id,
        a1_0.city,
        a1_0.is_default,
        a1_0.latitude,
        a1_0.longitude,
        a1_0.neighborhood,
        a1_0.street,
        a1_0.zip_code 
    from
        addresses a1_0 
    where
        a1_0.user_id=?
2025-11-17 20:25:19 - 
    select
        a1_0.user_id,
        a1_0.id,
        a1_0.city,
        a1_0.is_default,
        a1_0.latitude,
        a1_0.longitude,
        a1_0.neighborhood,
        a1_0.street,
        a1_0.zip_code 
    from
        addresses a1_0 
    where
        a1_0.user_id=?
Hibernate: 
    select
        a1_0.user_id,
        a1_0.id,
        a1_0.city,
        a1_0.is_default,
        a1_0.latitude,
        a1_0.longitude,
        a1_0.neighborhood,
        a1_0.street,
        a1_0.zip_code 
    from
        addresses a1_0 
    where
        a1_0.user_id=?
2025-11-17 20:25:19 - User found: carlos.rodriguez@pethome.cl
2025-11-17 20:25:19 - 
    select
        a1_0.user_id,
        a1_0.id,
        a1_0.city,
        a1_0.is_default,
        a1_0.latitude,
        a1_0.longitude,
        a1_0.neighborhood,
        a1_0.street,
        a1_0.zip_code 
    from
        addresses a1_0 
    where
        a1_0.user_id=?
Hibernate: 
    select
        a1_0.user_id,
        a1_0.id,
        a1_0.city,
        a1_0.is_default,
        a1_0.latitude,
        a1_0.longitude,
        a1_0.neighborhood,
        a1_0.street,
        a1_0.zip_code 
    from
        addresses a1_0 
    where
        a1_0.user_id=?
2025-11-17 20:25:19 - User found: jorge.fernandez@pethome.cl
2025-11-17 20:25:19 - 
    select
        a1_0.user_id,
        a1_0.id,
        a1_0.city,
        a1_0.is_default,
        a1_0.latitude,
        a1_0.longitude,
        a1_0.neighborhood,
        a1_0.street,
        a1_0.zip_code 
    from
        addresses a1_0 
    where
        a1_0.user_id=?
Hibernate: 
    select
        a1_0.user_id,
        a1_0.id,
        a1_0.city,
        a1_0.is_default,
        a1_0.latitude,
        a1_0.longitude,
        a1_0.neighborhood,
        a1_0.street,
        a1_0.zip_code 
    from
        addresses a1_0 
    where
        a1_0.user_id=?
2025-11-17 20:25:20 - User retrieved successfully: 7
2025-11-17 20:25:20 - User retrieved successfully: 6
2025-11-17 20:25:20 - User retrieved successfully: 4
2025-11-17 20:25:20 - User retrieved successfully: 3
2025-11-17 20:25:20 - User retrieved successfully: 5
2025-11-17 20:25:20 - JWT token extracted from Authorization header
2025-11-17 20:25:20 - JWT token extracted from Authorization header
2025-11-17 20:25:20 - Extracting email from token
2025-11-17 20:25:20 - Extracting all claims from token
2025-11-17 20:25:20 - JWT token extracted from Authorization header
2025-11-17 20:25:20 - Extracting email from token
2025-11-17 20:25:20 - Extracting all claims from token
2025-11-17 20:25:20 - JWT token extracted from Authorization header
2025-11-17 20:25:20 - JWT token extracted from Authorization header
2025-11-17 20:25:20 - Extracting email from token
2025-11-17 20:25:20 - Extracting all claims from token
2025-11-17 20:25:20 - Extracting email from token
2025-11-17 20:25:20 - Extracting email from token
2025-11-17 20:25:20 - Extracting all claims from token
2025-11-17 20:25:20 - Extracting all claims from token
2025-11-17 20:25:20 - All claims extracted successfully
2025-11-17 20:25:20 - Email extracted successfully: pepito@test.cl
2025-11-17 20:25:20 - Extracted email from token: pepito@test.cl
2025-11-17 20:25:20 - All claims extracted successfully
2025-11-17 20:25:20 - Attempting to load user by email: pepito@test.cl
2025-11-17 20:25:20 - Email extracted successfully: pepito@test.cl
2025-11-17 20:25:20 - Extracted email from token: pepito@test.cl
2025-11-17 20:25:20 - Attempting to load user by email: pepito@test.cl
2025-11-17 20:25:20 - All claims extracted successfully
2025-11-17 20:25:20 - All claims extracted successfully
2025-11-17 20:25:20 - Email extracted successfully: pepito@test.cl
2025-11-17 20:25:20 - All claims extracted successfully
2025-11-17 20:25:20 - Email extracted successfully: pepito@test.cl
2025-11-17 20:25:20 - Extracted email from token: pepito@test.cl
2025-11-17 20:25:20 - Extracted email from token: pepito@test.cl
2025-11-17 20:25:20 - Email extracted successfully: pepito@test.cl
2025-11-17 20:25:20 - Attempting to load user by email: pepito@test.cl
2025-11-17 20:25:20 - Attempting to load user by email: pepito@test.cl
2025-11-17 20:25:20 - Extracted email from token: pepito@test.cl
2025-11-17 20:25:20 - Attempting to load user by email: pepito@test.cl
2025-11-17 20:25:20 - 
    select
        u1_0.id,
        u1_0.created_at,
        u1_0.email,
        u1_0.name,
        u1_0.password,
        u1_0.phone,
        u1_0.photo,
        u1_0.role,
        u1_0.updated_at 
    from
        users u1_0 
    where
        u1_0.email=?
2025-11-17 20:25:20 - 
    select
        u1_0.id,
        u1_0.created_at,
        u1_0.email,
        u1_0.name,
        u1_0.password,
        u1_0.phone,
        u1_0.photo,
        u1_0.role,
        u1_0.updated_at 
    from
        users u1_0 
    where
        u1_0.email=?
Hibernate: 
    select
        u1_0.id,
        u1_0.created_at,
        u1_0.email,
        u1_0.name,
        u1_0.password,
        u1_0.phone,
        u1_0.photo,
        u1_0.role,
        u1_0.updated_at 
    from
        users u1_0 
    where
        u1_0.email=?
Hibernate: 
    select
        u1_0.id,
        u1_0.created_at,
        u1_0.email,
        u1_0.name,
        u1_0.password,
        u1_0.phone,
        u1_0.photo,
        u1_0.role,
        u1_0.updated_at 
    from
        users u1_0 
    where
        u1_0.email=?
2025-11-17 20:25:20 - 
    select
        u1_0.id,
        u1_0.created_at,
        u1_0.email,
        u1_0.name,
        u1_0.password,
        u1_0.phone,
        u1_0.photo,
        u1_0.role,
        u1_0.updated_at 
    from
        users u1_0 
    where
        u1_0.email=?
Hibernate: 
    select
        u1_0.id,
        u1_0.created_at,
        u1_0.email,
        u1_0.name,
        u1_0.password,
        u1_0.phone,
        u1_0.photo,
        u1_0.role,
        u1_0.updated_at 
    from
        users u1_0 
    where
        u1_0.email=?
2025-11-17 20:25:20 - 
    select
        u1_0.id,
        u1_0.created_at,
        u1_0.email,
        u1_0.name,
        u1_0.password,
        u1_0.phone,
        u1_0.photo,
        u1_0.role,
        u1_0.updated_at 
    from
        users u1_0 
    where
        u1_0.email=?
Hibernate: 
    select
        u1_0.id,
        u1_0.created_at,
        u1_0.email,
        u1_0.name,
        u1_0.password,
        u1_0.phone,
        u1_0.photo,
        u1_0.role,
        u1_0.updated_at 
    from
        users u1_0 
    where
        u1_0.email=?
2025-11-17 20:25:20 - 
    select
        u1_0.id,
        u1_0.created_at,
        u1_0.email,
        u1_0.name,
        u1_0.password,
        u1_0.phone,
        u1_0.photo,
        u1_0.role,
        u1_0.updated_at 
    from
        users u1_0 
    where
        u1_0.email=?
Hibernate: 
    select
        u1_0.id,
        u1_0.created_at,
        u1_0.email,
        u1_0.name,
        u1_0.password,
        u1_0.phone,
        u1_0.photo,
        u1_0.role,
        u1_0.updated_at 
    from
        users u1_0 
    where
        u1_0.email=?
2025-11-17 20:25:20 - User found successfully with email: pepito@test.cl
2025-11-17 20:25:20 - Added authority: ROLE_CLIENT for user: pepito@test.cl
2025-11-17 20:25:20 - UserDetails created successfully for user: pepito@test.cl
2025-11-17 20:25:20 - Validating token for email: pepito@test.cl
2025-11-17 20:25:20 - Extracting email from token
2025-11-17 20:25:20 - Extracting all claims from token
2025-11-17 20:25:20 - User found successfully with email: pepito@test.cl
2025-11-17 20:25:20 - Added authority: ROLE_CLIENT for user: pepito@test.cl
2025-11-17 20:25:20 - UserDetails created successfully for user: pepito@test.cl
2025-11-17 20:25:20 - Validating token for email: pepito@test.cl
2025-11-17 20:25:20 - Extracting email from token
2025-11-17 20:25:20 - Extracting all claims from token
2025-11-17 20:25:20 - User found successfully with email: pepito@test.cl
2025-11-17 20:25:20 - Added authority: ROLE_CLIENT for user: pepito@test.cl
2025-11-17 20:25:20 - UserDetails created successfully for user: pepito@test.cl
2025-11-17 20:25:20 - User found successfully with email: pepito@test.cl
2025-11-17 20:25:20 - User found successfully with email: pepito@test.cl
2025-11-17 20:25:20 - Validating token for email: pepito@test.cl
2025-11-17 20:25:20 - Extracting email from token
2025-11-17 20:25:20 - Extracting all claims from token
2025-11-17 20:25:20 - Added authority: ROLE_CLIENT for user: pepito@test.cl
2025-11-17 20:25:20 - UserDetails created successfully for user: pepito@test.cl
2025-11-17 20:25:20 - Validating token for email: pepito@test.cl
2025-11-17 20:25:20 - Extracting email from token
2025-11-17 20:25:20 - Extracting all claims from token
2025-11-17 20:25:20 - Added authority: ROLE_CLIENT for user: pepito@test.cl
2025-11-17 20:25:20 - UserDetails created successfully for user: pepito@test.cl
2025-11-17 20:25:20 - Validating token for email: pepito@test.cl
2025-11-17 20:25:20 - Extracting email from token
2025-11-17 20:25:20 - Extracting all claims from token
2025-11-17 20:25:20 - All claims extracted successfully
2025-11-17 20:25:20 - Email extracted successfully: pepito@test.cl
2025-11-17 20:25:20 - Checking if token is expired
2025-11-17 20:25:20 - Extracting expiration date from token
2025-11-17 20:25:20 - Extracting all claims from token
2025-11-17 20:25:20 - All claims extracted successfully
2025-11-17 20:25:20 - Email extracted successfully: pepito@test.cl
2025-11-17 20:25:20 - Checking if token is expired
2025-11-17 20:25:20 - Extracting expiration date from token
2025-11-17 20:25:20 - Extracting all claims from token
2025-11-17 20:25:20 - All claims extracted successfully
2025-11-17 20:25:20 - Email extracted successfully: pepito@test.cl
2025-11-17 20:25:20 - Checking if token is expired
2025-11-17 20:25:20 - Extracting expiration date from token
2025-11-17 20:25:20 - Extracting all claims from token
2025-11-17 20:25:20 - All claims extracted successfully
2025-11-17 20:25:20 - Email extracted successfully: pepito@test.cl
2025-11-17 20:25:20 - Checking if token is expired
2025-11-17 20:25:20 - Extracting expiration date from token
2025-11-17 20:25:20 - Extracting all claims from token
2025-11-17 20:25:20 - All claims extracted successfully
2025-11-17 20:25:20 - Email extracted successfully: pepito@test.cl
2025-11-17 20:25:20 - Checking if token is expired
2025-11-17 20:25:20 - Extracting expiration date from token
2025-11-17 20:25:20 - Extracting all claims from token
2025-11-17 20:25:20 - All claims extracted successfully
2025-11-17 20:25:20 - Expiration date extracted successfully: Tue Nov 18 20:15:55 GMT-03:00 2025
2025-11-17 20:25:20 - Token expired status: false
2025-11-17 20:25:20 - All claims extracted successfully
2025-11-17 20:25:20 - All claims extracted successfully
2025-11-17 20:25:20 - Expiration date extracted successfully: Tue Nov 18 20:15:55 GMT-03:00 2025
2025-11-17 20:25:20 - Expiration date extracted successfully: Tue Nov 18 20:15:55 GMT-03:00 2025
2025-11-17 20:25:20 - Token expired status: false
2025-11-17 20:25:20 - Token expired status: false
2025-11-17 20:25:20 - Token validation successful for email: pepito@test.cl
2025-11-17 20:25:20 - Token validation successful for email: pepito@test.cl
2025-11-17 20:25:20 - Token validated successfully for user: pepito@test.cl
2025-11-17 20:25:20 - Token validated successfully for user: pepito@test.cl
2025-11-17 20:25:20 - Authentication set in SecurityContextHolder for user: pepito@test.cl
2025-11-17 20:25:20 - Authentication set in SecurityContextHolder for user: pepito@test.cl
2025-11-17 20:25:20 - Token validation successful for email: pepito@test.cl
2025-11-17 20:25:20 - Token validated successfully for user: pepito@test.cl
2025-11-17 20:25:20 - Authentication set in SecurityContextHolder for user: pepito@test.cl
2025-11-17 20:25:20 - All claims extracted successfully
2025-11-17 20:25:20 - Expiration date extracted successfully: Tue Nov 18 20:15:55 GMT-03:00 2025
2025-11-17 20:25:20 - Token expired status: false
2025-11-17 20:25:20 - Token validation successful for email: pepito@test.cl
2025-11-17 20:25:20 - Token validated successfully for user: pepito@test.cl
2025-11-17 20:25:20 - Authentication set in SecurityContextHolder for user: pepito@test.cl
2025-11-17 20:25:20 - All claims extracted successfully
2025-11-17 20:25:20 - Expiration date extracted successfully: Tue Nov 18 20:15:55 GMT-03:00 2025
2025-11-17 20:25:20 - Token expired status: false
2025-11-17 20:25:20 - Token validation successful for email: pepito@test.cl
2025-11-17 20:25:20 - Token validated successfully for user: pepito@test.cl
2025-11-17 20:25:20 - Authentication set in SecurityContextHolder for user: pepito@test.cl
2025-11-17 20:25:20 - Retrieving user with id: 7
2025-11-17 20:25:20 - Retrieving user with id: 3
2025-11-17 20:25:20 - Retrieving user with id: 6
2025-11-17 20:25:20 - Fetching user with ID: 3
2025-11-17 20:25:20 - Fetching user with ID: 7
2025-11-17 20:25:20 - 
    select
        u1_0.id,
        u1_0.created_at,
        u1_0.email,
        u1_0.name,
        u1_0.password,
        u1_0.phone,
        u1_0.photo,
        u1_0.role,
        u1_0.updated_at 
    from
        users u1_0 
    where
        u1_0.id=?
2025-11-17 20:25:20 - Retrieving user with id: 5
2025-11-17 20:25:20 - Retrieving user with id: 4
Hibernate: 
    select
        u1_0.id,
        u1_0.created_at,
        u1_0.email,
        u1_0.name,
        u1_0.password,
        u1_0.phone,
        u1_0.photo,
        u1_0.role,
        u1_0.updated_at 
    from
        users u1_0 
    where
        u1_0.id=?
2025-11-17 20:25:20 - Fetching user with ID: 6
2025-11-17 20:25:20 - 
    select
        u1_0.id,
        u1_0.created_at,
        u1_0.email,
        u1_0.name,
        u1_0.password,
        u1_0.phone,
        u1_0.photo,
        u1_0.role,
        u1_0.updated_at 
    from
        users u1_0 
    where
        u1_0.id=?
Hibernate: 
    select
        u1_0.id,
        u1_0.created_at,
        u1_0.email,
        u1_0.name,
        u1_0.password,
        u1_0.phone,
        u1_0.photo,
        u1_0.role,
        u1_0.updated_at 
    from
        users u1_0 
    where
        u1_0.id=?
2025-11-17 20:25:20 - Fetching user with ID: 5
2025-11-17 20:25:20 - Fetching user with ID: 4
2025-11-17 20:25:20 - 
    select
        u1_0.id,
        u1_0.created_at,
        u1_0.email,
        u1_0.name,
        u1_0.password,
        u1_0.phone,
        u1_0.photo,
        u1_0.role,
        u1_0.updated_at 
    from
        users u1_0 
    where
        u1_0.id=?
Hibernate: 
    select
        u1_0.id,
        u1_0.created_at,
        u1_0.email,
        u1_0.name,
        u1_0.password,
        u1_0.phone,
        u1_0.photo,
        u1_0.role,
        u1_0.updated_at 
    from
        users u1_0 
    where
        u1_0.id=?
2025-11-17 20:25:20 - 
    select
        u1_0.id,
        u1_0.created_at,
        u1_0.email,
        u1_0.name,
        u1_0.password,
        u1_0.phone,
        u1_0.photo,
        u1_0.role,
        u1_0.updated_at 
    from
        users u1_0 
    where
        u1_0.id=?
Hibernate: 
    select
        u1_0.id,
        u1_0.created_at,
        u1_0.email,
        u1_0.name,
        u1_0.password,
        u1_0.phone,
        u1_0.photo,
        u1_0.role,
        u1_0.updated_at 
    from
        users u1_0 
    where
        u1_0.id=?
2025-11-17 20:25:20 - 
    select
        u1_0.id,
        u1_0.created_at,
        u1_0.email,
        u1_0.name,
        u1_0.password,
        u1_0.phone,
        u1_0.photo,
        u1_0.role,
        u1_0.updated_at 
    from
        users u1_0 
    where
        u1_0.id=?
Hibernate: 
    select
        u1_0.id,
        u1_0.created_at,
        u1_0.email,
        u1_0.name,
        u1_0.password,
        u1_0.phone,
        u1_0.photo,
        u1_0.role,
        u1_0.updated_at 
    from
        users u1_0 
    where
        u1_0.id=?
2025-11-17 20:25:20 - User found: ricardo.morales@pethome.cl
2025-11-17 20:25:20 - 
    select
        a1_0.user_id,
        a1_0.id,
        a1_0.city,
        a1_0.is_default,
        a1_0.latitude,
        a1_0.longitude,
        a1_0.neighborhood,
        a1_0.street,
        a1_0.zip_code 
    from
        addresses a1_0 
    where
        a1_0.user_id=?
Hibernate: 
    select
        a1_0.user_id,
        a1_0.id,
        a1_0.city,
        a1_0.is_default,
        a1_0.latitude,
        a1_0.longitude,
        a1_0.neighborhood,
        a1_0.street,
        a1_0.zip_code 
    from
        addresses a1_0 
    where
        a1_0.user_id=?
2025-11-17 20:25:20 - User found: carlos.rodriguez@pethome.cl
2025-11-17 20:25:20 - 
    select
        a1_0.user_id,
        a1_0.id,
        a1_0.city,
        a1_0.is_default,
        a1_0.latitude,
        a1_0.longitude,
        a1_0.neighborhood,
        a1_0.street,
        a1_0.zip_code 
    from
        addresses a1_0 
    where
        a1_0.user_id=?
Hibernate: 
    select
        a1_0.user_id,
        a1_0.id,
        a1_0.city,
        a1_0.is_default,
        a1_0.latitude,
        a1_0.longitude,
        a1_0.neighborhood,
        a1_0.street,
        a1_0.zip_code 
    from
        addresses a1_0 
    where
        a1_0.user_id=?
2025-11-17 20:25:20 - User found: maria.gonzalez@pethome.cl
2025-11-17 20:25:20 - User found: ana.silva@pethome.cl
2025-11-17 20:25:20 - 
    select
        a1_0.user_id,
        a1_0.id,
        a1_0.city,
        a1_0.is_default,
        a1_0.latitude,
        a1_0.longitude,
        a1_0.neighborhood,
        a1_0.street,
        a1_0.zip_code 
    from
        addresses a1_0 
    where
        a1_0.user_id=?
Hibernate: 
    select
        a1_0.user_id,
        a1_0.id,
        a1_0.city,
        a1_0.is_default,
        a1_0.latitude,
        a1_0.longitude,
        a1_0.neighborhood,
        a1_0.street,
        a1_0.zip_code 
    from
        addresses a1_0 
    where
        a1_0.user_id=?
2025-11-17 20:25:20 - User found: jorge.fernandez@pethome.cl
2025-11-17 20:25:20 - 
    select
        a1_0.user_id,
        a1_0.id,
        a1_0.city,
        a1_0.is_default,
        a1_0.latitude,
        a1_0.longitude,
        a1_0.neighborhood,
        a1_0.street,
        a1_0.zip_code 
    from
        addresses a1_0 
    where
        a1_0.user_id=?
Hibernate: 
    select
        a1_0.user_id,
        a1_0.id,
        a1_0.city,
        a1_0.is_default,
        a1_0.latitude,
        a1_0.longitude,
        a1_0.neighborhood,
        a1_0.street,
        a1_0.zip_code 
    from
        addresses a1_0 
    where
        a1_0.user_id=?
2025-11-17 20:25:20 - 
    select
        a1_0.user_id,
        a1_0.id,
        a1_0.city,
        a1_0.is_default,
        a1_0.latitude,
        a1_0.longitude,
        a1_0.neighborhood,
        a1_0.street,
        a1_0.zip_code 
    from
        addresses a1_0 
    where
        a1_0.user_id=?
Hibernate: 
    select
        a1_0.user_id,
        a1_0.id,
        a1_0.city,
        a1_0.is_default,
        a1_0.latitude,
        a1_0.longitude,
        a1_0.neighborhood,
        a1_0.street,
        a1_0.zip_code 
    from
        addresses a1_0 
    where
        a1_0.user_id=?
2025-11-17 20:25:20 - User retrieved successfully: 4
2025-11-17 20:25:20 - User retrieved successfully: 3
2025-11-17 20:25:20 - User retrieved successfully: 7
2025-11-17 20:25:20 - User retrieved successfully: 5
2025-11-17 20:25:20 - User retrieved successfully: 6
2025-11-17 20:27:01 - Resolving eureka endpoints via configuration
2025-11-17 20:27:25 - JWT token extracted from Authorization header
2025-11-17 20:27:25 - Extracting email from token
2025-11-17 20:27:25 - Extracting all claims from token
2025-11-17 20:27:25 - All claims extracted successfully
2025-11-17 20:27:25 - Email extracted successfully: pepito@test.cl
2025-11-17 20:27:25 - Extracted email from token: pepito@test.cl
2025-11-17 20:27:25 - Attempting to load user by email: pepito@test.cl
2025-11-17 20:27:25 - 
    select
        u1_0.id,
        u1_0.created_at,
        u1_0.email,
        u1_0.name,
        u1_0.password,
        u1_0.phone,
        u1_0.photo,
        u1_0.role,
        u1_0.updated_at 
    from
        users u1_0 
    where
        u1_0.email=?
Hibernate: 
    select
        u1_0.id,
        u1_0.created_at,
        u1_0.email,
        u1_0.name,
        u1_0.password,
        u1_0.phone,
        u1_0.photo,
        u1_0.role,
        u1_0.updated_at 
    from
        users u1_0 
    where
        u1_0.email=?
2025-11-17 20:27:25 - User found successfully with email: pepito@test.cl
2025-11-17 20:27:25 - Added authority: ROLE_CLIENT for user: pepito@test.cl
2025-11-17 20:27:25 - UserDetails created successfully for user: pepito@test.cl
2025-11-17 20:27:25 - Validating token for email: pepito@test.cl
2025-11-17 20:27:25 - Extracting email from token
2025-11-17 20:27:25 - Extracting all claims from token
2025-11-17 20:27:25 - All claims extracted successfully
2025-11-17 20:27:25 - Email extracted successfully: pepito@test.cl
2025-11-17 20:27:25 - Checking if token is expired
2025-11-17 20:27:25 - Extracting expiration date from token
2025-11-17 20:27:25 - Extracting all claims from token
2025-11-17 20:27:25 - All claims extracted successfully
2025-11-17 20:27:25 - Expiration date extracted successfully: Tue Nov 18 20:15:55 GMT-03:00 2025
2025-11-17 20:27:25 - Token expired status: false
2025-11-17 20:27:25 - Token validation successful for email: pepito@test.cl
2025-11-17 20:27:25 - Token validated successfully for user: pepito@test.cl
2025-11-17 20:27:25 - Authentication set in SecurityContextHolder for user: pepito@test.cl
2025-11-17 20:27:25 - Retrieving user with id: 9
2025-11-17 20:27:25 - Fetching user with ID: 9
2025-11-17 20:27:25 - 
    select
        u1_0.id,
        u1_0.created_at,
        u1_0.email,
        u1_0.name,
        u1_0.password,
        u1_0.phone,
        u1_0.photo,
        u1_0.role,
        u1_0.updated_at 
    from
        users u1_0 
    where
        u1_0.id=?
Hibernate: 
    select
        u1_0.id,
        u1_0.created_at,
        u1_0.email,
        u1_0.name,
        u1_0.password,
        u1_0.phone,
        u1_0.photo,
        u1_0.role,
        u1_0.updated_at 
    from
        users u1_0 
    where
        u1_0.id=?
2025-11-17 20:27:25 - User found: pepito@test.cl
2025-11-17 20:27:25 - 
    select
        a1_0.user_id,
        a1_0.id,
        a1_0.city,
        a1_0.is_default,
        a1_0.latitude,
        a1_0.longitude,
        a1_0.neighborhood,
        a1_0.street,
        a1_0.zip_code 
    from
        addresses a1_0 
    where
        a1_0.user_id=?
Hibernate: 
    select
        a1_0.user_id,
        a1_0.id,
        a1_0.city,
        a1_0.is_default,
        a1_0.latitude,
        a1_0.longitude,
        a1_0.neighborhood,
        a1_0.street,
        a1_0.zip_code 
    from
        addresses a1_0 
    where
        a1_0.user_id=?
2025-11-17 20:27:26 - User retrieved successfully: 9
2025-11-17 20:32:01 - Resolving eureka endpoints via configuration
2025-11-17 20:32:44 - JWT token extracted from Authorization header
2025-11-17 20:32:44 - Extracting email from token
2025-11-17 20:32:44 - Extracting all claims from token
2025-11-17 20:32:44 - All claims extracted successfully
2025-11-17 20:32:44 - Email extracted successfully: pepito@test.cl
2025-11-17 20:32:44 - Extracted email from token: pepito@test.cl
2025-11-17 20:32:44 - Attempting to load user by email: pepito@test.cl
2025-11-17 20:32:44 - 
    select
        u1_0.id,
        u1_0.created_at,
        u1_0.email,
        u1_0.name,
        u1_0.password,
        u1_0.phone,
        u1_0.photo,
        u1_0.role,
        u1_0.updated_at 
    from
        users u1_0 
    where
        u1_0.email=?
Hibernate: 
    select
        u1_0.id,
        u1_0.created_at,
        u1_0.email,
        u1_0.name,
        u1_0.password,
        u1_0.phone,
        u1_0.photo,
        u1_0.role,
        u1_0.updated_at 
    from
        users u1_0 
    where
        u1_0.email=?
2025-11-17 20:32:44 - User found successfully with email: pepito@test.cl
2025-11-17 20:32:44 - Added authority: ROLE_CLIENT for user: pepito@test.cl
2025-11-17 20:32:44 - UserDetails created successfully for user: pepito@test.cl
2025-11-17 20:32:44 - Validating token for email: pepito@test.cl
2025-11-17 20:32:44 - Extracting email from token
2025-11-17 20:32:44 - Extracting all claims from token
2025-11-17 20:32:44 - All claims extracted successfully
2025-11-17 20:32:44 - Email extracted successfully: pepito@test.cl
2025-11-17 20:32:44 - Checking if token is expired
2025-11-17 20:32:44 - Extracting expiration date from token
2025-11-17 20:32:44 - Extracting all claims from token
2025-11-17 20:32:44 - All claims extracted successfully
2025-11-17 20:32:44 - Expiration date extracted successfully: Tue Nov 18 20:15:55 GMT-03:00 2025
2025-11-17 20:32:44 - Token expired status: false
2025-11-17 20:32:44 - Token validation successful for email: pepito@test.cl
2025-11-17 20:32:44 - Token validated successfully for user: pepito@test.cl
2025-11-17 20:32:44 - Authentication set in SecurityContextHolder for user: pepito@test.cl
2025-11-17 20:32:44 - Retrieving user with id: 9
2025-11-17 20:32:44 - Fetching user with ID: 9
2025-11-17 20:32:44 - 
    select
        u1_0.id,
        u1_0.created_at,
        u1_0.email,
        u1_0.name,
        u1_0.password,
        u1_0.phone,
        u1_0.photo,
        u1_0.role,
        u1_0.updated_at 
    from
        users u1_0 
    where
        u1_0.id=?
Hibernate: 
    select
        u1_0.id,
        u1_0.created_at,
        u1_0.email,
        u1_0.name,
        u1_0.password,
        u1_0.phone,
        u1_0.photo,
        u1_0.role,
        u1_0.updated_at 
    from
        users u1_0 
    where
        u1_0.id=?
2025-11-17 20:32:45 - User found: pepito@test.cl
2025-11-17 20:32:45 - 
    select
        a1_0.user_id,
        a1_0.id,
        a1_0.city,
        a1_0.is_default,
        a1_0.latitude,
        a1_0.longitude,
        a1_0.neighborhood,
        a1_0.street,
        a1_0.zip_code 
    from
        addresses a1_0 
    where
        a1_0.user_id=?
Hibernate: 
    select
        a1_0.user_id,
        a1_0.id,
        a1_0.city,
        a1_0.is_default,
        a1_0.latitude,
        a1_0.longitude,
        a1_0.neighborhood,
        a1_0.street,
        a1_0.zip_code 
    from
        addresses a1_0 
    where
        a1_0.user_id=?
2025-11-17 20:32:45 - User retrieved successfully: 9
2025-11-17 20:32:45 - JWT token extracted from Authorization header
2025-11-17 20:32:45 - JWT token extracted from Authorization header
2025-11-17 20:32:45 - Extracting email from token
2025-11-17 20:32:45 - Extracting all claims from token
2025-11-17 20:32:45 - Extracting email from token
2025-11-17 20:32:45 - Extracting all claims from token
2025-11-17 20:32:45 - JWT token extracted from Authorization header
2025-11-17 20:32:45 - Extracting email from token
2025-11-17 20:32:45 - Extracting all claims from token
2025-11-17 20:32:45 - JWT token extracted from Authorization header
2025-11-17 20:32:45 - Extracting email from token
2025-11-17 20:32:45 - Extracting all claims from token
2025-11-17 20:32:45 - All claims extracted successfully
2025-11-17 20:32:45 - All claims extracted successfully
2025-11-17 20:32:45 - All claims extracted successfully
2025-11-17 20:32:45 - All claims extracted successfully
2025-11-17 20:32:45 - Email extracted successfully: pepito@test.cl
2025-11-17 20:32:45 - Email extracted successfully: pepito@test.cl
2025-11-17 20:32:45 - Extracted email from token: pepito@test.cl
2025-11-17 20:32:45 - Attempting to load user by email: pepito@test.cl
2025-11-17 20:32:45 - Email extracted successfully: pepito@test.cl
2025-11-17 20:32:45 - Email extracted successfully: pepito@test.cl
2025-11-17 20:32:45 - Extracted email from token: pepito@test.cl
2025-11-17 20:32:45 - Extracted email from token: pepito@test.cl
2025-11-17 20:32:45 - Extracted email from token: pepito@test.cl
2025-11-17 20:32:45 - Attempting to load user by email: pepito@test.cl
2025-11-17 20:32:45 - Attempting to load user by email: pepito@test.cl
2025-11-17 20:32:45 - Attempting to load user by email: pepito@test.cl
2025-11-17 20:32:45 - 
    select
        u1_0.id,
        u1_0.created_at,
        u1_0.email,
        u1_0.name,
        u1_0.password,
        u1_0.phone,
        u1_0.photo,
        u1_0.role,
        u1_0.updated_at 
    from
        users u1_0 
    where
        u1_0.email=?
2025-11-17 20:32:45 - 
    select
        u1_0.id,
        u1_0.created_at,
        u1_0.email,
        u1_0.name,
        u1_0.password,
        u1_0.phone,
        u1_0.photo,
        u1_0.role,
        u1_0.updated_at 
    from
        users u1_0 
    where
        u1_0.email=?
Hibernate: 
    select
        u1_0.id,
        u1_0.created_at,
        u1_0.email,
        u1_0.name,
        u1_0.password,
        u1_0.phone,
        u1_0.photo,
        u1_0.role,
        u1_0.updated_at 
    from
        users u1_0 
    where
        u1_0.email=?
Hibernate: 
    select
        u1_0.id,
        u1_0.created_at,
        u1_0.email,
        u1_0.name,
        u1_0.password,
        u1_0.phone,
        u1_0.photo,
        u1_0.role,
        u1_0.updated_at 
    from
        users u1_0 
    where
        u1_0.email=?
2025-11-17 20:32:45 - 
    select
        u1_0.id,
        u1_0.created_at,
        u1_0.email,
        u1_0.name,
        u1_0.password,
        u1_0.phone,
        u1_0.photo,
        u1_0.role,
        u1_0.updated_at 
    from
        users u1_0 
    where
        u1_0.email=?
Hibernate: 
    select
        u1_0.id,
        u1_0.created_at,
        u1_0.email,
        u1_0.name,
        u1_0.password,
        u1_0.phone,
        u1_0.photo,
        u1_0.role,
        u1_0.updated_at 
    from
        users u1_0 
    where
        u1_0.email=?
2025-11-17 20:32:45 - 
    select
        u1_0.id,
        u1_0.created_at,
        u1_0.email,
        u1_0.name,
        u1_0.password,
        u1_0.phone,
        u1_0.photo,
        u1_0.role,
        u1_0.updated_at 
    from
        users u1_0 
    where
        u1_0.email=?
Hibernate: 
    select
        u1_0.id,
        u1_0.created_at,
        u1_0.email,
        u1_0.name,
        u1_0.password,
        u1_0.phone,
        u1_0.photo,
        u1_0.role,
        u1_0.updated_at 
    from
        users u1_0 
    where
        u1_0.email=?
2025-11-17 20:32:45 - JWT token extracted from Authorization header
2025-11-17 20:32:45 - Extracting email from token
2025-11-17 20:32:45 - Extracting all claims from token
2025-11-17 20:32:45 - All claims extracted successfully
2025-11-17 20:32:45 - Email extracted successfully: pepito@test.cl
2025-11-17 20:32:45 - Extracted email from token: pepito@test.cl
2025-11-17 20:32:45 - Attempting to load user by email: pepito@test.cl
2025-11-17 20:32:45 - 
    select
        u1_0.id,
        u1_0.created_at,
        u1_0.email,
        u1_0.name,
        u1_0.password,
        u1_0.phone,
        u1_0.photo,
        u1_0.role,
        u1_0.updated_at 
    from
        users u1_0 
    where
        u1_0.email=?
Hibernate: 
    select
        u1_0.id,
        u1_0.created_at,
        u1_0.email,
        u1_0.name,
        u1_0.password,
        u1_0.phone,
        u1_0.photo,
        u1_0.role,
        u1_0.updated_at 
    from
        users u1_0 
    where
        u1_0.email=?
2025-11-17 20:32:45 - User found successfully with email: pepito@test.cl
2025-11-17 20:32:45 - Added authority: ROLE_CLIENT for user: pepito@test.cl
2025-11-17 20:32:45 - UserDetails created successfully for user: pepito@test.cl
2025-11-17 20:32:45 - Validating token for email: pepito@test.cl
2025-11-17 20:32:45 - Extracting email from token
2025-11-17 20:32:45 - Extracting all claims from token
2025-11-17 20:32:45 - All claims extracted successfully
2025-11-17 20:32:45 - Email extracted successfully: pepito@test.cl
2025-11-17 20:32:45 - Checking if token is expired
2025-11-17 20:32:45 - Extracting expiration date from token
2025-11-17 20:32:45 - Extracting all claims from token
2025-11-17 20:32:45 - All claims extracted successfully
2025-11-17 20:32:45 - Expiration date extracted successfully: Tue Nov 18 20:15:55 GMT-03:00 2025
2025-11-17 20:32:45 - Token expired status: false
2025-11-17 20:32:45 - Token validation successful for email: pepito@test.cl
2025-11-17 20:32:45 - Token validated successfully for user: pepito@test.cl
2025-11-17 20:32:45 - Authentication set in SecurityContextHolder for user: pepito@test.cl
2025-11-17 20:32:45 - Retrieving user with id: 5
2025-11-17 20:32:45 - Fetching user with ID: 5
2025-11-17 20:32:45 - 
    select
        u1_0.id,
        u1_0.created_at,
        u1_0.email,
        u1_0.name,
        u1_0.password,
        u1_0.phone,
        u1_0.photo,
        u1_0.role,
        u1_0.updated_at 
    from
        users u1_0 
    where
        u1_0.id=?
Hibernate: 
    select
        u1_0.id,
        u1_0.created_at,
        u1_0.email,
        u1_0.name,
        u1_0.password,
        u1_0.phone,
        u1_0.photo,
        u1_0.role,
        u1_0.updated_at 
    from
        users u1_0 
    where
        u1_0.id=?
2025-11-17 20:32:45 - User found successfully with email: pepito@test.cl
2025-11-17 20:32:45 - User found successfully with email: pepito@test.cl
2025-11-17 20:32:45 - User found successfully with email: pepito@test.cl
2025-11-17 20:32:45 - Added authority: ROLE_CLIENT for user: pepito@test.cl
2025-11-17 20:32:45 - Added authority: ROLE_CLIENT for user: pepito@test.cl
2025-11-17 20:32:45 - UserDetails created successfully for user: pepito@test.cl
2025-11-17 20:32:45 - Validating token for email: pepito@test.cl
2025-11-17 20:32:45 - Extracting email from token
2025-11-17 20:32:45 - Added authority: ROLE_CLIENT for user: pepito@test.cl
2025-11-17 20:32:45 - UserDetails created successfully for user: pepito@test.cl
2025-11-17 20:32:45 - Extracting all claims from token
2025-11-17 20:32:45 - UserDetails created successfully for user: pepito@test.cl
2025-11-17 20:32:45 - Validating token for email: pepito@test.cl
2025-11-17 20:32:45 - Validating token for email: pepito@test.cl
2025-11-17 20:32:45 - Extracting email from token
2025-11-17 20:32:45 - Extracting email from token
2025-11-17 20:32:45 - Extracting all claims from token
2025-11-17 20:32:45 - Extracting all claims from token
2025-11-17 20:32:45 - All claims extracted successfully
2025-11-17 20:32:45 - Email extracted successfully: pepito@test.cl
2025-11-17 20:32:45 - Checking if token is expired
2025-11-17 20:32:45 - Extracting expiration date from token
2025-11-17 20:32:45 - Extracting all claims from token
2025-11-17 20:32:45 - All claims extracted successfully
2025-11-17 20:32:45 - Email extracted successfully: pepito@test.cl
2025-11-17 20:32:45 - Checking if token is expired
2025-11-17 20:32:45 - Extracting expiration date from token
2025-11-17 20:32:45 - Extracting all claims from token
2025-11-17 20:32:45 - All claims extracted successfully
2025-11-17 20:32:45 - Email extracted successfully: pepito@test.cl
2025-11-17 20:32:45 - Checking if token is expired
2025-11-17 20:32:45 - Extracting expiration date from token
2025-11-17 20:32:45 - Extracting all claims from token
2025-11-17 20:32:45 - All claims extracted successfully
2025-11-17 20:32:45 - Expiration date extracted successfully: Tue Nov 18 20:15:55 GMT-03:00 2025
2025-11-17 20:32:45 - Token expired status: false
2025-11-17 20:32:45 - Token validation successful for email: pepito@test.cl
2025-11-17 20:32:45 - Token validated successfully for user: pepito@test.cl
2025-11-17 20:32:45 - Authentication set in SecurityContextHolder for user: pepito@test.cl
2025-11-17 20:32:45 - Retrieving user with id: 6
2025-11-17 20:32:45 - All claims extracted successfully
2025-11-17 20:32:45 - Expiration date extracted successfully: Tue Nov 18 20:15:55 GMT-03:00 2025
2025-11-17 20:32:45 - Token expired status: false
2025-11-17 20:32:45 - Token validation successful for email: pepito@test.cl
2025-11-17 20:32:45 - Token validated successfully for user: pepito@test.cl
2025-11-17 20:32:45 - Authentication set in SecurityContextHolder for user: pepito@test.cl
2025-11-17 20:32:45 - Fetching user with ID: 6
2025-11-17 20:32:45 - 
    select
        u1_0.id,
        u1_0.created_at,
        u1_0.email,
        u1_0.name,
        u1_0.password,
        u1_0.phone,
        u1_0.photo,
        u1_0.role,
        u1_0.updated_at 
    from
        users u1_0 
    where
        u1_0.id=?
Hibernate: 
    select
        u1_0.id,
        u1_0.created_at,
        u1_0.email,
        u1_0.name,
        u1_0.password,
        u1_0.phone,
        u1_0.photo,
        u1_0.role,
        u1_0.updated_at 
    from
        users u1_0 
    where
        u1_0.id=?
2025-11-17 20:32:45 - All claims extracted successfully
2025-11-17 20:32:45 - Expiration date extracted successfully: Tue Nov 18 20:15:55 GMT-03:00 2025
2025-11-17 20:32:45 - Token expired status: false
2025-11-17 20:32:45 - Token validation successful for email: pepito@test.cl
2025-11-17 20:32:45 - Token validated successfully for user: pepito@test.cl
2025-11-17 20:32:45 - Authentication set in SecurityContextHolder for user: pepito@test.cl
2025-11-17 20:32:45 - Retrieving user with id: 3
2025-11-17 20:32:45 - Fetching user with ID: 3
2025-11-17 20:32:45 - 
    select
        u1_0.id,
        u1_0.created_at,
        u1_0.email,
        u1_0.name,
        u1_0.password,
        u1_0.phone,
        u1_0.photo,
        u1_0.role,
        u1_0.updated_at 
    from
        users u1_0 
    where
        u1_0.id=?
Hibernate: 
    select
        u1_0.id,
        u1_0.created_at,
        u1_0.email,
        u1_0.name,
        u1_0.password,
        u1_0.phone,
        u1_0.photo,
        u1_0.role,
        u1_0.updated_at 
    from
        users u1_0 
    where
        u1_0.id=?
2025-11-17 20:32:45 - Retrieving user with id: 4
2025-11-17 20:32:45 - Fetching user with ID: 4
2025-11-17 20:32:45 - 
    select
        u1_0.id,
        u1_0.created_at,
        u1_0.email,
        u1_0.name,
        u1_0.password,
        u1_0.phone,
        u1_0.photo,
        u1_0.role,
        u1_0.updated_at 
    from
        users u1_0 
    where
        u1_0.id=?
Hibernate: 
    select
        u1_0.id,
        u1_0.created_at,
        u1_0.email,
        u1_0.name,
        u1_0.password,
        u1_0.phone,
        u1_0.photo,
        u1_0.role,
        u1_0.updated_at 
    from
        users u1_0 
    where
        u1_0.id=?
2025-11-17 20:32:45 - User found successfully with email: pepito@test.cl
2025-11-17 20:32:45 - Added authority: ROLE_CLIENT for user: pepito@test.cl
2025-11-17 20:32:45 - UserDetails created successfully for user: pepito@test.cl
2025-11-17 20:32:45 - Validating token for email: pepito@test.cl
2025-11-17 20:32:45 - Extracting email from token
2025-11-17 20:32:45 - Extracting all claims from token
2025-11-17 20:32:45 - User found: jorge.fernandez@pethome.cl
2025-11-17 20:32:45 - All claims extracted successfully
2025-11-17 20:32:45 - Email extracted successfully: pepito@test.cl
2025-11-17 20:32:45 - Checking if token is expired
2025-11-17 20:32:45 - Extracting expiration date from token
2025-11-17 20:32:45 - Extracting all claims from token
2025-11-17 20:32:45 - 
    select
        a1_0.user_id,
        a1_0.id,
        a1_0.city,
        a1_0.is_default,
        a1_0.latitude,
        a1_0.longitude,
        a1_0.neighborhood,
        a1_0.street,
        a1_0.zip_code 
    from
        addresses a1_0 
    where
        a1_0.user_id=?
Hibernate: 
    select
        a1_0.user_id,
        a1_0.id,
        a1_0.city,
        a1_0.is_default,
        a1_0.latitude,
        a1_0.longitude,
        a1_0.neighborhood,
        a1_0.street,
        a1_0.zip_code 
    from
        addresses a1_0 
    where
        a1_0.user_id=?
2025-11-17 20:32:45 - All claims extracted successfully
2025-11-17 20:32:45 - Expiration date extracted successfully: Tue Nov 18 20:15:55 GMT-03:00 2025
2025-11-17 20:32:45 - Token expired status: false
2025-11-17 20:32:45 - Token validation successful for email: pepito@test.cl
2025-11-17 20:32:45 - Token validated successfully for user: pepito@test.cl
2025-11-17 20:32:45 - Authentication set in SecurityContextHolder for user: pepito@test.cl
2025-11-17 20:32:45 - Retrieving user with id: 7
2025-11-17 20:32:45 - Fetching user with ID: 7
2025-11-17 20:32:45 - 
    select
        u1_0.id,
        u1_0.created_at,
        u1_0.email,
        u1_0.name,
        u1_0.password,
        u1_0.phone,
        u1_0.photo,
        u1_0.role,
        u1_0.updated_at 
    from
        users u1_0 
    where
        u1_0.id=?
Hibernate: 
    select
        u1_0.id,
        u1_0.created_at,
        u1_0.email,
        u1_0.name,
        u1_0.password,
        u1_0.phone,
        u1_0.photo,
        u1_0.role,
        u1_0.updated_at 
    from
        users u1_0 
    where
        u1_0.id=?
2025-11-17 20:32:45 - User found: ana.silva@pethome.cl
2025-11-17 20:32:45 - User found: maria.gonzalez@pethome.cl
2025-11-17 20:32:45 - User found: ricardo.morales@pethome.cl
2025-11-17 20:32:45 - 
    select
        a1_0.user_id,
        a1_0.id,
        a1_0.city,
        a1_0.is_default,
        a1_0.latitude,
        a1_0.longitude,
        a1_0.neighborhood,
        a1_0.street,
        a1_0.zip_code 
    from
        addresses a1_0 
    where
        a1_0.user_id=?
Hibernate: 
    select
        a1_0.user_id,
        a1_0.id,
        a1_0.city,
        a1_0.is_default,
        a1_0.latitude,
        a1_0.longitude,
        a1_0.neighborhood,
        a1_0.street,
        a1_0.zip_code 
    from
        addresses a1_0 
    where
        a1_0.user_id=?
2025-11-17 20:32:45 - User found: carlos.rodriguez@pethome.cl
2025-11-17 20:32:45 - 
    select
        a1_0.user_id,
        a1_0.id,
        a1_0.city,
        a1_0.is_default,
        a1_0.latitude,
        a1_0.longitude,
        a1_0.neighborhood,
        a1_0.street,
        a1_0.zip_code 
    from
        addresses a1_0 
    where
        a1_0.user_id=?
Hibernate: 
    select
        a1_0.user_id,
        a1_0.id,
        a1_0.city,
        a1_0.is_default,
        a1_0.latitude,
        a1_0.longitude,
        a1_0.neighborhood,
        a1_0.street,
        a1_0.zip_code 
    from
        addresses a1_0 
    where
        a1_0.user_id=?
2025-11-17 20:32:45 - 
    select
        a1_0.user_id,
        a1_0.id,
        a1_0.city,
        a1_0.is_default,
        a1_0.latitude,
        a1_0.longitude,
        a1_0.neighborhood,
        a1_0.street,
        a1_0.zip_code 
    from
        addresses a1_0 
    where
        a1_0.user_id=?
Hibernate: 
    select
        a1_0.user_id,
        a1_0.id,
        a1_0.city,
        a1_0.is_default,
        a1_0.latitude,
        a1_0.longitude,
        a1_0.neighborhood,
        a1_0.street,
        a1_0.zip_code 
    from
        addresses a1_0 
    where
        a1_0.user_id=?
2025-11-17 20:32:45 - 
    select
        a1_0.user_id,
        a1_0.id,
        a1_0.city,
        a1_0.is_default,
        a1_0.latitude,
        a1_0.longitude,
        a1_0.neighborhood,
        a1_0.street,
        a1_0.zip_code 
    from
        addresses a1_0 
    where
        a1_0.user_id=?
Hibernate: 
    select
        a1_0.user_id,
        a1_0.id,
        a1_0.city,
        a1_0.is_default,
        a1_0.latitude,
        a1_0.longitude,
        a1_0.neighborhood,
        a1_0.street,
        a1_0.zip_code 
    from
        addresses a1_0 
    where
        a1_0.user_id=?
2025-11-17 20:32:45 - User retrieved successfully: 5
2025-11-17 20:32:45 - JWT token extracted from Authorization header
2025-11-17 20:32:45 - Extracting email from token
2025-11-17 20:32:45 - Extracting all claims from token
2025-11-17 20:32:45 - All claims extracted successfully
2025-11-17 20:32:45 - Email extracted successfully: pepito@test.cl
2025-11-17 20:32:45 - Extracted email from token: pepito@test.cl
2025-11-17 20:32:45 - Attempting to load user by email: pepito@test.cl
2025-11-17 20:32:45 - 
    select
        u1_0.id,
        u1_0.created_at,
        u1_0.email,
        u1_0.name,
        u1_0.password,
        u1_0.phone,
        u1_0.photo,
        u1_0.role,
        u1_0.updated_at 
    from
        users u1_0 
    where
        u1_0.email=?
Hibernate: 
    select
        u1_0.id,
        u1_0.created_at,
        u1_0.email,
        u1_0.name,
        u1_0.password,
        u1_0.phone,
        u1_0.photo,
        u1_0.role,
        u1_0.updated_at 
    from
        users u1_0 
    where
        u1_0.email=?
2025-11-17 20:32:46 - User retrieved successfully: 4
2025-11-17 20:32:46 - User retrieved successfully: 3
2025-11-17 20:32:46 - User retrieved successfully: 6
2025-11-17 20:32:46 - User retrieved successfully: 7
2025-11-17 20:32:46 - User found successfully with email: pepito@test.cl
2025-11-17 20:32:46 - Added authority: ROLE_CLIENT for user: pepito@test.cl
2025-11-17 20:32:46 - UserDetails created successfully for user: pepito@test.cl
2025-11-17 20:32:46 - Validating token for email: pepito@test.cl
2025-11-17 20:32:46 - Extracting email from token
2025-11-17 20:32:46 - Extracting all claims from token
2025-11-17 20:32:46 - All claims extracted successfully
2025-11-17 20:32:46 - Email extracted successfully: pepito@test.cl
2025-11-17 20:32:46 - Checking if token is expired
2025-11-17 20:32:46 - Extracting expiration date from token
2025-11-17 20:32:46 - Extracting all claims from token
2025-11-17 20:32:46 - All claims extracted successfully
2025-11-17 20:32:46 - Expiration date extracted successfully: Tue Nov 18 20:15:55 GMT-03:00 2025
2025-11-17 20:32:46 - Token expired status: false
2025-11-17 20:32:46 - Token validation successful for email: pepito@test.cl
2025-11-17 20:32:46 - Token validated successfully for user: pepito@test.cl
2025-11-17 20:32:46 - Authentication set in SecurityContextHolder for user: pepito@test.cl
2025-11-17 20:32:46 - Retrieving user with id: 9
2025-11-17 20:32:46 - Fetching user with ID: 9
2025-11-17 20:32:46 - 
    select
        u1_0.id,
        u1_0.created_at,
        u1_0.email,
        u1_0.name,
        u1_0.password,
        u1_0.phone,
        u1_0.photo,
        u1_0.role,
        u1_0.updated_at 
    from
        users u1_0 
    where
        u1_0.id=?
Hibernate: 
    select
        u1_0.id,
        u1_0.created_at,
        u1_0.email,
        u1_0.name,
        u1_0.password,
        u1_0.phone,
        u1_0.photo,
        u1_0.role,
        u1_0.updated_at 
    from
        users u1_0 
    where
        u1_0.id=?
2025-11-17 20:32:46 - User found: pepito@test.cl
2025-11-17 20:32:46 - 
    select
        a1_0.user_id,
        a1_0.id,
        a1_0.city,
        a1_0.is_default,
        a1_0.latitude,
        a1_0.longitude,
        a1_0.neighborhood,
        a1_0.street,
        a1_0.zip_code 
    from
        addresses a1_0 
    where
        a1_0.user_id=?
Hibernate: 
    select
        a1_0.user_id,
        a1_0.id,
        a1_0.city,
        a1_0.is_default,
        a1_0.latitude,
        a1_0.longitude,
        a1_0.neighborhood,
        a1_0.street,
        a1_0.zip_code 
    from
        addresses a1_0 
    where
        a1_0.user_id=?
2025-11-17 20:32:46 - JWT token extracted from Authorization header
2025-11-17 20:32:46 - Extracting email from token
2025-11-17 20:32:46 - Extracting all claims from token
2025-11-17 20:32:46 - JWT token extracted from Authorization header
2025-11-17 20:32:46 - Extracting email from token
2025-11-17 20:32:46 - Extracting all claims from token
2025-11-17 20:32:46 - JWT token extracted from Authorization header
2025-11-17 20:32:46 - Extracting email from token
2025-11-17 20:32:46 - Extracting all claims from token
2025-11-17 20:32:46 - JWT token extracted from Authorization header
2025-11-17 20:32:46 - Extracting email from token
2025-11-17 20:32:46 - Extracting all claims from token
2025-11-17 20:32:46 - All claims extracted successfully
2025-11-17 20:32:46 - Email extracted successfully: pepito@test.cl
2025-11-17 20:32:46 - Extracted email from token: pepito@test.cl
2025-11-17 20:32:46 - Attempting to load user by email: pepito@test.cl
2025-11-17 20:32:46 - All claims extracted successfully
2025-11-17 20:32:46 - Email extracted successfully: pepito@test.cl
2025-11-17 20:32:46 - Extracted email from token: pepito@test.cl
2025-11-17 20:32:46 - Attempting to load user by email: pepito@test.cl
2025-11-17 20:32:46 - All claims extracted successfully
2025-11-17 20:32:46 - Email extracted successfully: pepito@test.cl
2025-11-17 20:32:46 - Extracted email from token: pepito@test.cl
2025-11-17 20:32:46 - Attempting to load user by email: pepito@test.cl
2025-11-17 20:32:46 - JWT token extracted from Authorization header
2025-11-17 20:32:46 - 
    select
        u1_0.id,
        u1_0.created_at,
        u1_0.email,
        u1_0.name,
        u1_0.password,
        u1_0.phone,
        u1_0.photo,
        u1_0.role,
        u1_0.updated_at 
    from
        users u1_0 
    where
        u1_0.email=?
Hibernate: 
    select
        u1_0.id,
        u1_0.created_at,
        u1_0.email,
        u1_0.name,
        u1_0.password,
        u1_0.phone,
        u1_0.photo,
        u1_0.role,
        u1_0.updated_at 
    from
        users u1_0 
    where
        u1_0.email=?
2025-11-17 20:32:46 - Extracting email from token
2025-11-17 20:32:46 - Extracting all claims from token
2025-11-17 20:32:46 - 
    select
        u1_0.id,
        u1_0.created_at,
        u1_0.email,
        u1_0.name,
        u1_0.password,
        u1_0.phone,
        u1_0.photo,
        u1_0.role,
        u1_0.updated_at 
    from
        users u1_0 
    where
        u1_0.email=?
Hibernate: 
    select
        u1_0.id,
        u1_0.created_at,
        u1_0.email,
        u1_0.name,
        u1_0.password,
        u1_0.phone,
        u1_0.photo,
        u1_0.role,
        u1_0.updated_at 
    from
        users u1_0 
    where
        u1_0.email=?
2025-11-17 20:32:46 - All claims extracted successfully
2025-11-17 20:32:46 - Email extracted successfully: pepito@test.cl
2025-11-17 20:32:46 - Extracted email from token: pepito@test.cl
2025-11-17 20:32:46 - Attempting to load user by email: pepito@test.cl
2025-11-17 20:32:46 - 
    select
        u1_0.id,
        u1_0.created_at,
        u1_0.email,
        u1_0.name,
        u1_0.password,
        u1_0.phone,
        u1_0.photo,
        u1_0.role,
        u1_0.updated_at 
    from
        users u1_0 
    where
        u1_0.email=?
Hibernate: 
    select
        u1_0.id,
        u1_0.created_at,
        u1_0.email,
        u1_0.name,
        u1_0.password,
        u1_0.phone,
        u1_0.photo,
        u1_0.role,
        u1_0.updated_at 
    from
        users u1_0 
    where
        u1_0.email=?
2025-11-17 20:32:46 - 
    select
        u1_0.id,
        u1_0.created_at,
        u1_0.email,
        u1_0.name,
        u1_0.password,
        u1_0.phone,
        u1_0.photo,
        u1_0.role,
        u1_0.updated_at 
    from
        users u1_0 
    where
        u1_0.email=?
Hibernate: 
    select
        u1_0.id,
        u1_0.created_at,
        u1_0.email,
        u1_0.name,
        u1_0.password,
        u1_0.phone,
        u1_0.photo,
        u1_0.role,
        u1_0.updated_at 
    from
        users u1_0 
    where
        u1_0.email=?
2025-11-17 20:32:46 - All claims extracted successfully
2025-11-17 20:32:46 - Email extracted successfully: pepito@test.cl
2025-11-17 20:32:46 - Extracted email from token: pepito@test.cl
2025-11-17 20:32:46 - Attempting to load user by email: pepito@test.cl
2025-11-17 20:32:46 - 
    select
        u1_0.id,
        u1_0.created_at,
        u1_0.email,
        u1_0.name,
        u1_0.password,
        u1_0.phone,
        u1_0.photo,
        u1_0.role,
        u1_0.updated_at 
    from
        users u1_0 
    where
        u1_0.email=?
Hibernate: 
    select
        u1_0.id,
        u1_0.created_at,
        u1_0.email,
        u1_0.name,
        u1_0.password,
        u1_0.phone,
        u1_0.photo,
        u1_0.role,
        u1_0.updated_at 
    from
        users u1_0 
    where
        u1_0.email=?
2025-11-17 20:32:46 - User found successfully with email: pepito@test.cl
2025-11-17 20:32:46 - User found successfully with email: pepito@test.cl
2025-11-17 20:32:46 - Added authority: ROLE_CLIENT for user: pepito@test.cl
2025-11-17 20:32:46 - User found successfully with email: pepito@test.cl
2025-11-17 20:32:46 - UserDetails created successfully for user: pepito@test.cl
2025-11-17 20:32:46 - User found successfully with email: pepito@test.cl
2025-11-17 20:32:46 - Added authority: ROLE_CLIENT for user: pepito@test.cl
2025-11-17 20:32:46 - Added authority: ROLE_CLIENT for user: pepito@test.cl
2025-11-17 20:32:46 - UserDetails created successfully for user: pepito@test.cl
2025-11-17 20:32:46 - Validating token for email: pepito@test.cl
2025-11-17 20:32:46 - Extracting email from token
2025-11-17 20:32:46 - Extracting all claims from token
2025-11-17 20:32:46 - Validating token for email: pepito@test.cl
2025-11-17 20:32:46 - Extracting email from token
2025-11-17 20:32:46 - Added authority: ROLE_CLIENT for user: pepito@test.cl
2025-11-17 20:32:46 - UserDetails created successfully for user: pepito@test.cl
2025-11-17 20:32:46 - Extracting all claims from token
2025-11-17 20:32:46 - Validating token for email: pepito@test.cl
2025-11-17 20:32:46 - Extracting email from token
2025-11-17 20:32:46 - Extracting all claims from token
2025-11-17 20:32:46 - UserDetails created successfully for user: pepito@test.cl
2025-11-17 20:32:46 - Validating token for email: pepito@test.cl
2025-11-17 20:32:46 - Extracting email from token
2025-11-17 20:32:46 - Extracting all claims from token
2025-11-17 20:32:46 - All claims extracted successfully
2025-11-17 20:32:46 - All claims extracted successfully
2025-11-17 20:32:46 - Email extracted successfully: pepito@test.cl
2025-11-17 20:32:46 - Checking if token is expired
2025-11-17 20:32:46 - Extracting expiration date from token
2025-11-17 20:32:46 - Extracting all claims from token
2025-11-17 20:32:46 - Email extracted successfully: pepito@test.cl
2025-11-17 20:32:46 - Checking if token is expired
2025-11-17 20:32:46 - Extracting expiration date from token
2025-11-17 20:32:46 - Extracting all claims from token
2025-11-17 20:32:46 - All claims extracted successfully
2025-11-17 20:32:46 - Email extracted successfully: pepito@test.cl
2025-11-17 20:32:46 - Checking if token is expired
2025-11-17 20:32:46 - Extracting expiration date from token
2025-11-17 20:32:46 - Extracting all claims from token
2025-11-17 20:32:46 - All claims extracted successfully
2025-11-17 20:32:46 - Email extracted successfully: pepito@test.cl
2025-11-17 20:32:46 - Checking if token is expired
2025-11-17 20:32:46 - Extracting expiration date from token
2025-11-17 20:32:46 - Extracting all claims from token
2025-11-17 20:32:46 - All claims extracted successfully
2025-11-17 20:32:46 - Expiration date extracted successfully: Tue Nov 18 20:15:55 GMT-03:00 2025
2025-11-17 20:32:46 - Token expired status: false
2025-11-17 20:32:46 - Token validation successful for email: pepito@test.cl
2025-11-17 20:32:46 - Token validated successfully for user: pepito@test.cl
2025-11-17 20:32:46 - Authentication set in SecurityContextHolder for user: pepito@test.cl
2025-11-17 20:32:46 - All claims extracted successfully
2025-11-17 20:32:46 - Expiration date extracted successfully: Tue Nov 18 20:15:55 GMT-03:00 2025
2025-11-17 20:32:46 - Token expired status: false
2025-11-17 20:32:46 - Token validation successful for email: pepito@test.cl
2025-11-17 20:32:46 - Token validated successfully for user: pepito@test.cl
2025-11-17 20:32:46 - Authentication set in SecurityContextHolder for user: pepito@test.cl
2025-11-17 20:32:46 - All claims extracted successfully
2025-11-17 20:32:46 - Expiration date extracted successfully: Tue Nov 18 20:15:55 GMT-03:00 2025
2025-11-17 20:32:46 - Token expired status: false
2025-11-17 20:32:46 - Token validation successful for email: pepito@test.cl
2025-11-17 20:32:46 - Token validated successfully for user: pepito@test.cl
2025-11-17 20:32:46 - Authentication set in SecurityContextHolder for user: pepito@test.cl
2025-11-17 20:32:46 - All claims extracted successfully
2025-11-17 20:32:46 - Expiration date extracted successfully: Tue Nov 18 20:15:55 GMT-03:00 2025
2025-11-17 20:32:46 - Token expired status: false
2025-11-17 20:32:46 - Token validation successful for email: pepito@test.cl
2025-11-17 20:32:46 - Token validated successfully for user: pepito@test.cl
2025-11-17 20:32:46 - Authentication set in SecurityContextHolder for user: pepito@test.cl
2025-11-17 20:32:46 - Retrieving user with id: 3
2025-11-17 20:32:46 - Retrieving user with id: 6
2025-11-17 20:32:46 - Retrieving user with id: 4
2025-11-17 20:32:46 - Retrieving user with id: 7
2025-11-17 20:32:46 - Fetching user with ID: 7
2025-11-17 20:32:46 - Fetching user with ID: 3
2025-11-17 20:32:46 - Fetching user with ID: 6
2025-11-17 20:32:46 - Fetching user with ID: 4
2025-11-17 20:32:46 - 
    select
        u1_0.id,
        u1_0.created_at,
        u1_0.email,
        u1_0.name,
        u1_0.password,
        u1_0.phone,
        u1_0.photo,
        u1_0.role,
        u1_0.updated_at 
    from
        users u1_0 
    where
        u1_0.id=?
Hibernate: 
    select
        u1_0.id,
        u1_0.created_at,
        u1_0.email,
        u1_0.name,
        u1_0.password,
        u1_0.phone,
        u1_0.photo,
        u1_0.role,
        u1_0.updated_at 
    from
        users u1_0 
    where
        u1_0.id=?
2025-11-17 20:32:46 - 
    select
        u1_0.id,
        u1_0.created_at,
        u1_0.email,
        u1_0.name,
        u1_0.password,
        u1_0.phone,
        u1_0.photo,
        u1_0.role,
        u1_0.updated_at 
    from
        users u1_0 
    where
        u1_0.id=?
Hibernate: 
    select
        u1_0.id,
        u1_0.created_at,
        u1_0.email,
        u1_0.name,
        u1_0.password,
        u1_0.phone,
        u1_0.photo,
        u1_0.role,
        u1_0.updated_at 
    from
        users u1_0 
    where
        u1_0.id=?
2025-11-17 20:32:46 - 
    select
        u1_0.id,
        u1_0.created_at,
        u1_0.email,
        u1_0.name,
        u1_0.password,
        u1_0.phone,
        u1_0.photo,
        u1_0.role,
        u1_0.updated_at 
    from
        users u1_0 
    where
        u1_0.id=?
Hibernate: 
    select
        u1_0.id,
        u1_0.created_at,
        u1_0.email,
        u1_0.name,
        u1_0.password,
        u1_0.phone,
        u1_0.photo,
        u1_0.role,
        u1_0.updated_at 
    from
        users u1_0 
    where
        u1_0.id=?
2025-11-17 20:32:46 - 
    select
        u1_0.id,
        u1_0.created_at,
        u1_0.email,
        u1_0.name,
        u1_0.password,
        u1_0.phone,
        u1_0.photo,
        u1_0.role,
        u1_0.updated_at 
    from
        users u1_0 
    where
        u1_0.id=?
Hibernate: 
    select
        u1_0.id,
        u1_0.created_at,
        u1_0.email,
        u1_0.name,
        u1_0.password,
        u1_0.phone,
        u1_0.photo,
        u1_0.role,
        u1_0.updated_at 
    from
        users u1_0 
    where
        u1_0.id=?
2025-11-17 20:32:46 - User retrieved successfully: 9
2025-11-17 20:32:46 - User found successfully with email: pepito@test.cl
2025-11-17 20:32:46 - Added authority: ROLE_CLIENT for user: pepito@test.cl
2025-11-17 20:32:46 - UserDetails created successfully for user: pepito@test.cl
2025-11-17 20:32:46 - Validating token for email: pepito@test.cl
2025-11-17 20:32:46 - Extracting email from token
2025-11-17 20:32:46 - Extracting all claims from token
2025-11-17 20:32:46 - All claims extracted successfully
2025-11-17 20:32:46 - Email extracted successfully: pepito@test.cl
2025-11-17 20:32:46 - Checking if token is expired
2025-11-17 20:32:46 - Extracting expiration date from token
2025-11-17 20:32:46 - Extracting all claims from token
2025-11-17 20:32:46 - All claims extracted successfully
2025-11-17 20:32:46 - Expiration date extracted successfully: Tue Nov 18 20:15:55 GMT-03:00 2025
2025-11-17 20:32:46 - Token expired status: false
2025-11-17 20:32:46 - Token validation successful for email: pepito@test.cl
2025-11-17 20:32:46 - Token validated successfully for user: pepito@test.cl
2025-11-17 20:32:46 - Authentication set in SecurityContextHolder for user: pepito@test.cl
2025-11-17 20:32:46 - Retrieving user with id: 5
2025-11-17 20:32:46 - Fetching user with ID: 5
2025-11-17 20:32:46 - 
    select
        u1_0.id,
        u1_0.created_at,
        u1_0.email,
        u1_0.name,
        u1_0.password,
        u1_0.phone,
        u1_0.photo,
        u1_0.role,
        u1_0.updated_at 
    from
        users u1_0 
    where
        u1_0.id=?
Hibernate: 
    select
        u1_0.id,
        u1_0.created_at,
        u1_0.email,
        u1_0.name,
        u1_0.password,
        u1_0.phone,
        u1_0.photo,
        u1_0.role,
        u1_0.updated_at 
    from
        users u1_0 
    where
        u1_0.id=?
2025-11-17 20:32:46 - User found: carlos.rodriguez@pethome.cl
2025-11-17 20:32:46 - User found: ricardo.morales@pethome.cl
2025-11-17 20:32:46 - User found: maria.gonzalez@pethome.cl
2025-11-17 20:32:46 - 
    select
        a1_0.user_id,
        a1_0.id,
        a1_0.city,
        a1_0.is_default,
        a1_0.latitude,
        a1_0.longitude,
        a1_0.neighborhood,
        a1_0.street,
        a1_0.zip_code 
    from
        addresses a1_0 
    where
        a1_0.user_id=?
2025-11-17 20:32:46 - 
    select
        a1_0.user_id,
        a1_0.id,
        a1_0.city,
        a1_0.is_default,
        a1_0.latitude,
        a1_0.longitude,
        a1_0.neighborhood,
        a1_0.street,
        a1_0.zip_code 
    from
        addresses a1_0 
    where
        a1_0.user_id=?
Hibernate: 
    select
        a1_0.user_id,
        a1_0.id,
        a1_0.city,
        a1_0.is_default,
        a1_0.latitude,
        a1_0.longitude,
        a1_0.neighborhood,
        a1_0.street,
        a1_0.zip_code 
    from
        addresses a1_0 
    where
        a1_0.user_id=?
Hibernate: 
    select
        a1_0.user_id,
        a1_0.id,
        a1_0.city,
        a1_0.is_default,
        a1_0.latitude,
        a1_0.longitude,
        a1_0.neighborhood,
        a1_0.street,
        a1_0.zip_code 
    from
        addresses a1_0 
    where
        a1_0.user_id=?
2025-11-17 20:32:46 - 
    select
        a1_0.user_id,
        a1_0.id,
        a1_0.city,
        a1_0.is_default,
        a1_0.latitude,
        a1_0.longitude,
        a1_0.neighborhood,
        a1_0.street,
        a1_0.zip_code 
    from
        addresses a1_0 
    where
        a1_0.user_id=?
Hibernate: 
    select
        a1_0.user_id,
        a1_0.id,
        a1_0.city,
        a1_0.is_default,
        a1_0.latitude,
        a1_0.longitude,
        a1_0.neighborhood,
        a1_0.street,
        a1_0.zip_code 
    from
        addresses a1_0 
    where
        a1_0.user_id=?
2025-11-17 20:32:46 - User found: ana.silva@pethome.cl
2025-11-17 20:32:46 - 
    select
        a1_0.user_id,
        a1_0.id,
        a1_0.city,
        a1_0.is_default,
        a1_0.latitude,
        a1_0.longitude,
        a1_0.neighborhood,
        a1_0.street,
        a1_0.zip_code 
    from
        addresses a1_0 
    where
        a1_0.user_id=?
Hibernate: 
    select
        a1_0.user_id,
        a1_0.id,
        a1_0.city,
        a1_0.is_default,
        a1_0.latitude,
        a1_0.longitude,
        a1_0.neighborhood,
        a1_0.street,
        a1_0.zip_code 
    from
        addresses a1_0 
    where
        a1_0.user_id=?
2025-11-17 20:32:46 - User found: jorge.fernandez@pethome.cl
2025-11-17 20:32:46 - 
    select
        a1_0.user_id,
        a1_0.id,
        a1_0.city,
        a1_0.is_default,
        a1_0.latitude,
        a1_0.longitude,
        a1_0.neighborhood,
        a1_0.street,
        a1_0.zip_code 
    from
        addresses a1_0 
    where
        a1_0.user_id=?
Hibernate: 
    select
        a1_0.user_id,
        a1_0.id,
        a1_0.city,
        a1_0.is_default,
        a1_0.latitude,
        a1_0.longitude,
        a1_0.neighborhood,
        a1_0.street,
        a1_0.zip_code 
    from
        addresses a1_0 
    where
        a1_0.user_id=?
2025-11-17 20:32:46 - User retrieved successfully: 7
2025-11-17 20:32:46 - User retrieved successfully: 6
2025-11-17 20:32:46 - User retrieved successfully: 3
2025-11-17 20:32:46 - User retrieved successfully: 4
2025-11-17 20:32:46 - User retrieved successfully: 5
[INFO] ------------------------------------------------------------------------
[INFO] BUILD FAILURE
[INFO] ------------------------------------------------------------------------
[INFO] Total time:  53:33 min
[INFO] Finished at: 2025-11-17T20:35:25-03:00
[INFO] ------------------------------------------------------------------------
[ERROR] Failed to execute goal org.springframework.boot:spring-boot-maven-plugin:3.5.5:run (default-cli) on project pethome-user-service: Process terminated with exit code: 137 -> [Help 1]
[ERROR] 
[ERROR] To see the full stack trace of the errors, re-run Maven with the -e switch.
[ERROR] Re-run Maven using the -X switch to enable full debug logging.
[ERROR] 
[ERROR] For more information about the errors and possible solutions, please read the following articles:
[ERROR] [Help 1] http://cwiki.apache.org/confluence/display/MAVEN/MojoExecutionException
